pos	ref	alt	AltaiNeandertal	Vindija33.19	Denisova3
20000018	G	A	.	.	.
20000086	T	C	0	0	0
20000103	C	T	0	0	0
20000146	G	A	0	0	0
20000199	A	C	0	0	0
20000230	G	T	0	0	0
20000291	G	T	0	0	0
20000316	G	T	2	0	0
20000400	C	T	0	0	0
20000405	C	T	2	0	0
20000428	G	T	0	0	0
20000484	G	A	0	0	0
20000492	G	A	0	0	0
20000548	G	A	0	0	0
20000683	A	G	0	0	0
20000696	C	T	0	0	0
20000699	C	T	0	0	0
20000706	G	A	0	0	0
20000769	G	T	0	0	0
20000771	A	C	0	0	0
20000793	T	C	0	0	0
20000810	C	T	0	0	0
20000814	T	C	0	0	0
20000826	T	G	0	0	0
20000864	G	A	0	0	0
20000882	C	G	0	0	0
20000899	G	T	0	0	0
20000910	A	G	0	0	0
20000950	T	G	2	2	2
20000959	C	T	0	0	0
20000975	G	A	0	0	0
20001001	T	C	0	0	0
20001006	G	A	2	2	2
20001016	C	T	0	0	0
20001021	C	T	0	0	0
20001025	G	A	0	0	0
20001049	G	A	0	0	0
20001095	C	T	0	0	0
20001157	G	A	0	0	0
20001159	C	T	0	0	0
20001172	A	G	0	0	0
20001201	C	T	.	.	.
20001219	G	C	.	.	.
20001224	G	C	.	.	.
20001226	A	G	0	0	0
20001269	G	A	0	0	0
20001292	A	C	0	0	0
20001331	T	C	0	0	0
20001333	C	T	0	0	0
20001375	T	C	.	.	.
20001406	C	T	.	.	.
20001434	C	T	.	.	.
20001450	C	T	.	.	.
20001521	C	A	.	.	.
20001569	T	C	.	.	.
20001600	T	A	.	.	.
20001655	G	A	.	.	.
20001663	A	C	.	.	.
20001748	C	T	.	.	.
20001749	G	A	.	.	.
20001754	A	G	.	.	.
20001759	C	T	.	.	.
20001822	A	G	.	.	.
20001839	T	A	.	.	.
20001863	G	A	.	.	.
20001879	G	A	.	.	.
20001928	G	A	.	.	.
20001949	C	T	.	.	.
20001982	T	G	.	.	.
20002011	C	T	.	.	.
20002014	G	A	.	.	.
20002033	T	C	0	0	0
20002123	T	G	0	0	0
20002207	G	A	0	0	0
20002231	C	T	0	2	0
20002241	G	T	0	0	0
20002274	A	G	0	0	0
20002360	G	C	0	0	0
20002361	C	A	0	0	0
20002454	C	T	0	0	0
20002473	G	A	.	.	.
20002485	G	A	.	.	.
20002494	G	A	.	.	.
20002521	G	C	0	0	0
20002540	G	A	0	0	0
20002589	G	A	0	0	0
20002642	G	A	0	0	0
20002676	G	A	0	0	0
20002694	G	T	0	0	0
20002774	G	A	0	0	0
20002791	G	C	0	0	0
20002834	T	C	0	0	0
20002847	G	A	0	0	0
20002848	G	T	0	0	0
20002899	G	A	0	0	0
20002970	C	T	.	.	.
20003059	C	T	0	0	0
20003125	A	G	0	0	0
20003150	G	C	.	.	.
20003152	C	T	.	.	.
20003211	C	T	0	0	0
20003214	C	T	0	0	0
20003223	G	A	0	0	0
20003266	C	G	.	.	.
20003321	A	T	0	0	0
20003334	G	A	0	0	0
20003381	G	A	0	0	0
20003406	G	A	0	0	0
20003487	G	C	0	0	0
20003540	G	A	0	0	0
20003632	G	C	0	0	0
20003675	C	A	0	0	0
20003705	C	T	0	0	0
20003709	T	G	0	0	0
20003731	C	T	2	2	2
20003785	T	C	0	0	0
20003786	G	A	0	0	0
20003831	C	T	0	0	0
20003833	G	C	0	0	0
20003836	G	C	0	0	0
20003874	C	A	0	0	0
20003906	A	C	0	0	0
20004041	G	A	0	0	0
20004100	G	A	0	0	0
20004163	C	A	0	1	0
20004221	C	T	0	0	0
20004257	G	T	0	0	0
20004286	A	T	0	0	0
20004311	C	T	0	0	0
20004312	G	A	0	0	0
20004340	C	A	0	0	0
20004351	C	T	0	0	0
20004354	A	C	0	0	0
20004357	G	C	0	0	0
20004372	A	C	0	0	0
20004397	C	A	0	0	0
20004430	G	T	0	0	0
20004431	C	T	0	0	0
20004438	A	T	0	0	0
20004478	C	T	0	0	0
20004527	G	T	0	0	0
20004559	T	A	0	0	0
20004570	G	A	0	0	0
20004574	G	A	0	0	0
20004617	C	T	0	0	0
20004639	G	A	0	0	0
20004702	C	T	0	0	2
20004703	T	C	0	0	0
20004704	C	T	0	0	0
20004766	C	T	0	0	0
20004794	G	T	0	0	0
20004804	A	C	0	0	0
20004806	A	T	0	0	0
20004822	A	G	0	0	0
20004854	A	G	0	0	0
20004916	C	T	0	0	0
20004922	C	T	0	0	0
20004937	C	G	0	0	0
20005019	C	G	0	0	0
20005048	G	T	.	.	.
20005049	C	T	.	.	.
20005070	C	G	.	.	.
20005078	G	C	0	0	0
20005079	C	T	0	0	0
20005130	C	T	0	0	0
20005191	C	T	0	0	0
20005219	T	C	0	0	0
20005258	G	T	0	0	0
20005259	C	T	0	0	0
20005289	C	A	0	0	0
20005311	C	T	.	.	.
20005329	G	C	.	.	.
20005335	A	T	0	0	0
20005392	T	C	0	0	0
20005406	G	C	0	0	0
20005423	A	G	0	0	2
20005455	A	C	0	0	0
20005647	C	G	0	0	0
20005697	G	T	0	0	0
20005709	C	A	0	0	0
20005738	G	A	0	0	0
20005778	A	C	0	0	0
20005809	A	G	0	0	0
20005833	T	C	0	0	0
20005835	G	A	0	0	0
20005849	C	T	0	0	0
20005857	C	T	0	0	0
20005943	C	G	0	0	0
20005944	G	A	0	0	2
20005992	T	C	0	0	0
20005999	G	T	0	0	0
20006000	C	T	0	0	0
20006009	C	T	0	0	0
20006040	C	T	0	0	0
20006128	G	A	0	0	0
20006144	T	C	2	2	2
20006152	C	A	0	0	0
20006194	C	T	0	0	0
20006206	T	A	0	0	0
20006225	G	A	0	0	0
20006239	A	G	0	0	0
20006264	G	A	0	0	0
20006302	T	C	2	0	0
20006328	C	T	.	.	.
20006354	G	C	.	.	.
20006470	T	A	.	.	.
20006534	G	A	.	.	.
20006539	G	A	.	.	.
20006548	A	G	.	.	.
20006550	T	C	.	.	.
20006558	A	G	.	.	.
20006568	C	T	.	.	.
20006574	G	A	.	.	.
20006702	A	G	0	0	0
20006711	C	T	0	0	0
20006712	G	A	0	2	0
20006780	T	A	0	0	0
20006863	T	C	0	0	0
20006871	A	G	0	0	0
20006887	C	A	0	0	2
20006924	C	A	0	0	0
20006992	A	C	2	2	2
20007049	G	A	0	0	0
20007141	C	T	0	0	0
20007167	G	A	0	0	0
20007219	C	T	0	0	0
20007221	C	G	0	0	0
20007250	C	T	0	0	0
20007256	C	G	0	0	0
20007264	C	T	0	0	0
20007379	C	G	0	0	0
20007392	C	T	0	0	0
20007398	G	A	0	0	0
20007431	T	C	0	0	0
20007494	C	T	0	0	0
20007500	C	G	0	0	0
20007592	C	T	0	0	0
20007599	G	A	0	0	0
20007605	A	G	0	0	0
20007619	C	T	0	0	0
20007646	T	A	0	0	0
20007669	A	G	0	0	0
20007711	T	C	0	0	0
20007863	A	G	0	0	0
20007874	C	G	0	0	0
20007896	C	T	0	0	0
20007970	C	G	0	0	0
20008024	G	T	.	.	.
20008033	G	C	.	.	.
20008036	G	A	.	.	.
20008045	G	C	0	0	0
20008093	G	A	0	0	0
20008135	G	C	0	0	0
20008146	A	T	0	0	0
20008173	G	C	0	0	0
20008228	G	A	0	0	0
20008354	C	T	0	0	0
20008402	G	A	0	0	0
20008432	C	G	0	0	0
20008441	C	G	0	0	0
20008481	T	A	0	0	0
20008488	C	T	0	0	0
20008529	C	G	0	0	0
20008553	G	A	0	0	0
20008558	G	A	0	0	0
20008662	G	C	0	0	0
20008683	C	T	0	0	0
20008711	G	T	0	0	0
20008744	C	T	0	0	0
20008790	T	G	0	0	0
20008835	T	C	0	0	0
20008888	C	T	0	0	0
20008912	G	T	0	0	0
20008958	C	T	0	0	0
20008985	C	T	0	0	0
20009009	C	G	0	0	0
20009074	T	C	0	0	0
20009078	C	T	0	0	0
20009104	C	G	0	0	0
20009120	A	G	0	0	0
20009139	A	G	0	0	0
20009334	G	A	0	0	0
20009337	T	C	0	0	0
20009378	C	T	0	0	0
20009464	T	G	0	0	0
20009503	C	A	0	0	0
20009505	G	C	0	0	0
20009507	T	C	0	0	0
20009603	A	G	0	0	0
20009606	G	T	0	0	0
20009679	G	T	0	0	0
20009830	C	T	0	0	0
20009833	C	T	0	0	0
20009881	G	T	0	0	0
20009889	C	T	0	0	0
20009902	G	C	0	0	0
20009920	T	G	0	0	0
20009928	T	C	0	0	0
20009960	C	A	0	0	0
20009963	C	T	0	0	0
20009977	C	T	0	0	0
20010157	C	T	0	0	0
20010158	G	A	0	0	0
20010179	C	T	0	0	0
20010180	G	A	0	0	0
20010211	C	T	0	0	0
20010220	C	T	0	0	0
20010221	G	A	0	0	0
20010227	C	T	0	0	0
20010248	C	T	0	0	0
20010262	G	T	0	0	0
20010312	C	T	0	0	0
20010313	C	A	0	0	0
20010377	G	A	0	0	0
20010388	C	T	0	0	0
20010434	C	T	0	0	0
20010511	G	C	0	0	0
20010554	C	G	0	0	0
20010635	C	T	0	0	0
20010672	G	A	0	0	0
20010730	A	G	2	2	2
20010752	C	T	0	0	0
20010755	T	C	0	0	0
20010799	G	A	.	.	.
20010819	T	C	.	.	.
20010825	T	A	.	.	.
20010827	T	A	.	.	.
20010850	G	A	0	0	0
20010858	C	T	0	0	0
20010859	G	A	0	0	0
20010864	G	A	0	0	0
20010877	C	A	0	0	0
20010923	G	A	0	0	0
20010973	G	A	0	0	0
20011003	A	G	0	0	0
20011024	G	C	0	0	0
20011039	C	T	0	0	0
20011073	A	T	0	0	0
20011106	G	A	.	.	.
20011120	G	A	.	.	.
20011144	G	A	.	.	.
20011148	C	T	.	.	.
20011159	C	T	.	.	.
20011194	G	A	.	.	.
20011195	G	A	.	.	.
20011207	C	T	.	.	.
20011214	A	G	.	.	.
20011313	A	G	.	.	.
20011318	T	G	.	.	.
20011335	C	T	.	.	.
20011367	C	T	.	.	.
20011428	G	A	.	.	.
20011432	C	T	.	.	.
20011452	C	A	.	.	.
20011471	G	A	.	.	.
20011474	A	G	.	.	.
20011478	G	A	.	.	.
20011528	A	C	.	.	.
20011531	C	T	.	.	.
20011583	G	T	.	.	.
20011602	C	T	.	.	.
20011608	G	C	.	.	.
20011641	C	T	.	.	.
20011642	G	A	.	.	.
20011763	A	G	0	0	0
20011768	A	G	0	0	0
20011830	A	G	0	0	0
20011837	T	C	0	0	0
20011886	C	T	0	0	0
20011952	G	A	0	0	0
20011985	A	G	0	0	0
20011988	C	A	0	0	0
20011989	G	A	2	2	2
20011996	C	T	0	0	0
20012018	C	A	0	0	0
20012022	C	T	0	0	0
20012064	C	T	0	0	0
20012107	C	T	0	0	0
20012116	G	T	0	0	0
20012119	G	A	0	0	0
20012286	A	G	2	2	2
20012342	C	T	0	0	0
20012365	C	T	0	0	0
20012390	G	A	0	0	0
20012403	G	A	0	0	0
20012440	T	A	0	0	0
20012545	C	A	0	0	0
20012590	C	T	.	.	.
20012591	G	A	.	.	.
20012636	G	A	.	.	.
20012644	G	A	.	.	.
20012683	C	T	.	.	.
20012684	G	A	.	.	.
20012741	G	A	.	.	.
20012756	C	T	.	.	.
20012864	C	T	.	.	.
20012889	T	C	.	.	.
20012893	G	A	.	.	.
20012912	G	A	.	.	.
20012932	A	G	0	0	0
20012956	C	T	0	0	0
20012957	G	A	0	0	0
20012962	G	A	0	0	0
20012968	T	C	2	2	2
20012977	G	A	0	0	0
20012991	T	C	0	0	0
20012999	G	A	0	0	0
20013014	A	G	0	0	0
20013073	T	A	0	0	0
20013126	G	C	0	0	0
20013186	A	G	0	0	0
20013202	C	T	0	0	0
20013206	C	G	0	0	0
20013221	C	T	0	0	0
20013222	A	G	2	2	2
20013248	T	A	0	0	0
20013289	G	A	0	0	0
20013301	A	G	0	0	0
20013396	G	A	0	0	1
20013420	T	G	0	0	0
20013485	A	G	0	0	0
20013493	A	G	0	0	0
20013603	C	A	0	0	0
20013648	C	G	.	.	.
20013660	C	T	.	.	.
20013682	G	T	.	.	.
20013693	C	T	.	.	.
20013702	C	A	.	.	.
20013708	G	A	.	.	.
20013710	C	T	.	.	.
20013752	C	G	.	.	.
20013775	G	A	.	.	.
20013777	C	T	.	.	.
20013791	C	T	.	.	.
20013792	G	A	.	.	.
20013803	G	C	.	.	.
20013811	C	T	.	.	.
20013813	T	C	.	.	.
20013845	C	A	.	.	.
20013857	G	A	.	.	.
20013876	G	A	.	.	.
20013877	C	T	.	.	.
20013911	A	C	.	.	.
20013959	A	G	0	0	0
20014027	C	A	0	0	0
20014032	G	C	0	0	0
20014035	C	T	0	0	0
20014042	G	A	0	0	0
20014061	A	G	0	0	0
20014068	G	A	0	0	0
20014091	C	G	0	0	0
20014117	G	A	0	0	0
20014152	A	G	0	0	0
20014198	A	G	0	0	0
20014254	G	A	0	0	0
20014272	A	T	0	0	0
20014283	C	A	0	0	0
20014294	C	G	0	0	0
20014329	G	A	0	0	0
20014370	C	T	0	0	0
20014383	A	G	0	0	0
20014404	T	C	2	2	2
20014435	C	T	0	0	0
20014436	G	A	0	0	0
20014473	T	C	2	2	2
20014490	G	A	.	.	.
20014496	G	A	.	.	.
20014507	A	T	.	.	.
20014522	A	C	.	.	.
20014527	C	G	.	.	.
20014532	G	A	.	.	.
20014547	A	G	.	.	.
20014565	G	A	.	.	.
20014586	A	G	.	.	.
20014588	G	A	.	.	.
20014611	G	A	.	.	.
20014613	A	G	.	.	.
20014639	C	T	.	.	.
20014702	C	G	.	.	.
20014725	G	A	.	.	.
20014730	G	C	.	.	.
20014767	C	T	.	.	.
20014778	A	G	.	.	.
20014825	C	T	.	.	.
20014865	C	T	0	0	0
20014906	C	T	0	0	0
20014918	C	G	0	0	0
20014942	G	A	0	0	0
20014974	A	G	0	0	0
20015016	C	T	0	0	0
20015027	G	T	0	0	0
20015029	C	A	0	0	0
20015036	G	A	0	0	0
20015116	C	G	.	.	.
20015119	G	A	.	.	.
20015125	G	A	.	.	.
20015150	A	T	0	0	0
20015164	C	T	.	.	.
20015197	C	T	.	.	.
20015228	T	C	.	.	.
20015229	C	T	.	.	.
20015230	G	A	.	.	.
20015291	C	T	.	.	.
20015391	G	A	.	.	.
20015397	C	T	.	.	.
20015407	C	T	.	.	.
20015413	C	T	.	.	.
20015438	C	T	.	.	.
20015442	C	T	.	.	.
20015510	C	G	.	.	.
20015511	C	T	.	.	.
20015615	C	A	.	.	.
20015733	C	T	.	.	.
20015741	C	T	.	.	.
20015791	C	T	.	.	.
20015829	G	A	0	0	0
20015859	A	G	.	.	.
20015871	C	A	.	.	.
20015974	T	C	2	2	2
20016002	C	T	0	0	0
20016012	A	G	0	0	0
20016020	T	C	0	0	0
20016037	C	A	0	0	0
20016050	C	T	0	0	0
20016054	G	A	0	0	0
20016063	G	A	0	0	0
20016154	C	A	0	0	0
20016173	T	G	0	0	0
20016204	G	A	0	0	0
20016213	C	G	0	0	0
20016254	A	G	0	0	0
20016298	C	T	0	0	0
20016299	A	C	0	0	0
20016302	A	C	0	0	0
20016308	G	T	0	0	0
20016319	C	G	0	0	0
20016382	C	G	0	0	0
20016392	C	T	0	0	0
20016406	C	G	0	0	0
20016431	C	G	0	0	0
20016492	G	A	0	0	0
20016524	G	T	0	0	0
20016539	G	A	0	0	0
20016592	G	A	0	0	0
20016611	C	G	.	.	.
20016615	T	C	.	.	.
20016672	C	T	0	0	0
20016695	T	C	0	0	0
20016699	C	T	0	0	0
20016702	G	A	0	0	0
20016722	C	T	0	0	0
20016737	G	T	0	0	0
20016779	G	A	0	0	0
20016809	A	G	0	0	0
20016816	G	A	0	0	0
20016819	C	T	0	0	0
20016829	G	A	0	0	0
20016892	C	T	0	0	0
20016908	C	T	0	0	0
20016930	A	G	0	0	0
20016971	G	A	0	0	0
20017043	G	A	0	0	0
20017059	C	T	0	0	0
20017090	T	C	0	0	0
20017093	C	G	0	0	0
20017097	T	C	0	0	0
20017119	G	A	.	.	.
20017149	G	A	.	.	.
20017156	C	T	0	0	0
20017170	C	T	0	0	0
20017221	C	T	0	0	0
20017236	C	T	0	0	0
20017268	A	G	2	2	2
20017290	T	C	0	0	0
20017322	G	T	0	0	0
20017350	G	C	0	0	0
20017371	G	A	0	0	0
20017435	C	T	0	0	0
20017436	G	A	0	0	0
20017445	T	C	2	2	2
20017507	C	T	0	0	0
20017526	C	T	0	0	0
20017537	C	T	0	0	0
20017553	G	A	2	2	2
20017571	C	T	0	0	0
20017590	A	T	0	0	0
20017645	A	G	.	.	.
20017759	C	T	.	.	.
20017760	G	A	.	.	.
20017919	G	A	.	.	.
20018001	C	A	.	.	.
20018014	C	T	.	.	.
20018030	C	T	.	.	.
20018090	G	A	.	.	.
20018103	C	T	.	.	.
20018123	C	T	.	.	.
20018137	G	T	.	.	.
20018258	G	T	.	.	.
20018263	C	T	.	.	.
20018316	A	G	0	0	0
20018330	A	G	0	0	0
20018338	A	G	0	0	0
20018405	T	C	.	.	.
20018446	G	A	.	.	.
20018447	G	A	.	.	.
20018464	T	C	.	.	.
20018512	G	A	.	.	.
20018546	C	T	.	.	.
20018551	T	C	.	.	.
20018592	G	A	.	.	.
20018593	C	T	.	.	.
20018595	C	T	.	.	.
20018624	G	A	.	.	.
20018635	C	T	.	.	.
20018692	G	A	.	.	.
20018707	C	T	.	.	.
20018708	G	A	.	.	.
20018786	G	T	.	.	.
20018831	A	G	.	.	.
20018837	A	G	.	.	.
20018840	C	T	.	.	.
20018866	G	C	0	0	0
20018881	C	T	0	0	0
20018933	C	A	0	0	0
20018978	C	T	0	0	0
20019038	C	T	0	0	0
20019055	C	T	0	0	0
20019056	G	A	0	0	0
20019175	C	T	0	0	0
20019178	C	T	0	0	0
20019295	G	A	0	0	0
20019327	G	A	0	0	0
20019339	A	T	0	0	0
20019393	G	A	0	0	0
20019394	G	C	0	0	0
20019448	C	T	0	0	0
20019461	G	A	0	0	0
20019603	A	G	0	0	0
20019675	G	A	0	0	0
20019696	G	A	0	0	0
20019701	C	G	0	0	0
20019711	C	T	0	0	0
20019749	C	T	0	0	0
20019751	G	A	0	0	0
20019768	A	G	2	2	2
20019781	A	G	0	0	0
20019791	C	T	0	0	0
20019795	T	C	0	0	0
20019850	G	T	0	0	0
20019859	C	G	0	0	0
20019887	C	T	0	0	0
20019888	G	A	0	0	0
20019894	C	T	0	0	0
20019917	C	T	0	0	0
20019931	G	T	0	0	0
20020006	C	A	0	0	0
20020025	C	T	0	0	0
20020071	G	T	0	0	0
20020073	A	G	2	2	2
20020118	G	A	0	0	0
20020150	C	G	0	0	0
20020164	G	C	0	0	0
20020186	C	T	0	0	0
20020204	C	A	0	0	0
20020229	C	T	0	0	0
20020232	G	C	0	0	0
20020273	T	A	0	0	0
20020377	C	T	0	0	0
20020383	G	C	0	0	0
20020409	A	G	0	0	0
20020502	G	A	0	0	0
20020542	C	T	0	0	0
20020551	C	G	0	0	0
20020571	A	G	0	0	0
20020589	C	T	0	0	0
20020596	G	A	0	0	0
20020637	G	A	0	0	0
20020733	C	T	0	0	0
20020750	G	A	0	0	0
20020761	G	T	0	0	0
20020768	C	G	0	0	0
20020781	T	A	0	0	0
20020783	C	T	0	0	0
20020794	C	G	0	0	0
20020847	C	T	0	0	0
20020883	T	C	0	0	0
20020889	T	C	0	0	0
20020935	G	A	0	0	0
20020960	C	T	0	0	0
20020986	C	T	0	0	0
20021008	T	C	0	0	0
20021013	G	A	0	0	0
20021030	C	T	0	0	0
20021060	C	T	0	0	0
20021134	G	A	0	0	0
20021148	G	T	0	0	0
20021181	C	T	0	0	0
20021230	C	T	0	0	0
20021247	C	T	0	0	0
20021292	C	G	0	0	0
20021306	C	T	0	0	0
20021307	G	A	0	0	0
20021330	C	T	0	0	0
20021334	C	T	0	0	0
20021349	T	A	0	0	0
20021358	G	A	0	0	0
20021366	T	C	0	0	0
20021452	G	A	.	.	.
20021479	A	G	.	.	.
20021495	G	A	.	.	.
20021504	G	T	.	.	.
20021506	A	G	.	.	.
20021534	G	T	.	.	.
20021571	A	G	.	.	.
20021597	G	T	.	.	.
20021652	C	T	.	.	.
20021660	G	A	.	.	.
20021696	T	G	2	2	2
20021732	A	C	.	.	.
20021738	A	C	.	.	.
20021763	A	G	0	0	0
20021863	C	T	0	0	0
20021938	G	T	0	0	0
20021965	C	T	0	0	0
20021976	A	G	0	0	0
20021985	G	A	0	0	0
20021987	A	G	0	0	0
20022038	C	T	0	0	0
20022094	G	A	0	0	0
20022146	C	T	0	0	0
20022169	C	T	0	0	0
20022198	G	T	0	0	0
20022212	C	T	0	0	0
20022258	G	T	0	0	0
20022261	G	A	0	0	0
20022283	C	T	0	0	0
20022296	G	A	0	0	0
20022353	T	C	0	0	0
20022395	G	A	0	0	0
20022467	G	A	0	0	0
20022498	C	G	2	2	2
20022502	T	C	0	0	0
20022521	G	A	0	0	0
20022540	G	A	0	0	0
20022644	A	G	0	0	0
20022649	G	C	0	0	0
20022668	A	C	0	0	0
20022670	C	T	0	0	0
20022695	C	T	0	0	0
20022711	G	A	0	0	0
20022746	C	T	0	0	0
20022766	G	A	0	0	0
20022769	C	T	0	0	0
20022771	G	C	0	0	0
20022801	G	A	0	0	0
20022827	C	T	0	0	0
20022840	C	T	0	0	0
20022870	A	T	0	0	0
20022917	A	G	0	0	0
20022954	G	A	0	0	0
20022978	G	A	0	0	0
20022979	C	T	0	0	0
20023006	C	T	0	0	0
20023010	G	C	0	0	0
20023018	C	T	0	0	0
20023087	C	T	2	2	2
20023099	G	A	0	0	0
20023263	C	T	0	0	0
20023301	G	A	0	0	0
20023303	T	G	2	2	2
20023337	G	T	0	0	0
20023341	G	A	0	0	0
20023360	T	C	.	.	.
20023438	C	T	.	.	.
20023444	C	T	.	.	.
20023447	C	T	0	0	0
20023454	G	A	0	0	0
20023481	C	T	0	0	0
20023491	C	T	0	0	0
20023492	G	A	0	0	0
20023545	A	C	.	.	.
20023546	C	T	.	.	.
20023591	T	A	.	.	.
20023603	C	T	0	0	0
20023660	C	A	.	.	.
20023684	G	A	.	.	.
20023690	A	C	.	.	.
20023712	C	T	.	.	.
20023714	C	G	.	.	.
20023729	G	A	.	.	.
20023731	C	T	.	.	.
20023737	G	A	0	0	0
20023798	G	A	.	.	.
20023815	C	T	.	.	.
20023816	G	A	.	.	.
20023841	G	C	.	.	.
20023869	A	G	.	.	.
20023876	C	T	.	.	.
20023901	G	A	0	0	0
20023960	C	T	.	.	.
20023975	G	A	0	0	0
20024020	C	G	0	0	0
20024023	C	T	0	0	0
20024066	G	A	0	0	0
20024103	C	T	0	0	0
20024123	G	A	0	0	0
20024133	G	A	0	0	0
20024158	C	G	0	0	0
20024174	A	G	2	2	2
20024178	C	T	0	0	0
20024187	C	T	0	0	0
20024221	G	T	0	0	0
20024224	C	T	0	0	0
20024252	C	T	0	0	0
20024308	C	T	0	0	0
20024318	C	T	0	0	0
20024404	C	T	0	0	0
20024408	C	T	0	0	0
20024417	C	T	0	0	0
20024438	C	T	0	0	0
20024473	T	G	0	0	0
20024498	C	G	0	0	0
20024525	C	T	0	0	0
20024555	C	T	0	0	0
20024586	C	T	0	0	0
20024587	G	A	0	0	0
20024596	C	G	0	0	0
20024604	G	A	0	0	0
20024629	G	A	0	0	0
20024632	T	G	0	0	0
20024661	A	T	0	0	0
20024694	G	A	0	0	0
20024728	G	T	0	0	0
20024766	C	T	0	0	0
20024767	G	A	0	0	0
20024804	G	C	0	0	0
20024826	G	A	0	0	0
20024835	A	G	0	0	0
20024846	G	A	0	0	0
20024850	A	G	0	0	0
20024897	C	G	0	0	0
20024901	C	T	0	0	0
20024955	G	T	0	0	0
20025010	C	T	0	0	0
20025098	A	G	2	0	0
20025150	G	C	0	0	0
20025197	G	T	0	0	0
20025254	A	G	0	0	0
20025275	A	G	0	0	0
20025284	G	A	0	0	0
20025307	G	A	0	0	0
20025311	G	T	0	0	0
20025330	G	A	0	0	0
20025342	C	T	.	.	.
20025396	G	A	.	.	.
20025417	C	G	.	.	.
20025429	G	A	.	.	.
20025430	A	C	.	.	.
20025464	T	C	.	.	.
20025485	G	A	.	.	.
20025569	G	A	.	.	.
20025605	G	T	.	.	.
20025652	C	T	.	.	.
20025684	A	T	0	0	0
20025734	G	C	0	0	0
20025767	C	T	0	0	0
20025795	A	G	0	0	0
20025810	A	T	0	0	0
20025853	G	A	0	0	0
20025854	G	A	0	0	0
20025951	C	T	0	0	0
20025989	G	C	0	0	0
20026042	T	C	0	0	0
20026074	C	G	0	0	0
20026102	G	A	0	0	0
20026103	C	T	0	0	0
20026104	G	A	0	0	0
20026151	C	T	0	0	0
20026207	G	A	0	0	0
20026217	C	T	0	0	0
20026229	G	A	0	0	0
20026231	A	G	0	0	0
20026244	C	A	0	0	0
20026245	T	C	0	0	0
20026458	T	A	.	.	.
20026525	A	G	.	.	.
20026550	A	G	.	.	.
20026555	G	T	.	.	.
20026556	C	G	.	.	.
20026558	G	A	.	.	.
20026567	G	A	0	0	0
20026617	C	T	.	.	.
20026629	T	C	.	.	.
20026677	G	A	.	.	.
20026715	C	T	.	.	.
20026721	T	C	.	.	.
20026752	C	T	.	.	.
20026758	C	T	.	.	.
20026787	A	G	0	0	0
20026792	G	A	0	0	0
20026854	A	G	0	0	0
20026873	C	T	.	.	.
20026874	G	A	.	.	.
20026889	C	T	.	.	.
20026890	G	A	.	.	.
20026917	T	C	.	.	.
20027046	G	T	.	.	.
20027047	G	A	.	.	.
20027109	G	A	.	.	.
20027128	G	C	.	.	.
20027134	A	G	.	.	.
20027170	A	G	.	.	.
20027180	G	T	0	0	0
20027182	C	A	0	0	0
20027227	G	A	0	0	0
20027263	T	G	0	0	0
20027270	G	A	0	0	0
20027305	G	T	0	0	0
20027322	C	T	0	0	0
20027345	C	G	.	.	.
20027363	C	G	.	.	.
20027365	C	T	.	.	.
20027378	T	C	.	.	.
20027387	G	A	.	.	.
20027394	T	C	.	.	.
20027424	C	T	0	0	0
20027457	A	C	0	0	0
20027499	G	A	0	0	0
20027529	C	T	0	0	0
20027536	G	T	0	0	0
20027539	G	A	0	0	0
20027558	C	T	0	0	0
20027604	T	C	0	1	0
20027634	G	C	0	0	0
20027754	A	G	0	0	0
20027823	C	G	0	0	0
20027824	T	G	0	0	0
20027927	G	A	0	0	0
20027943	G	C	0	0	0
20027985	G	A	0	0	0
20027990	C	A	0	0	0
20028042	T	A	0	0	0
20028058	A	G	0	0	0
20028069	C	T	0	0	0
20028120	C	T	0	0	0
20028134	G	T	0	0	0
20028161	C	A	0	0	0
20028166	G	T	0	0	0
20028267	C	G	.	.	.
20028271	T	C	.	.	.
20028274	C	T	.	.	.
20028277	C	A	.	.	.
20028290	G	A	.	.	.
20028299	C	T	0	0	0
20028340	G	C	0	0	0
20028411	C	T	0	0	1
20028454	T	C	0	0	0
20028466	C	T	0	0	0
20028505	T	C	0	0	0
20028514	C	T	0	0	0
20028528	G	T	0	0	0
20028541	C	A	2	2	1
20028580	A	C	.	.	.
20028612	G	A	.	.	.
20028630	G	A	0	0	0
20028654	A	G	.	.	.
20028663	G	A	.	.	.
20028664	C	T	.	.	.
20028674	G	A	.	.	.
20028726	G	A	.	.	.
20028732	C	T	.	.	.
20028905	G	A	.	.	.
20028917	A	G	.	.	.
20028928	C	A	.	.	.
20028961	G	A	.	.	.
20029070	C	T	.	.	.
20029071	G	A	.	.	.
20029083	C	T	.	.	.
20029096	A	G	.	.	.
20029131	G	A	.	.	.
20029158	A	T	.	.	.
20029201	C	T	.	.	.
20029204	C	T	.	.	.
20029220	C	T	.	.	.
20029259	G	A	.	.	.
20029260	T	C	.	.	.
20029393	G	A	0	0	0
20029460	T	C	0	0	0
20029479	A	G	0	0	0
20029533	G	T	0	0	0
20029539	C	G	.	.	.
20029576	T	G	.	.	.
20029622	A	G	.	.	.
20029656	C	T	.	.	.
20029671	A	G	.	.	.
20029676	T	G	.	.	.
20029697	T	C	.	.	.
20029843	G	A	0	0	0
20029878	T	C	2	2	2
20029945	A	G	0	0	0
20029954	C	T	0	0	0
20029968	A	G	0	0	0
20029995	T	C	0	0	0
20030041	G	A	0	0	0
20030057	C	T	.	.	.
20030080	A	G	.	.	.
20030088	A	T	.	.	.
20030150	T	C	.	.	.
20030174	G	C	.	.	.
20030193	C	T	.	.	.
20030219	C	T	.	.	.
20030223	A	T	.	.	.
20030244	C	T	.	.	.
20030313	A	T	.	.	.
20030485	C	T	0	0	0
20030522	T	C	.	.	.
20030621	G	A	0	0	0
20030656	C	T	0	0	0
20030657	A	T	0	0	0
20030671	C	T	0	0	0
20030676	G	A	0	0	0
20030704	A	C	0	0	0
20030737	G	C	0	0	0
20030749	C	A	0	2	0
20030753	C	T	0	0	0
20030807	G	A	0	0	1
20030824	G	A	0	0	0
20030900	G	A	0	0	0
20030915	C	T	0	0	0
20030918	C	T	0	0	0
20030980	C	T	0	2	0
20030989	C	T	0	0	0
20031016	G	C	0	0	0
20031076	G	T	0	0	0
20031102	G	A	0	0	0
20031106	T	C	0	0	0
20031126	G	A	0	0	0
20031162	G	A	0	0	0
20031209	G	A	0	0	0
20031214	A	G	0	0	0
20031332	G	A	0	0	0
20031447	C	A	0	0	0
20031461	G	A	0	0	0
20031497	G	A	0	0	0
20031498	G	A	0	0	0
20031601	G	A	0	0	0
20031642	G	A	0	0	0
20031664	G	A	0	0	0
20031716	G	A	0	0	0
20031761	G	A	0	0	0
20031850	A	G	.	.	.
20031852	T	C	.	.	.
20031858	C	G	.	.	.
20031862	A	C	.	.	.
20031882	C	T	.	.	.
20031909	C	T	.	.	.
20031910	G	A	.	.	.
20031921	T	G	.	.	.
20031931	C	T	.	.	.
20031964	G	T	.	.	.
20031974	G	A	.	.	.
20031996	C	T	.	.	.
20032007	C	G	.	.	.
20032112	T	C	0	0	0
20032117	G	T	0	0	0
20032118	C	A	0	0	0
20032173	G	A	0	0	0
20032229	G	A	0	0	0
20032266	C	T	0	0	0
20032268	G	T	0	0	0
20032327	T	C	2	2	2
20032338	A	G	0	0	0
20032350	T	G	0	0	0
20032369	T	C	0	0	0
20032426	A	G	0	0	0
20032459	G	A	0	0	0
20032464	G	T	0	0	0
20032479	G	T	0	0	0
20032511	C	T	0	0	0
20032513	C	T	0	0	0
20032535	G	T	0	0	0
20032561	C	T	0	0	0
20032576	G	A	0	0	0
20032582	G	A	0	2	0
20032588	T	C	0	0	0
20032606	A	G	0	0	0
20032610	G	C	0	0	0
20032618	G	C	0	0	0
20032634	C	T	0	0	0
20032680	C	G	.	.	.
20032683	G	T	.	.	.
20032696	C	T	.	.	.
20032704	A	C	.	.	.
20032721	G	T	.	.	.
20032738	C	T	.	.	.
20032769	G	A	.	.	.
20032834	T	C	.	.	.
20032900	T	C	0	0	0
20032932	G	A	.	.	.
20033104	G	A	.	.	.
20033141	T	A	.	.	.
20033268	C	T	.	.	.
20033272	C	T	.	.	.
20033451	C	T	0	0	0
20033510	G	A	0	0	0
20033542	G	C	0	0	0
20033546	C	T	0	0	0
20033563	G	A	0	0	0
20033578	C	T	0	0	0
20033586	G	C	0	0	0
20033621	G	C	0	0	0
20033630	C	T	0	0	0
20033660	G	A	.	.	.
20033735	C	A	.	.	.
20033757	C	G	.	.	.
20033775	C	T	.	.	.
20033825	T	C	.	.	.
20033864	C	T	0	0	0
20033865	C	G	0	0	0
20033876	G	A	0	0	0
20033959	A	G	.	.	.
20034050	C	T	.	.	.
20034119	C	T	.	.	.
20034144	C	T	.	.	.
20034153	A	G	.	.	.
20034176	T	G	.	.	.
20034187	C	T	.	.	.
20034216	G	A	.	.	.
20034314	T	C	.	.	.
20034391	C	T	.	.	.
20034592	C	T	0	0	0
20034641	A	T	0	0	0
20034715	C	T	.	.	.
20034729	C	T	.	.	.
20034736	T	C	.	.	.
20034759	T	G	.	.	.
20034761	T	G	.	.	.
20034763	T	G	.	.	.
20034813	A	G	.	.	.
20034819	C	T	.	.	.
20034842	C	T	.	.	.
20034941	A	G	.	.	.
20035005	G	A	.	.	.
20035028	G	T	.	.	.
20035059	G	A	0	0	0
20035151	C	T	0	0	0
20035206	G	C	0	0	0
20035264	C	A	.	.	.
20035456	T	G	.	.	.
20035511	G	A	.	.	.
20035517	G	A	.	.	.
20035545	T	C	.	.	.
20035598	C	T	.	.	.
20035604	C	T	.	.	.
20035670	A	G	.	.	.
20035689	C	T	.	.	.
20035690	C	T	.	.	.
20035691	G	T	.	.	.
20035708	G	A	.	.	.
20035776	T	C	.	.	.
20035803	C	T	.	.	.
20035850	T	C	.	.	.
20035927	G	A	.	.	.
20035950	A	C	.	.	.
20035966	T	C	0	0	0
20035977	T	C	.	.	.
20036113	G	C	0	0	0
20036114	A	G	0	0	0
20036127	G	C	0	0	0
20036128	T	G	0	0	0
20036192	G	A	.	.	.
20036231	G	A	.	.	.
20036274	A	T	.	.	.
20036310	C	T	.	.	.
20036429	A	C	.	.	.
20036463	C	T	.	.	.
20036514	G	A	0	0	0
20036526	G	C	0	0	0
20036537	A	G	0	0	0
20036566	A	G	0	0	0
20036636	T	C	0	0	0
20036694	A	G	0	0	0
20036695	A	G	0	0	0
20036758	T	C	0	0	0
20036876	C	A	0	0	0
20037011	C	T	.	.	.
20037013	G	A	.	.	.
20037042	G	A	.	.	.
20037047	G	A	.	.	.
20037108	G	A	.	.	.
20037132	G	A	.	.	.
20037178	T	A	.	.	.
20037187	A	G	.	.	.
20037241	G	A	0	0	0
20037291	C	G	0	0	0
20037315	G	A	2	2	2
20037356	A	G	0	0	0
20037438	A	T	0	0	0
20037460	G	A	.	.	.
20037469	C	T	.	.	.
20037470	G	A	.	.	.
20037503	G	A	.	.	.
20037507	C	T	.	.	.
20037517	A	G	.	.	.
20037527	C	T	.	.	.
20037547	C	T	.	.	.
20037589	C	T	.	.	.
20037659	G	A	.	.	.
20037698	C	T	.	.	.
20037712	C	T	.	.	.
20037769	A	C	0	0	0
20037797	A	T	0	0	0
20037807	A	G	0	0	0
20037820	C	T	0	0	0
20037891	T	G	.	.	.
20037909	C	T	.	.	.
20037912	A	T	.	.	.
20037948	G	A	.	.	.
20037953	C	A	.	.	.
20038031	T	A	.	.	.
20038127	C	T	.	.	.
20038131	C	T	.	.	.
20038137	G	A	.	.	.
20038143	C	T	.	.	.
20038144	C	G	.	.	.
20038203	C	G	0	0	0
20038210	A	G	0	0	0
20038238	T	C	0	0	0
20038282	T	C	0	0	0
20038287	T	C	0	0	0
20038292	T	C	0	0	0
20038297	C	A	0	0	0
20038298	G	A	0	0	0
20038305	G	C	0	0	0
20038316	G	A	0	0	0
20038361	T	G	.	.	.
20038385	A	G	.	.	.
20038390	G	T	.	.	.
20038395	G	A	.	.	.
20038406	A	T	.	.	.
20038419	C	T	.	.	.
20038420	G	A	.	.	.
20038435	C	T	.	.	.
20038492	A	G	.	.	.
20038504	C	G	.	.	.
20038541	C	T	.	.	.
20038544	C	T	.	.	.
20038673	C	T	.	.	.
20038681	G	A	0	0	0
20038722	T	G	0	0	0
20038756	T	C	0	0	0
20038759	A	G	0	0	0
20038768	C	T	.	.	.
20038780	C	T	.	.	.
20038782	C	T	.	.	.
20038825	C	T	.	.	.
20038826	G	A	.	.	.
20038829	C	T	.	.	.
20038951	G	A	.	.	.
20038969	G	A	.	.	.
20039002	C	T	.	.	.
20039100	T	C	.	.	.
20039102	C	T	.	.	.
20039155	G	A	.	.	.
20039172	C	T	.	.	.
20039188	A	G	.	.	.
20039232	C	T	0	0	1
20039233	G	A	0	0	0
20039257	T	C	.	.	.
20039287	C	T	.	.	.
20039290	T	C	.	.	.
20039456	C	T	0	0	0
20039501	A	T	0	0	0
20039534	A	C	0	0	0
20039631	C	T	0	0	0
20039632	G	A	0	0	0
20039635	C	T	0	0	0
20039718	G	A	0	0	0
20039780	C	T	0	0	0
20039782	C	T	0	0	0
20039824	A	G	0	0	0
20039835	C	T	0	0	0
20039865	G	A	0	0	0
20039867	C	T	0	0	0
20039872	G	A	0	0	0
20039936	G	A	0	0	0
20039985	C	T	0	0	0
20040056	G	T	0	0	0
20040152	G	C	0	0	0
20040215	T	C	0	0	0
20040220	C	T	0	0	0
20040228	G	A	0	0	0
20040241	A	C	0	0	0
20040268	G	T	0	0	0
20040324	G	A	0	0	0
20040326	G	A	0	0	0
20040330	C	T	0	0	0
20040367	G	A	0	0	0
20040401	G	A	0	0	0
20040413	C	G	0	0	0
20040418	G	A	0	0	0
20040468	A	G	0	0	0
20040506	G	A	0	0	0
20040514	C	T	0	0	0
20040523	A	G	0	0	0
20040539	C	T	0	0	0
20040540	G	A	0	0	0
20040555	C	T	0	0	0
20040602	C	T	0	0	0
20040679	A	G	0	0	0
20040694	A	C	0	0	0
20040740	G	T	.	.	.
20040746	T	A	.	.	.
20040751	T	G	.	.	.
20040770	T	G	0	0	0
20040802	A	C	0	0	0
20040831	A	C	0	0	0
20040838	G	C	0	0	0
20040880	C	T	0	0	1
20041022	T	A	0	0	0
20041023	C	T	0	0	0
20041098	C	T	0	0	0
20041107	C	T	0	0	0
20041119	C	T	0	0	0
20041179	C	A	0	0	0
20041185	A	G	0	0	0
20041221	C	T	0	0	0
20041223	G	A	0	0	0
20041232	A	G	0	0	0
20041270	A	G	0	0	0
20041292	G	A	0	0	0
20041399	G	A	0	0	0
20041455	G	A	0	0	0
20041463	C	T	0	0	1
20041475	G	A	0	0	0
20041500	G	A	0	0	0
20041525	C	T	0	0	0
20041527	C	T	0	0	0
20041536	C	T	0	0	1
20041572	C	T	0	0	0
20041596	A	G	0	0	0
20041598	C	T	0	0	0
20041599	G	A	0	0	0
20041609	C	T	2	2	2
20041682	G	A	0	0	0
20041704	T	C	0	0	0
20041705	G	A	0	0	0
20041711	C	A	0	0	0
20041736	T	C	0	0	0
20041741	C	T	0	0	0
20041744	A	G	0	0	0
20041805	G	T	0	0	0
20041816	C	T	0	0	0
20041817	G	A	0	0	0
20041833	G	A	0	0	0
20041845	C	T	0	0	0
20041866	C	G	0	0	0
20041977	C	T	0	0	0
20041978	G	A	0	0	0
20041995	T	A	0	0	0
20042054	A	G	0	0	0
20042075	T	G	2	2	2
20042113	C	T	0	0	0
20042114	G	A	0	0	0
20042187	A	G	0	0	0
20042221	C	T	0	0	0
20042222	G	A	0	0	0
20042280	G	A	0	0	0
20042342	C	G	0	0	0
20042351	C	T	0	0	0
20042395	T	C	0	0	0
20042527	C	T	.	.	.
20042533	G	C	.	.	.
20042563	G	A	0	0	0
20042564	T	G	0	0	0
20042565	G	A	0	0	0
20042576	G	T	0	0	1
20042677	G	A	0	0	0
20042679	G	T	0	0	0
20042683	C	T	0	0	0
20042808	A	T	.	.	.
20042840	G	T	.	.	.
20042848	A	G	.	.	.
20042903	C	T	.	.	.
20042977	C	G	0	0	0
20043008	C	A	0	0	0
20043014	C	T	0	0	0
20043042	G	A	0	0	0
20043044	G	A	0	0	0
20043101	T	G	0	0	0
20043142	C	T	0	0	0
20043182	G	A	0	0	0
20043189	C	T	0	0	0
20043218	G	A	0	0	0
20043222	C	T	0	0	0
20043267	A	C	0	0	0
20043297	C	T	0	0	0
20043299	C	T	0	0	0
20043334	G	A	0	0	0
20043359	A	C	0	0	0
20043363	C	T	0	0	0
20043370	C	T	0	0	0
20043371	G	A	0	0	0
20043374	A	G	0	0	0
20043387	A	G	0	0	0
20043403	C	G	0	0	0
20043404	G	C	0	0	0
20043423	G	A	0	0	0
20043426	C	T	0	0	0
20043481	C	T	0	0	0
20043485	A	G	0	0	0
20043504	G	A	0	0	0
20043570	G	A	0	0	0
20043582	G	A	0	0	0
20043630	C	T	0	0	0
20043649	T	C	0	0	0
20043664	C	T	0	0	0
20043678	G	A	0	0	0
20043700	A	G	0	0	0
20043719	C	A	0	0	0
20043729	C	T	0	0	0
20043768	C	T	0	0	0
20043806	C	T	0	0	0
20043845	G	T	0	0	0
20043919	G	A	0	0	0
20043951	A	G	0	0	0
20043971	C	T	0	0	0
20044041	G	A	0	0	0
20044056	G	T	0	0	0
20044120	C	T	0	0	0
20044129	C	T	0	0	0
20044130	G	A	0	0	0
20044166	T	C	.	.	.
20044178	G	A	.	.	.
20044190	C	G	.	.	.
20044203	T	C	0	0	0
20044213	G	A	0	0	0
20044248	G	T	0	0	0
20044270	A	G	0	0	0
20044324	G	T	0	0	0
20044378	G	A	0	0	0
20044384	G	A	0	0	0
20044398	C	G	0	0	0
20044447	G	T	0	0	0
20044453	C	T	0	0	0
20044456	C	T	0	0	0
20044463	G	A	0	0	0
20044551	G	A	0	0	0
20044626	T	C	0	0	0
20044636	C	T	0	0	0
20044637	G	A	0	0	0
20044658	G	A	0	0	0
20044933	G	A	0	0	0
20045005	C	T	0	0	0
20045016	C	T	0	0	0
20045036	C	T	0	0	0
20045082	A	G	0	0	0
20045122	G	A	0	0	0
20045215	C	T	0	0	0
20045216	G	A	0	0	0
20045231	C	T	0	0	0
20045334	G	A	0	0	0
20045335	C	T	0	0	0
20045371	A	G	0	0	0
20045376	C	T	0	0	0
20045383	G	A	0	0	0
20045411	A	G	2	2	2
20045416	G	A	0	0	0
20045419	T	C	2	2	2
20045420	C	T	0	0	0
20045424	G	A	0	0	0
20045555	T	G	.	.	.
20045556	T	G	.	.	.
20045562	G	T	0	0	0
20045565	A	G	0	0	0
20045582	T	C	0	0	0
20045622	A	C	0	0	0
20045678	C	T	0	0	0
20045739	G	A	0	0	0
20045743	C	T	0	0	0
20045814	G	A	0	0	0
20045834	T	G	.	.	.
20045859	T	C	0	0	0
20045860	G	A	0	0	0
20045883	T	C	0	0	0
20045886	C	T	0	0	0
20045901	G	C	.	.	.
20045915	T	C	.	.	.
20045920	C	T	.	.	.
20045967	C	A	.	.	.
20045987	G	A	.	.	.
20046026	G	A	.	.	.
20046042	A	G	.	.	.
20046081	C	T	.	.	.
20046082	G	A	.	.	.
20046120	G	A	.	.	.
20046123	C	T	.	.	.
20046144	G	A	.	.	.
20046150	G	A	.	.	.
20046158	G	A	.	.	.
20046200	G	C	0	0	0
20046204	A	C	0	0	0
20046221	G	A	0	0	0
20046344	A	G	.	.	.
20046383	T	A	.	.	.
20046403	C	T	0	0	0
20046404	G	A	0	0	0
20046413	T	G	.	.	.
20046546	A	G	0	0	0
20046564	C	G	0	0	0
20046640	G	A	0	0	0
20046687	G	A	2	2	2
20046844	G	T	.	.	.
20046943	C	T	0	0	0
20046944	G	A	0	0	0
20046975	C	T	0	0	0
20047041	A	G	0	0	0
20047059	C	A	0	0	0
20047098	G	A	0	0	0
20047125	C	T	0	0	0
20047219	A	T	.	.	.
20047259	A	G	0	0	0
20047260	T	C	0	0	0
20047310	T	G	.	.	.
20047414	A	G	0	0	0
20047504	G	T	.	.	.
20047519	C	A	.	.	.
20047583	A	G	.	.	.
20047587	T	C	.	.	.
20047601	G	C	.	.	.
20047668	C	T	.	.	.
20047689	G	A	.	.	.
20047740	C	T	.	.	.
20047766	G	A	.	.	.
20047789	G	A	.	.	.
20047815	T	C	.	.	.
20047834	C	T	.	.	.
20047851	G	T	.	.	.
20047890	A	G	.	.	.
20047904	C	G	.	.	.
20047956	G	A	.	.	.
20047973	C	T	0	0	0
20047996	G	A	.	.	.
20048048	G	A	.	.	.
20048083	T	C	0	0	0
20048103	G	A	0	0	0
20048113	A	G	0	0	0
20048167	A	G	0	0	0
20048195	G	A	0	0	0
20048223	G	A	0	0	0
20048265	G	A	0	0	0
20048274	A	G	0	0	0
20048307	G	A	0	0	0
20048421	C	T	0	0	0
20048447	G	A	0	0	0
20048463	T	C	0	0	0
20048538	G	A	0	0	0
20048564	A	G	0	0	0
20048585	T	G	0	0	0
20048607	C	T	2	0	0
20048621	C	T	0	0	0
20048644	G	A	0	0	0
20048647	G	C	0	0	0
20048704	C	T	.	.	.
20048713	G	T	0	0	0
20048742	G	A	0	0	0
20048845	C	T	0	0	0
20048858	G	T	0	0	0
20048863	C	T	0	0	0
20048878	C	T	0	0	0
20048923	C	T	0	0	0
20048971	G	C	0	0	0
20048981	G	A	0	0	0
20049028	A	G	0	0	0
20049060	C	T	0	0	0
20049118	C	T	0	0	0
20049131	C	T	0	0	0
20049164	T	C	0	0	0
20049217	G	A	0	0	0
20049244	C	T	0	0	0
20049256	G	A	0	0	0
20049285	G	A	0	0	0
20049307	G	A	0	0	0
20049340	T	C	2	2	2
20049417	C	T	0	0	0
20049454	A	G	2	2	2
20049465	T	C	0	0	0
20049495	G	A	0	0	0
20049515	C	T	0	0	0
20049567	G	A	0	0	0
20049635	C	T	0	0	0
20049678	T	C	0	0	0
20049703	G	A	0	0	0
20049731	G	A	0	0	0
20049747	C	T	0	0	0
20049773	G	A	0	0	0
20049788	G	T	0	0	0
20049843	T	C	0	0	0
20049874	C	T	0	0	0
20049935	A	C	2	2	2
20049939	A	G	0	0	0
20050019	C	T	0	0	0
20050020	G	A	0	0	1
20050044	C	T	0	0	0
20050183	G	A	.	.	.
20050225	G	A	0	0	0
20050308	A	G	0	0	0
20050341	G	A	0	0	0
20050401	T	C	.	.	.
20050441	C	G	.	.	.
20050514	C	T	0	0	0
20050533	C	T	.	.	.
20050536	C	T	.	.	.
20050545	C	T	.	.	.
20050546	G	A	.	.	.
20050560	T	C	.	.	.
20050598	G	C	.	.	.
20050635	T	G	.	.	.
20050637	C	A	.	.	.
20050644	G	A	.	.	.
20050686	A	G	.	.	.
20050700	A	T	0	0	0
20050749	G	T	0	0	0
20050803	C	G	0	0	0
20050804	C	T	0	0	0
20050815	C	T	0	0	0
20050833	A	C	0	0	0
20050864	G	A	0	0	0
20050876	G	A	0	0	0
20050883	G	A	0	0	0
20050886	G	C	0	0	0
20050903	C	T	0	0	0
20050957	C	T	0	0	0
20050979	G	A	0	0	0
20051020	T	C	0	0	0
20051028	C	T	0	0	0
20051052	G	A	0	0	0
20051054	C	G	0	0	0
20051108	G	C	0	0	0
20051111	G	A	0	0	0
20051145	G	A	0	0	0
20051201	G	A	0	0	0
20051213	C	G	0	0	0
20051243	C	T	0	0	0
20051432	G	A	0	0	0
20051441	G	A	0	0	0
20051443	C	T	0	0	0
20051444	G	A	0	0	0
20051466	G	A	2	2	2
20051469	C	G	0	0	0
20051472	C	T	0	0	0
20051518	G	T	0	0	0
20051521	C	T	0	0	0
20051536	G	A	0	0	0
20051550	C	T	0	0	0
20051562	T	C	0	0	1
20051563	T	A	0	0	0
20051639	G	A	0	0	0
20051722	C	G	0	0	0
20051733	G	A	0	0	0
20051763	C	T	0	0	0
20051787	C	T	0	0	0
20051812	G	A	0	0	0
20051877	A	G	0	0	0
20051879	C	G	0	0	0
20051917	T	C	0	0	0
20051928	C	T	0	0	0
20051962	G	C	0	0	0
20051975	C	T	0	0	0
20052012	G	T	0	0	0
20052038	T	C	0	0	0
20052043	G	A	0	0	0
20052050	C	T	0	0	0
20052054	C	G	0	0	0
20052089	T	G	0	0	0
20052092	G	A	0	0	0
20052117	C	T	0	0	0
20052135	G	C	0	0	0
20052143	C	T	0	0	0
20052166	A	G	0	0	0
20052176	G	A	0	0	0
20052301	C	T	0	0	0
20052302	C	A	0	0	0
20052305	C	T	0	0	0
20052327	C	T	0	0	0
20052331	T	C	0	0	0
20052420	G	A	0	0	0
20052442	A	G	0	0	0
20052457	C	T	0	0	0
20052481	C	A	0	0	0
20052506	C	T	0	0	0
20052507	G	A	0	0	0
20052524	C	A	0	0	0
20052532	C	G	2	2	2
20052561	T	G	0	0	0
20052566	G	A	2	2	2
20052577	T	C	0	0	0
20052642	C	T	0	0	0
20052659	C	T	0	0	0
20052674	A	G	0	0	0
20052711	C	T	0	0	0
20052756	G	A	0	0	0
20052782	C	T	2	2	2
20052784	C	T	0	2	0
20052840	G	A	.	.	.
20052864	C	T	.	.	.
20052878	T	C	.	.	.
20052950	C	T	.	.	.
20053009	C	T	.	.	.
20053049	G	A	.	.	.
20053102	A	C	.	.	.
20053110	G	T	.	.	.
20053140	G	A	.	.	.
20053154	C	T	.	.	.
20053268	G	A	0	0	0
20053282	C	G	0	0	0
20053366	C	T	0	0	0
20053447	G	A	0	0	0
20053448	C	A	0	0	0
20053453	C	T	0	0	0
20053495	A	G	0	0	0
20053524	C	T	0	0	0
20053525	G	A	0	0	0
20053536	C	T	0	0	0
20053538	C	T	0	0	0
20053554	C	T	0	0	0
20053580	G	T	0	0	0
20053596	A	C	0	0	0
20053633	T	C	0	0	0
20053636	G	A	0	0	0
20053637	C	T	0	0	0
20053638	G	A	0	0	0
20053672	C	T	0	0	0
20053716	C	T	0	0	0
20053729	G	A	0	0	0
20053741	T	C	0	0	0
20053782	G	C	0	0	0
20053861	C	T	0	0	0
20053862	G	A	0	0	0
20053886	C	T	0	0	0
20053966	G	A	0	0	0
20053968	G	C	0	0	1
20053979	C	T	0	0	0
20054131	C	T	0	0	0
20054149	C	T	0	0	0
20054171	C	A	0	0	0
20054172	C	T	0	0	0
20054173	C	T	0	0	0
20054177	A	G	0	0	0
20054186	G	A	0	0	0
20054331	G	T	.	.	.
20054332	C	A	.	.	.
20054361	C	A	0	0	0
20054395	G	C	0	0	0
20054458	A	C	0	0	2
20054480	A	G	0	0	0
20054507	G	A	0	0	2
20054595	A	T	.	.	.
20054627	C	T	.	.	.
20054628	G	A	0	0	0
20054766	G	A	.	.	.
20054856	C	T	.	.	.
20054857	G	A	.	.	.
20054865	C	T	.	.	.
20054932	C	T	.	.	.
20054946	A	C	.	.	.
20055002	T	C	.	.	.
20055082	G	T	.	.	.
20055100	A	G	.	.	.
20055131	C	T	.	.	.
20055208	C	T	.	.	.
20055287	G	A	0	0	0
20055310	C	T	0	0	2
20055311	G	A	0	0	0
20055312	T	C	0	0	0
20055337	G	A	0	0	0
20055452	G	A	0	0	0
20055460	A	G	0	0	0
20055488	A	C	.	.	.
20055551	G	A	.	.	.
20055570	G	A	.	.	.
20055617	G	A	.	.	.
20055619	C	A	.	.	.
20055639	C	T	.	.	.
20055691	G	A	.	.	.
20055722	A	G	.	.	.
20055735	C	T	.	.	.
20055863	A	G	.	.	.
20055905	C	T	.	.	.
20055999	A	G	.	.	.
20056011	A	G	.	.	.
20056037	C	G	.	.	.
20056058	C	T	.	.	.
20056059	G	A	.	.	.
20056112	G	A	.	.	.
20056116	G	A	.	.	.
20056140	A	G	0	0	0
20056181	G	A	0	0	0
20056194	G	A	.	.	.
20056217	G	A	0	0	0
20056222	C	T	0	0	0
20056357	C	T	0	0	0
20056428	C	T	0	0	0
20056513	C	T	0	0	0
20056514	G	A	0	0	0
20056591	T	C	.	.	.
20056606	G	A	.	.	.
20056736	T	C	.	.	.
20056837	T	C	.	.	.
20056863	G	A	.	.	.
20056897	G	A	.	.	.
20056907	T	C	.	.	.
20056925	C	T	.	.	.
20056948	C	T	.	.	.
20056949	G	A	.	.	.
20056977	G	C	.	.	.
20057062	A	G	0	0	0
20057070	C	T	0	0	0
20057078	C	T	2	2	2
20057120	A	G	0	0	0
20057143	A	G	2	2	2
20057180	T	C	0	0	0
20057324	C	T	0	0	0
20057356	G	A	0	0	0
20057432	A	G	0	0	0
20057458	A	G	0	0	0
20057591	G	A	0	0	0
20057636	C	A	0	0	0
20057654	C	T	0	0	0
20057683	C	T	0	0	0
20057713	C	T	0	0	0
20057719	G	T	0	0	0
20057758	C	T	0	0	0
20057800	C	T	0	0	0
20057806	C	T	2	2	2
20057889	T	C	0	0	0
20057926	A	C	0	0	0
20058010	G	T	0	0	0
20058043	C	G	0	0	0
20058157	C	T	0	0	0
20058158	G	A	0	0	0
20058274	C	A	.	.	.
20058357	G	A	.	.	.
20058453	C	T	.	.	.
20058454	G	C	.	.	.
20058479	C	G	.	.	.
20058539	G	A	.	.	.
20058573	A	G	.	.	.
20058578	G	A	.	.	.
20058635	G	A	.	.	.
20058681	C	T	.	.	.
20058711	G	C	.	.	.
20058768	G	A	.	.	.
20058793	C	T	.	.	.
20058835	C	T	.	.	.
20058862	A	T	.	.	.
20058863	T	A	.	.	.
20058865	T	G	.	.	.
20058897	A	G	.	.	.
20058981	A	T	0	0	0
20059058	G	T	0	0	0
20059149	G	A	0	0	0
20059218	C	T	0	0	0
20059276	A	G	0	0	0
20059329	G	T	0	0	0
20059433	A	G	.	.	.
20059529	G	A	0	0	0
20059543	G	C	0	0	0
20059590	G	A	0	0	0
20059593	C	T	0	0	0
20059595	G	A	0	0	0
20059631	A	G	0	0	0
20059635	G	A	0	0	0
20059658	A	G	0	0	0
20059705	G	A	0	0	0
20059712	T	C	0	0	0
20059748	T	C	0	0	0
20059763	G	A	0	2	0
20059778	T	C	0	0	0
20059792	C	T	0	0	0
20059887	G	A	.	.	.
20059904	G	A	.	.	.
20059918	C	A	.	.	.
20059931	C	T	.	.	.
20059980	C	T	.	.	.
20060023	T	A	.	.	.
20060032	G	A	.	.	.
20060059	T	C	.	.	.
20060077	G	A	.	.	.
20060099	C	T	.	.	.
20060104	G	A	.	.	.
20060136	T	C	.	.	.
20060137	G	A	.	.	.
20060173	T	C	0	0	0
20060177	G	C	0	0	0
20060228	G	T	.	.	.
20060233	A	G	.	.	.
20060252	G	A	0	0	0
20060318	A	G	0	0	0
20060334	A	G	.	.	.
20060361	A	G	0	0	0
20060367	G	A	0	0	0
20060409	C	T	0	0	0
20060507	A	G	0	0	0
20060593	C	T	.	.	.
20060649	G	A	.	.	.
20060721	C	A	.	.	.
20060724	G	A	.	.	.
20060751	A	G	.	.	.
20060758	T	C	.	.	.
20060764	T	G	.	.	.
20060769	C	T	.	.	.
20060770	G	A	.	.	.
20060811	G	A	.	.	.
20060817	C	T	.	.	.
20060818	T	C	.	.	.
20060819	C	T	.	.	.
20060820	G	A	.	.	.
20060845	G	A	.	.	.
20060846	G	A	.	.	.
20060858	G	A	.	.	.
20060859	T	C	.	.	.
20060864	A	G	.	.	.
20060891	C	T	0	0	0
20060902	C	T	0	0	0
20060916	G	C	0	0	0
20060924	A	G	0	0	0
20060962	G	A	0	0	0
20061117	G	A	.	.	.
20061176	A	T	0	0	0
20061267	T	C	0	0	0
20061308	A	G	0	0	0
20061321	T	C	0	0	0
20061332	G	A	0	0	0
20061415	G	C	.	.	.
20061429	T	G	.	.	.
20061500	G	A	.	.	.
20061610	A	T	.	.	.
20061760	C	T	.	.	.
20061765	G	T	.	.	.
20061866	T	C	.	.	.
20061917	G	C	.	.	.
20061948	G	A	.	.	.
20061959	G	A	.	.	.
20061964	A	G	.	.	.
20062009	T	A	.	.	.
20062112	C	T	.	.	.
20062141	C	T	.	.	.
20062294	C	T	.	.	.
20062295	G	A	.	.	.
20062300	G	A	.	.	.
20062329	T	C	.	.	.
20062386	G	A	0	0	0
20062412	T	C	0	0	0
20062447	A	G	0	0	0
20062490	C	G	.	.	.
20062525	G	A	.	.	.
20062532	G	A	.	.	.
20062699	C	T	.	.	.
20062734	G	C	.	.	.
20062851	A	C	0	0	0
20062882	T	G	0	0	0
20062932	T	C	1	1	1
20063018	T	C	.	.	.
20063056	G	A	.	.	.
20063264	A	G	.	.	.
20063354	A	G	0	0	0
20063424	G	A	0	0	0
20063490	G	A	0	0	0
20063518	C	T	.	.	.
20063639	C	T	.	.	.
20063646	G	A	.	.	.
20063647	C	T	.	.	.
20063659	G	A	.	.	.
20063727	C	G	.	.	.
20063728	G	A	.	.	.
20063736	G	A	.	.	.
20063752	C	T	.	.	.
20063810	T	A	.	.	.
20063819	T	G	0	0	0
20063831	A	G	0	0	0
20063864	G	T	0	0	0
20063902	T	C	.	.	.
20063993	G	C	0	0	0
20064019	T	G	0	0	0
20064027	T	C	0	0	0
20064171	T	C	0	0	0
20064204	C	T	.	.	.
20064212	A	G	.	.	.
20064221	A	C	.	.	.
20064245	C	A	0	0	0
20064275	C	T	0	0	0
20064341	T	C	.	.	.
20064353	A	G	.	.	.
20064382	C	T	0	0	0
20064384	G	C	.	.	.
20064614	T	A	.	.	.
20064615	G	A	.	.	.
20064719	A	T	.	.	.
20064751	T	C	.	.	.
20064756	C	T	.	.	.
20064778	T	C	.	.	.
20064780	G	A	.	.	.
20064787	G	A	.	.	.
20064806	G	A	.	.	.
20064825	C	T	.	.	.
20064830	A	G	.	.	.
20064884	C	T	.	.	.
20064905	A	G	.	.	.
20064936	T	C	.	.	.
20064940	T	G	.	.	.
20064946	A	G	.	.	.
20064983	C	G	.	.	.
20064984	G	A	.	.	.
20065014	T	C	0	0	0
20065015	C	T	0	0	0
20065022	C	A	0	0	0
20065086	G	A	0	0	0
20065184	C	G	0	0	0
20065185	T	A	0	0	0
20065213	G	A	0	0	0
20065276	T	C	0	0	0
20065314	G	T	.	.	.
20065351	T	C	0	0	0
20065370	G	A	2	2	2
20065379	G	A	0	0	0
20065384	A	G	0	0	0
20065385	T	A	0	0	0
20065408	T	C	0	0	0
20065427	G	A	0	0	0
20065432	C	T	0	0	0
20065521	A	C	0	0	0
20065590	C	T	.	.	.
20065640	C	T	.	.	.
20065711	C	T	.	.	.
20065713	A	G	.	.	.
20065726	G	A	.	.	.
20065731	A	T	.	.	.
20065732	G	T	.	.	.
20065751	A	G	.	.	.
20065779	G	C	.	.	.
20065784	C	T	.	.	.
20065812	G	A	.	.	.
20065815	C	T	.	.	.
20065851	A	T	.	.	.
20065937	C	T	.	.	.
20065950	C	T	.	.	.
20066060	T	C	.	.	.
20066111	G	A	.	.	.
20066136	C	G	.	.	.
20066150	T	C	.	.	.
20066165	A	G	.	.	.
20066183	G	A	.	.	.
20066184	G	A	.	.	.
20066211	G	A	.	.	.
20066220	C	T	.	.	.
20066241	T	A	.	.	.
20066260	C	T	.	.	.
20066261	G	T	.	.	.
20066278	C	T	.	.	.
20066312	C	T	.	.	.
20066314	C	T	.	.	.
20066354	C	T	.	.	.
20066422	T	C	.	.	.
20066506	G	T	0	0	0
20066508	G	A	0	0	0
20066545	C	T	0	0	0
20066575	T	C	0	0	0
20066611	G	C	.	.	.
20066647	T	C	.	.	.
20066665	G	A	.	.	.
20066685	A	G	0	0	0
20066777	C	T	.	.	.
20066798	T	G	.	.	.
20066805	C	T	.	.	.
20066889	C	T	.	.	.
20066900	T	C	.	.	.
20066902	G	C	.	.	.
20067076	C	G	.	.	.
20067110	T	G	.	.	.
20067147	G	A	.	.	.
20067221	C	G	.	.	.
20067232	G	C	.	.	.
20067313	C	A	0	0	0
20067332	G	A	0	0	0
20067419	G	A	0	0	0
20067462	G	A	0	0	0
20067474	G	A	0	0	0
20067517	T	G	0	0	0
20067564	G	A	0	0	0
20067589	A	C	0	0	0
20067600	G	C	0	0	0
20067659	A	G	2	2	2
20067695	G	C	2	2	2
20067698	C	A	0	0	0
20067749	C	T	0	0	0
20067790	G	T	0	0	0
20067815	A	G	0	0	0
20067858	C	T	0	0	0
20067980	C	T	0	0	0
20068086	G	C	.	.	.
20068132	C	G	0	0	0
20068137	C	A	0	0	0
20068235	G	A	0	0	0
20068265	A	G	0	0	0
20068294	C	G	0	0	2
20068295	C	T	0	0	0
20068298	A	G	0	0	0
20068316	G	A	0	0	0
20068407	G	C	0	0	0
20068419	C	T	0	0	0
20068496	C	T	0	0	0
20068500	C	T	0	0	0
20068503	G	T	0	0	0
20068511	C	T	0	0	0
20068520	G	C	0	0	0
20068556	C	A	0	0	0
20068577	G	C	0	0	0
20068603	G	T	0	0	0
20068614	C	T	0	0	0
20068683	G	A	0	0	0
20068696	A	G	0	0	0
20068723	G	T	0	0	0
20068735	G	A	0	0	0
20068747	C	T	0	0	0
20068782	G	T	0	0	0
20068798	G	A	0	0	0
20068836	A	G	0	0	0
20068842	C	G	0	0	0
20068873	G	T	0	0	0
20068883	C	T	0	0	0
20068908	C	T	0	0	0
20068960	C	T	0	0	0
20068991	C	T	0	0	0
20069024	G	A	0	0	0
20069033	C	T	0	0	0
20069059	T	G	0	0	0
20069085	G	A	0	0	0
20069114	C	T	0	0	0
20069126	C	T	0	0	0
20069167	T	G	0	0	0
20069172	A	G	0	0	0
20069180	G	A	0	0	0
20069181	C	G	0	0	0
20069252	C	T	0	0	0
20069296	A	G	0	0	0
20069297	T	C	0	0	0
20069354	G	A	0	0	0
20069355	T	C	0	0	0
20069477	C	T	0	0	0
20069525	C	T	0	0	0
20069555	G	T	.	.	.
20069567	T	C	.	.	.
20069578	T	C	.	.	.
20069590	G	T	.	.	.
20069610	C	T	.	.	.
20069611	G	A	.	.	.
20069640	C	T	.	.	.
20069724	C	T	.	.	.
20069725	G	A	.	.	.
20069763	A	G	.	.	.
20069797	G	A	.	.	.
20069802	C	T	.	.	.
20069815	T	C	.	.	.
20069837	C	T	.	.	.
20069844	G	A	.	.	.
20069893	T	G	.	.	.
20069900	A	G	.	.	.
20069913	A	G	.	.	.
20069920	C	T	.	.	.
20069952	C	T	.	.	.
20070000	C	T	.	.	.
20070035	C	T	.	.	.
20070170	G	A	.	.	.
20070171	T	C	.	.	.
20070180	G	A	.	.	.
20070184	C	A	.	.	.
20070185	C	T	.	.	.
20070186	G	A	.	.	.
20070215	A	G	0	0	0
20070218	G	A	0	0	0
20070223	A	G	0	0	0
20070283	C	T	0	0	0
20070285	G	A	0	0	0
20070289	G	A	0	0	0
20070332	A	G	0	0	0
20070335	T	G	0	0	0
20070354	A	G	0	0	0
20070458	C	T	0	0	0
20070469	A	G	0	0	0
20070498	G	A	0	0	0
20070655	C	T	0	0	0
20070667	C	G	0	0	0
20070695	G	A	0	0	0
20070741	G	A	0	0	0
20070749	T	C	0	0	0
20070756	T	G	0	0	0
20070813	C	T	0	0	0
20070814	G	C	0	0	0
20070826	C	A	0	0	0
20070903	T	A	0	0	0
20070944	C	G	0	0	0
20070956	C	A	2	2	0
20070965	G	A	0	0	0
20071013	T	C	0	0	0
20071067	C	T	0	0	0
20071258	G	A	0	0	0
20071307	C	T	0	0	0
20071308	G	A	0	0	0
20071311	C	T	0	0	0
20071351	A	G	0	0	0
20071361	G	A	2	2	2
20071391	T	A	0	0	0
20071423	T	C	0	0	0
20071427	G	T	0	0	0
20071457	G	C	0	0	0
20071485	C	A	0	0	0
20071562	C	T	0	0	0
20071587	G	A	0	0	0
20071600	C	T	0	0	0
20071612	C	T	0	0	0
20071630	G	A	0	0	0
20071636	C	T	0	0	0
20071637	G	T	0	0	0
20071652	T	G	0	0	0
20071667	T	A	0	0	0
20071737	T	C	2	2	.
20071793	G	A	0	0	0
20071799	G	A	0	0	0
20071811	A	T	0	0	0
20071816	G	A	0	0	0
20071848	C	T	0	0	0
20071857	A	G	0	0	0
20071858	T	C	0	0	0
20071863	G	A	0	0	0
20071865	G	C	0	0	0
20071899	C	T	0	0	0
20071902	G	A	0	0	0
20071999	C	A	0	0	0
20072020	A	G	0	0	0
20072047	G	A	0	0	0
20072065	G	A	0	0	0
20072072	G	A	0	0	0
20072113	A	G	0	0	0
20072207	T	C	0	0	0
20072220	C	T	0	0	0
20072250	A	T	0	0	0
20072254	A	T	0	0	0
20072257	T	A	0	0	0
20072301	G	C	0	0	0
20072340	G	T	0	0	0
20072416	G	C	0	0	0
20072476	G	A	0	0	0
20072486	G	T	0	0	0
20072522	A	G	0	0	0
20072523	G	T	0	0	0
20072545	C	T	0	0	0
20072552	C	A	0	0	0
20072601	A	G	0	0	0
20072646	C	T	0	0	0
20072653	C	T	0	0	0
20072660	G	C	0	0	0
20072736	G	A	0	0	0
20072741	G	A	0	0	0
20072837	G	A	0	0	0
20072839	G	A	0	0	0
20072892	G	A	0	0	0
20073020	C	T	0	0	0
20073037	G	A	0	0	0
20073069	T	C	0	0	0
20073140	T	C	0	0	0
20073147	T	C	0	0	0
20073181	T	C	0	0	0
20073233	C	T	0	0	0
20073248	C	T	0	0	0
20073390	G	A	0	0	0
20073478	G	A	0	0	0
20073519	G	A	0	0	0
20073529	G	A	0	0	0
20073559	C	T	0	0	0
20073669	C	T	0	0	0
20073773	C	T	0	0	0
20073910	C	T	0	0	0
20073919	C	T	0	0	0
20073923	C	T	0	0	0
20073924	G	A	0	0	0
20073930	C	T	0	0	0
20073937	C	T	0	0	0
20074000	G	A	0	0	0
20074006	A	G	2	2	2
20074012	G	A	0	0	0
20074090	T	G	0	0	0
20074146	G	A	0	0	0
20074155	A	G	0	0	0
20074203	C	T	0	0	0
20074304	A	C	.	.	.
20074305	A	C	.	.	.
20074351	G	A	0	0	0
20074406	T	G	0	0	0
20074430	C	A	0	0	0
20074440	C	T	0	0	0
20074469	C	T	0	0	0
20074575	C	T	0	0	0
20074657	T	C	0	0	0
20074699	C	T	0	0	0
20074788	C	T	0	0	0
20074819	G	C	0	0	0
20074870	G	C	0	0	0
20074898	G	A	0	0	0
20074946	G	C	0	0	0
20074948	T	C	0	0	0
20075012	C	T	0	0	0
20075035	C	G	0	0	0
20075036	G	A	0	0	0
20075048	G	A	0	0	0
20075349	A	T	0	0	0
20075355	C	T	0	0	0
20075359	G	T	0	0	0
20075362	G	A	0	0	0
20075399	G	A	0	0	0
20075424	A	G	0	0	0
20075489	G	C	0	0	0
20075499	A	G	0	0	0
20075522	G	A	0	0	0
20075585	G	A	0	0	0
20075587	G	T	0	0	0
20075615	C	G	0	0	0
20075718	G	A	0	0	0
20075729	A	G	0	0	0
20075741	G	A	0	0	0
20075742	G	T	0	0	0
20075757	C	T	0	0	0
20075777	C	A	0	0	0
20075780	G	A	0	0	0
20075857	A	G	0	0	0
20075858	A	G	2	2	2
20075911	G	A	0	0	0
20075948	C	T	0	0	0
20076028	C	T	0	0	0
20076042	G	A	0	0	0
20076078	T	C	0	0	0
20076121	C	T	0	0	0
20076146	C	T	0	0	0
20076161	C	A	0	0	0
20076284	C	T	.	.	.
20076350	G	T	0	0	0
20076468	G	A	.	.	.
20076531	A	G	0	0	0
20076593	C	T	0	0	0
20076642	G	A	0	0	0
20076644	A	G	0	0	0
20076664	C	T	0	0	0
20076774	G	T	0	0	0
20076910	G	A	0	0	0
20077014	C	T	0	0	0
20077052	G	A	0	0	0
20077066	C	T	0	0	0
20077067	G	A	0	0	0
20077110	A	G	0	0	0
20077122	A	G	0	0	0
20077155	T	A	0	0	0
20077226	C	A	0	0	0
20077349	A	G	0	0	0
20077352	C	T	0	0	0
20077353	G	A	0	0	0
20077370	A	C	0	0	0
20077399	A	T	0	0	0
20077415	C	T	0	0	0
20077451	A	G	0	0	0
20077456	C	T	0	0	0
20077523	A	G	0	0	0
20077558	C	T	0	0	0
20077566	G	A	0	0	0
20077570	G	T	0	0	0
20077575	G	A	0	0	0
20077592	A	G	0	0	0
20077595	G	A	0	0	0
20077657	G	A	0	0	0
20077661	G	A	0	0	0
20077681	G	A	0	0	0
20077689	C	T	0	0	0
20077690	G	A	0	0	0
20077694	G	A	0	0	0
20077706	C	T	0	0	0
20077720	A	C	0	0	0
20077756	C	T	0	0	0
20077778	G	A	0	0	2
20077813	C	T	0	0	0
20077816	C	T	0	0	0
20077856	T	C	0	0	0
20077863	T	C	0	0	0
20077958	G	A	0	0	0
20078057	C	T	0	0	0
20078138	G	C	0	0	0
20078224	A	G	0	0	0
20078257	T	A	0	0	0
20078286	C	T	0	0	0
20078424	C	T	0	0	0
20078433	T	A	0	0	0
20078504	A	G	0	0	0
20078561	G	A	0	0	0
20078607	G	A	0	0	0
20078621	C	T	0	0	0
20078622	G	A	0	0	0
20078644	C	T	0	0	0
20078655	A	G	0	0	0
20078664	A	G	.	.	.
20078670	C	T	.	.	.
20078702	T	C	.	.	.
20078727	C	T	0	0	0
20078748	A	G	0	0	0
20078851	A	G	0	0	0
20078888	A	G	0	0	0
20078903	C	T	0	0	0
20078943	G	A	0	0	0
20078948	T	C	0	0	0
20079164	C	G	0	0	0
20079255	T	A	0	0	0
20079300	G	A	0	0	0
20079354	C	T	0	0	0
20079508	C	T	0	0	0
20079582	C	T	0	0	0
20079597	G	A	0	0	0
20079603	A	G	2	2	2
20079610	A	G	0	0	0
20079658	G	A	0	0	0
20079688	T	C	0	0	0
20079695	C	T	0	0	0
20079732	C	T	0	0	0
20079746	T	A	0	0	0
20079752	C	T	0	0	0
20079762	G	A	0	0	0
20079772	A	T	0	0	0
20079780	A	G	0	0	0
20079784	C	T	0	0	0
20079862	C	T	0	0	0
20079888	C	G	0	0	0
20079973	G	A	0	0	0
20079977	T	C	0	0	0
20079978	G	A	0	0	0
20080016	G	A	0	0	0
20080022	C	G	0	2	0
20080056	C	T	0	0	0
20080073	C	T	0	0	0
20080086	G	C	0	0	0
20080102	A	G	0	0	0
20080215	C	A	0	0	0
20080217	C	T	0	0	0
20080245	C	T	0	0	0
20080296	C	T	0	0	0
20080435	C	T	0	0	0
20080446	G	A	0	0	0
20080447	G	A	0	0	0
20080483	C	T	0	0	0
20080503	G	C	0	0	0
20080552	A	G	0	0	0
20080566	C	T	0	0	0
20080592	T	G	0	0	0
20080604	A	T	0	0	0
20080635	G	A	0	0	0
20080646	C	T	.	.	.
20080650	C	A	.	.	.
20080666	T	C	.	.	.
20080710	C	T	.	.	.
20080738	C	T	.	.	.
20080744	C	T	.	.	.
20080745	G	A	.	.	.
20080797	G	A	.	.	.
20080800	C	T	.	.	.
20080811	T	C	.	.	.
20080821	G	A	.	.	.
20080839	A	C	.	.	.
20080845	G	A	.	.	.
20080907	G	A	.	.	.
20080927	A	G	.	.	.
20080960	T	G	0	0	0
20081014	G	A	0	0	0
20081043	G	A	0	0	0
20081051	C	T	0	0	0
20081059	C	G	0	0	0
20081095	C	G	0	0	0
20081113	G	A	0	0	0
20081139	C	G	0	0	0
20081142	A	C	0	0	0
20081155	C	T	0	0	0
20081159	C	A	0	0	0
20081160	C	T	0	0	0
20081191	G	A	0	0	0
20081246	T	C	0	0	0
20081288	C	G	0	0	0
20081290	G	A	0	0	0
20081446	C	T	0	0	0
20081472	C	A	0	0	0
20081476	C	G	0	0	0
20081498	T	C	0	0	0
20081504	G	T	0	0	0
20081515	G	T	0	0	0
20081518	G	A	2	2	2
20081536	C	T	0	0	0
20081583	C	T	0	0	0
20081584	G	A	0	0	0
20081607	C	T	0	0	0
20081614	A	T	0	0	0
20081617	C	T	0	0	0
20081645	C	T	0	0	0
20081676	A	C	0	0	0
20081679	C	T	0	0	0
20081700	C	T	0	0	0
20081730	G	A	0	0	0
20081761	C	T	0	0	0
20081774	T	A	0	0	0
20081839	C	T	0	0	0
20081840	G	A	0	0	0
20081852	T	C	2	2	2
20081904	A	C	0	0	0
20081911	A	G	0	0	0
20081969	C	T	0	0	0
20082010	C	T	0	0	0
20082022	G	A	0	0	0
20082030	C	T	0	0	0
20082074	C	T	0	0	0
20082105	T	C	0	0	0
20082165	C	A	0	0	0
20082175	T	G	0	0	0
20082214	C	T	.	.	.
20082228	T	C	.	.	.
20082237	C	A	0	0	0
20082293	A	G	0	0	0
20082336	G	C	0	0	0
20082352	T	C	0	0	0
20082363	C	T	0	0	0
20082364	G	A	0	0	0
20082388	G	A	0	0	0
20082395	G	A	0	0	0
20082401	G	T	0	0	0
20082430	G	A	0	0	2
20082490	G	T	.	.	.
20082491	C	T	.	.	.
20082534	G	T	0	0	0
20082543	C	A	0	0	0
20082557	T	C	0	0	0
20082566	C	T	0	0	0
20082570	G	A	0	2	0
20082574	A	G	0	0	0
20082587	A	G	0	0	0
20082677	G	C	.	.	.
20082705	T	C	.	.	.
20082721	C	T	.	.	.
20082834	G	A	.	.	.
20082848	C	T	.	.	.
20082862	C	T	.	.	.
20082875	C	T	.	.	.
20082881	C	T	.	.	.
20082922	C	T	.	.	.
20082946	T	C	0	0	0
20082961	T	C	2	2	2
20082964	C	T	0	0	0
20083008	C	T	0	0	0
20083072	G	A	0	0	0
20083100	A	T	0	0	0
20083138	C	T	0	0	0
20083139	C	G	0	0	0
20083171	A	G	.	.	.
20083176	A	G	.	.	.
20083189	C	T	.	.	.
20083202	C	T	.	.	.
20083260	A	G	0	0	0
20083271	A	G	0	0	0
20083298	C	G	0	0	0
20083338	G	C	.	.	.
20083371	C	T	.	.	.
20083380	A	G	.	.	.
20083427	C	T	.	.	.
20083442	G	A	.	.	.
20083450	C	A	.	.	.
20083488	C	T	.	.	.
20083511	G	A	.	.	.
20083650	A	G	.	.	.
20083658	G	C	.	.	.
20083732	C	T	.	.	.
20083831	G	A	0	0	0
20083864	G	T	.	.	.
20083890	G	A	.	.	.
20083968	A	C	0	0	0
20083992	T	C	0	0	0
20084028	C	T	0	0	0
20084054	A	G	0	0	0
20084124	A	G	0	0	0
20084192	C	G	.	.	.
20084202	T	C	0	0	0
20084203	C	T	0	0	0
20084210	A	G	0	0	0
20084265	A	G	0	0	0
20084277	C	T	.	.	.
20084302	T	C	.	.	.
20084356	A	C	0	0	0
20084368	C	T	0	0	0
20084489	A	G	0	0	0
20084625	A	G	0	0	0
20084636	A	G	.	.	.
20084644	C	G	.	.	.
20084681	G	A	2	2	2
20084710	C	T	.	.	.
20084730	T	C	0	0	0
20084802	T	C	0	0	0
20084820	C	G	0	0	0
20084821	T	C	0	0	0
20084831	C	G	0	0	0
20085004	C	T	.	.	.
20085027	A	G	0	0	0
20085187	G	A	0	0	0
20085240	A	G	0	0	0
20085286	C	T	.	.	.
20085295	A	G	.	.	.
20085355	T	A	.	.	.
20085488	A	G	.	.	.
20085536	G	C	.	.	.
20085573	C	G	.	.	.
20085633	A	G	.	.	.
20085635	C	T	.	.	.
20085647	C	G	.	.	.
20085677	A	T	.	.	.
20085679	T	A	.	.	.
20085681	T	A	.	.	.
20085688	A	G	.	.	.
20085695	G	A	.	.	.
20085705	G	A	.	.	.
20085721	T	C	.	.	.
20085797	C	T	0	0	0
20085805	C	T	0	2	0
20085874	A	G	0	0	0
20086025	A	G	0	0	0
20086089	C	T	0	0	0
20086121	C	G	0	0	0
20086133	G	T	0	0	0
20086163	A	C	0	0	0
20086350	A	G	0	0	0
20086424	A	G	0	0	0
20086514	A	G	0	0	0
20086515	C	G	0	0	0
20086524	C	T	0	0	0
20086531	T	G	0	0	0
20086540	G	A	0	0	0
20086553	G	T	0	0	0
20086570	C	T	0	0	0
20086571	G	T	0	0	0
20086598	C	T	0	0	0
20086647	G	A	0	0	0
20086659	C	G	0	0	0
20086664	T	C	0	0	0
20086737	T	C	0	0	0
20086756	A	G	2	2	2
20086905	T	A	0	0	0
20086965	A	T	0	0	0
20087016	A	T	0	0	0
20087076	G	A	0	0	0
20087188	T	A	2	2	2
20087206	C	A	.	.	.
20087210	T	C	.	.	.
20087217	G	T	.	.	.
20087246	G	T	0	0	0
20087258	C	T	2	2	2
20087260	G	A	0	0	0
20087293	A	G	0	0	0
20087355	A	G	0	0	0
20087375	C	T	.	.	.
20087400	C	T	.	.	.
20087410	A	G	.	.	.
20087473	T	A	0	0	0
20087513	G	A	0	0	0
20087539	A	G	0	0	0
20087565	G	A	0	0	0
20087584	G	A	.	.	.
20087615	G	T	.	.	.
20087645	A	G	.	.	.
20087679	T	C	.	.	.
20087692	C	A	.	.	.
20087746	C	T	.	.	.
20087747	G	A	.	.	.
20087750	C	T	.	.	.
20087789	C	T	.	.	.
20087800	G	C	.	.	.
20087824	G	A	.	.	.
20087927	T	C	0	0	0
20087929	T	C	0	0	0
20088018	G	A	0	0	0
20088095	G	A	0	0	0
20088147	C	T	0	0	0
20088205	G	A	0	0	0
20088217	T	C	0	0	0
20088240	G	T	0	0	0
20088320	T	C	0	0	1
20088324	C	T	0	0	0
20088326	C	G	0	0	0
20088373	A	G	0	0	0
20088409	T	G	0	0	0
20088431	C	T	0	0	0
20088435	A	G	0	0	0
20088470	C	T	0	0	0
20088491	G	A	0	0	0
20088528	T	C	0	0	0
20088587	G	A	0	0	0
20088611	A	G	0	0	0
20088631	G	A	0	0	0
20088663	C	G	0	0	0
20088707	G	T	0	0	0
20088803	T	C	0	0	0
20088856	T	C	.	.	.
20088865	C	T	.	.	.
20088870	C	A	.	.	.
20088881	C	T	.	.	.
20088901	C	G	.	.	.
20088927	G	A	.	.	.
20088942	A	T	.	.	.
20088974	G	T	.	.	.
20088978	G	A	.	.	.
20089052	G	A	.	.	.
20089083	G	A	.	.	.
20089087	C	T	.	.	.
20089095	T	C	.	.	.
20089111	A	T	.	.	.
20089126	A	G	0	0	0
20089161	G	A	0	0	0
20089181	G	A	0	0	0
20089235	A	G	0	0	0
20089262	G	A	0	0	0
20089271	A	G	0	0	0
20089282	C	T	0	0	0
20089297	C	T	0	0	0
20089301	G	T	0	0	0
20089323	C	T	0	0	0
20089372	C	T	0	0	0
20089524	G	T	0	0	0
20089607	T	C	.	.	.
20089615	T	C	.	.	.
20089693	T	G	0	0	0
20089751	T	C	0	0	0
20089780	C	T	0	0	0
20089818	C	T	0	0	0
20089827	C	G	0	0	0
20089828	C	A	0	0	0
20089837	G	C	0	0	0
20089880	T	C	2	2	2
20089891	G	A	0	0	0
20089896	C	T	0	0	0
20089900	G	A	0	0	0
20089982	C	T	0	0	0
20090038	G	T	0	0	0
20090047	T	A	0	0	0
20090054	C	T	0	0	0
20090055	G	A	0	0	0
20090066	C	T	0	0	0
20090144	T	C	0	0	0
20090169	G	A	0	0	0
20090180	T	C	0	0	0
20090192	A	T	2	2	2
20090201	C	T	0	0	0
20090229	C	T	0	0	0
20090278	T	C	.	.	.
20090308	T	G	0	0	0
20090346	A	C	.	.	.
20090363	A	G	.	.	.
20090385	G	A	.	.	.
20090391	C	G	.	.	.
20090410	C	T	.	.	.
20090591	G	A	.	.	.
20090613	A	G	.	.	.
20090628	T	G	.	.	.
20090728	T	C	0	0	0
20090732	C	T	0	0	0
20090772	T	C	0	0	0
20090812	T	C	0	0	0
20090830	C	T	0	0	0
20090906	C	T	0	0	0
20090945	T	C	2	2	2
20091067	G	A	0	0	0
20091071	A	G	0	0	0
20091084	C	G	0	0	0
20091106	G	A	0	0	0
20091139	G	C	0	0	0
20091170	A	G	0	0	0
20091171	C	T	0	0	0
20091193	T	C	2	2	0
20091240	T	C	0	0	0
20091355	T	C	0	0	0
20091408	C	G	0	0	0
20091460	G	A	0	0	0
20091481	G	A	0	0	0
20091501	G	T	0	0	0
20091628	C	T	0	0	0
20091661	A	C	.	.	.
20091705	G	A	.	.	.
20091735	C	T	.	.	.
20091756	T	C	.	.	.
20091789	G	A	.	.	.
20091795	C	G	.	.	.
20091812	C	T	.	.	.
20091832	C	T	.	.	.
20091833	G	A	.	.	.
20091848	C	T	.	.	.
20091925	C	T	.	.	.
20091941	C	T	.	.	.
20091944	C	T	.	.	.
20091993	G	A	.	.	.
20092072	A	G	0	0	0
20092108	C	T	0	0	0
20092109	C	T	0	0	0
20092160	T	G	0	0	0
20092162	C	T	0	0	0
20092251	C	T	0	0	0
20092265	T	C	0	0	0
20092293	G	T	0	0	0
20092301	A	G	0	0	0
20092370	G	A	0	0	0
20092412	G	A	2	2	2
20092460	G	A	0	0	0
20092571	G	C	0	0	0
20092679	G	C	0	0	0
20092736	C	T	0	0	0
20092777	C	A	0	0	0
20092783	C	T	0	0	0
20092812	G	A	0	0	0
20092870	G	A	0	0	0
20092883	G	A	0	0	0
20092921	G	A	0	0	0
20092963	A	G	2	2	2
20092996	C	T	0	0	0
20093126	T	C	2	2	2
20093159	C	G	0	0	0
20093161	A	G	0	0	0
20093188	C	T	0	0	0
20093218	C	A	0	0	0
20093285	G	C	0	0	0
20093288	C	T	0	0	0
20093304	C	T	0	0	0
20093317	A	G	0	0	0
20093454	A	G	0	0	0
20093509	A	G	0	0	0
20093522	C	T	0	0	0
20093544	T	C	0	0	0
20093593	C	G	0	0	0
20093600	G	A	0	0	0
20093647	G	A	0	0	0
20093655	C	T	0	0	0
20093745	A	G	0	0	0
20093810	G	C	.	.	.
20093824	C	A	.	.	.
20093837	C	T	0	0	0
20093847	C	T	0	0	0
20093868	T	C	0	0	0
20094094	G	A	0	0	0
20094211	G	A	0	0	0
20094244	C	T	0	0	0
20094263	C	T	0	0	0
20094272	G	A	0	0	0
20094283	C	T	0	0	0
20094316	G	T	0	0	0
20094329	G	A	0	0	0
20094362	G	A	0	0	0
20094370	C	T	0	0	0
20094371	G	A	0	0	0
20094379	A	G	0	0	0
20094390	C	T	0	0	0
20094427	A	G	0	0	0
20094433	G	A	0	0	0
20094451	T	C	0	0	0
20094474	C	T	0	0	0
20094486	C	G	0	0	0
20094511	T	C	0	0	0
20094527	C	T	0	0	0
20094633	G	C	0	0	0
20094696	C	T	0	0	0
20094700	G	A	0	0	0
20094727	G	A	0	0	0
20094762	C	A	0	0	0
20094825	C	T	0	0	0
20095051	C	T	0	0	0
20095062	C	T	0	0	0
20095219	C	T	0	0	0
20095237	C	T	0	0	0
20095238	G	A	0	0	0
20095292	C	T	0	0	0
20095293	G	A	0	0	0
20095296	T	G	0	0	0
20095334	A	G	0	0	0
20095425	G	T	0	0	0
20095426	G	C	0	0	0
20095430	G	A	0	0	0
20095443	G	A	0	0	0
20095494	C	A	0	0	0
20095584	C	T	0	0	0
20095595	C	T	0	0	0
20095599	C	G	0	0	0
20095614	C	A	0	0	0
20095642	C	T	0	0	0
20095682	T	C	2	2	2
20095706	C	T	0	0	0
20095717	G	A	0	0	0
20095908	G	A	0	0	0
20095927	G	A	0	0	0
20095933	C	T	0	0	0
20095972	T	C	0	0	0
20096002	T	C	0	0	0
20096051	C	T	0	0	0
20096068	C	A	0	0	0
20096080	T	C	0	0	0
20096172	G	A	0	0	0
20096188	G	A	0	0	0
20096222	G	C	0	0	0
20096236	C	T	0	0	0
20096293	C	T	0	0	0
20096294	G	C	1	0	0
20096313	C	T	0	0	0
20096316	G	A	0	0	0
20096320	G	A	1	0	1
20096364	C	T	0	0	0
20096395	A	G	2	2	2
20096418	A	G	0	0	0
20096543	C	T	0	0	0
20096544	G	C	0	0	0
20096555	C	T	0	0	0
20096560	C	T	0	0	0
20096654	A	G	0	0	0
20096668	T	G	0	0	0
20096689	G	A	0	0	0
20096779	G	C	0	0	0
20096786	C	T	0	0	0
20097018	C	T	0	0	0
20097116	G	A	0	0	0
20097146	C	T	0	0	0
20097147	G	A	0	0	0
20097189	T	C	0	0	0
20097245	A	G	2	2	2
20097313	G	A	0	0	0
20097336	A	G	2	2	2
20097431	C	T	0	0	0
20097433	T	C	0	0	0
20097474	C	G	0	0	0
20097493	C	T	0	0	0
20097518	T	C	0	0	0
20097523	C	G	0	0	0
20097530	C	A	0	0	0
20097575	T	A	0	0	0
20097585	C	T	0	0	0
20097602	G	A	0	0	0
20097643	C	T	0	0	0
20097650	G	C	0	0	0
20097653	C	T	0	0	0
20097656	G	A	0	0	0
20097680	G	A	0	0	0
20097697	C	A	0	0	0
20097701	G	A	0	0	0
20097730	C	T	0	0	0
20097749	A	G	0	0	0
20097754	T	C	0	0	0
20097760	C	T	0	0	0
20097827	G	A	0	0	0
20097966	A	G	0	0	0
20097977	C	T	0	0	0
20097979	C	T	0	0	0
20098020	T	C	0	0	0
20098055	G	A	0	0	0
20098107	G	A	0	0	0
20098140	G	A	0	0	0
20098168	G	C	2	2	2
20098177	A	G	0	0	0
20098298	C	A	0	0	0
20098311	G	A	0	0	0
20098353	C	A	0	0	0
20098359	T	G	2	2	2
20098384	T	A	0	0	0
20098398	C	T	.	.	.
20098413	G	A	.	.	.
20098452	A	G	0	0	0
20098454	A	G	0	0	0
20098521	G	A	2	2	0
20098522	T	C	0	0	0
20098542	A	T	0	0	0
20098544	G	A	0	0	0
20098582	G	A	0	0	0
20098631	G	A	0	0	0
20098680	G	A	0	0	0
20098691	C	T	0	0	0
20098695	T	G	0	0	0
20098728	G	A	0	0	0
20098796	C	T	0	0	0
20098802	C	T	0	0	0
20098812	G	A	0	0	0
20098834	C	T	0	0	0
20098836	T	C	0	0	0
20098843	G	C	0	0	0
20098865	C	T	.	.	.
20098874	G	A	.	.	.
20098882	T	C	.	.	.
20098933	G	A	0	0	0
20098959	C	G	0	0	0
20099019	C	T	0	0	0
20099080	T	C	0	0	0
20099097	G	A	0	0	0
20099114	G	A	0	0	0
20099128	C	T	0	0	0
20099152	T	C	0	0	0
20099180	C	T	0	0	0
20099273	C	G	0	0	0
20099279	C	T	0	0	0
20099299	G	A	0	0	0
20099331	G	A	0	0	0
20099343	T	G	0	0	0
20099375	C	T	0	0	0
20099399	A	C	0	0	0
20099406	G	C	0	0	0
20099527	A	G	0	0	0
20099608	C	T	0	0	0
20099654	C	T	0	0	0
20099655	C	T	0	0	0
20099657	C	T	0	0	0
20099659	C	T	0	0	0
20099660	C	T	.	.	.
20099674	T	C	.	.	.
20099704	T	A	0	0	0
20099716	C	G	0	0	0
20099752	G	T	2	2	2
20099754	C	G	0	0	0
20099883	G	A	0	0	0
20099891	C	G	2	2	2
20099905	A	G	0	0	0
20099941	T	A	0	0	0
20099954	A	G	0	0	0
20100031	C	T	0	0	0
20100088	A	T	0	0	0
20100115	G	A	0	0	0
20100127	C	T	0	0	0
20100133	G	A	0	0	0
20100158	G	C	0	0	0
20100200	C	T	0	0	0
20100209	C	T	0	0	0
20100229	G	A	0	0	0
20100231	G	A	0	0	0
20100274	G	A	0	0	0
20100338	C	T	0	0	0
20100348	A	G	0	0	0
20100357	G	A	0	0	0
20100371	C	T	0	0	0
20100373	T	C	0	0	0
20100387	G	A	0	0	0
20100400	C	T	0	0	0
20100409	C	T	0	0	0
20100419	C	T	0	0	0
20100459	G	C	0	0	0
20100466	G	A	0	0	0
20100480	G	A	0	0	0
20100486	G	A	0	0	0
20100516	G	A	0	0	0
20100526	G	C	0	0	0
20100567	G	A	0	0	0
20100596	T	C	0	0	0
20100615	C	T	0	0	0
20100619	T	G	0	0	0
20100647	C	T	0	0	0
20100674	C	T	0	0	0
20100687	G	A	0	0	0
20100697	C	T	0	0	0
20100705	G	A	0	0	0
20100763	G	A	0	0	0
20100779	C	G	0	0	0
20100791	C	G	0	0	0
20100806	C	T	0	0	0
20100840	C	A	0	0	0
20100846	C	T	0	0	0
20100862	C	T	0	0	0
20100903	A	G	0	0	0
20100911	C	T	0	0	0
20100912	G	A	0	0	0
20100940	G	A	0	0	0
20100976	G	A	0	0	0
20101025	T	C	0	0	0
20101039	G	A	0	0	0
20101045	C	T	0	0	0
20101053	C	T	0	0	0
20101074	T	C	0	0	0
20101124	G	A	0	0	0
20101155	A	G	0	0	0
20101175	G	C	0	0	0
20101183	G	A	0	0	0
20101189	A	G	0	0	0
20101210	C	T	0	0	0
20101211	G	A	0	0	0
20101233	G	A	0	0	0
20101269	C	T	0	0	0
20101278	T	C	0	0	0
20101280	G	A	0	0	0
20101289	C	T	0	0	0
20101300	G	C	0	0	0
20101343	C	T	0	0	0
20101423	C	T	0	0	2
20101425	G	A	0	0	0
20101434	G	A	0	0	0
20101536	G	A	0	0	0
20101561	C	T	0	0	0
20101585	G	T	0	0	0
20101599	T	C	0	0	0
20101629	G	A	0	0	0
20101631	C	T	0	0	0
20101637	C	T	0	0	0
20101645	A	G	0	0	0
20101656	G	A	0	0	0
20101693	C	A	0	0	0
20101786	A	G	0	0	0
20101807	G	C	0	0	0
20101816	G	T	0	0	0
20101874	C	T	0	0	0
20101883	C	G	0	0	0
20101893	G	C	0	0	0
20101959	C	G	0	0	0
20101998	C	T	0	0	0
20102001	A	T	0	0	0
20102010	G	A	0	0	0
20102030	T	A	0	0	0
20102033	C	T	0	0	0
20102046	C	T	0	0	0
20102047	G	A	0	0	0
20102062	A	G	0	0	0
20102064	A	G	0	0	0
20102090	T	C	2	2	2
20102103	G	A	0	0	0
20102216	C	T	0	0	0
20102217	G	A	0	0	0
20102237	G	A	0	0	0
20102256	C	A	0	0	0
20102272	C	T	0	0	0
20102284	C	T	0	0	0
20102298	C	A	0	0	0
20102308	A	G	0	0	0
20102330	T	C	0	0	0
20102360	G	A	0	0	0
20102364	G	A	0	0	0
20102393	T	C	0	0	0
20102464	C	T	0	0	0
20102506	A	G	0	0	0
20102529	G	A	0	0	0
20102534	G	A	0	0	0
20102605	G	A	0	0	0
20102647	C	T	0	0	0
20102660	C	T	0	0	0
20102663	T	C	0	0	0
20102750	C	T	0	0	0
20102773	C	T	0	0	0
20102789	C	T	0	0	0
20102833	G	A	0	0	0
20102842	C	T	0	0	0
20102855	G	A	0	0	0
20102871	A	C	0	0	0
20102934	C	T	0	0	0
20102957	T	C	0	0	0
20102960	C	T	0	0	0
20102961	G	C	0	0	0
20103012	G	A	0	2	0
20103045	G	A	0	0	0
20103118	C	G	0	0	0
20103158	A	G	0	0	0
20103189	T	C	2	2	2
20103225	C	T	0	0	0
20103250	T	C	0	0	0
20103253	C	T	0	0	0
20103260	C	T	0	0	0
20103263	G	T	0	0	0
20103264	C	T	0	0	0
20103272	G	T	0	0	0
20103313	G	C	0	0	0
20103344	C	T	0	0	0
20103391	C	T	0	0	0
20103416	A	G	0	0	0
20103462	G	T	0	0	0
20103467	T	C	0	0	0
20103482	A	C	0	0	0
20103483	A	G	0	0	0
20103495	A	T	0	0	0
20103539	G	A	0	0	0
20103603	C	T	0	0	0
20103604	G	A	0	0	0
20103614	C	T	0	0	0
20103688	C	G	0	0	0
20103713	G	A	0	0	0
20103716	G	A	0	0	0
20103735	C	T	0	0	0
20103736	G	A	0	0	0
20103750	C	T	0	0	0
20103751	G	A	0	0	0
20103780	C	A	0	0	0
20103803	A	C	0	0	0
20103827	G	A	0	0	0
20103845	G	A	0	0	0
20103847	G	A	0	0	0
20103915	C	T	0	0	0
20103925	T	C	0	0	0
20103953	G	A	0	0	0
20103987	C	T	0	0	0
20104040	C	G	0	0	1
20104062	G	C	0	0	0
20104101	C	T	0	0	0
20104146	A	C	0	0	0
20104235	C	T	0	0	0
20104268	C	G	0	0	0
20104272	C	G	0	0	0
20104273	G	T	0	0	0
20104301	T	C	2	2	2
20104344	T	A	0	0	0
20104350	A	C	0	0	0
20104388	C	T	0	0	0
20104402	C	G	0	0	0
20104430	C	T	0	0	0
20104495	C	T	0	0	0
20104510	G	C	0	0	0
20104515	C	T	0	0	0
20104586	C	G	0	0	0
20104653	G	T	0	0	0
20104699	C	T	0	0	0
20104715	C	T	0	0	0
20104747	T	C	0	0	0
20104763	G	A	0	0	0
20104779	C	T	0	0	0
20104819	A	C	2	2	2
20104853	T	G	2	2	2
20104864	G	T	0	0	0
20104875	T	G	0	0	0
20104963	A	T	.	.	.
20105019	G	A	0	0	0
20105073	C	T	0	0	0
20105156	G	T	0	0	0
20105224	C	T	2	2	2
20105228	G	A	2	2	2
20105229	C	T	2	2	2
20105374	G	T	0	0	0
20105389	G	A	0	0	0
20105401	G	T	0	0	0
20105410	C	T	0	0	0
20105453	C	T	0	0	0
20105508	C	T	0	0	0
20105607	C	T	0	0	0
20105613	T	C	0	0	0
20105641	A	T	2	2	2
20105661	G	C	0	0	0
20105695	C	G	0	0	0
20105760	A	G	0	0	0
20105889	T	C	0	0	0
20105976	C	T	0	0	0
20105996	G	A	.	.	.
20106055	A	T	0	0	0
20106069	C	A	2	2	2
20106087	A	G	0	0	0
20106104	T	C	2	2	2
20106126	C	T	0	0	0
20106130	A	G	0	0	0
20106145	C	A	0	0	0
20106162	C	T	0	0	0
20106171	T	C	0	0	0
20106223	G	C	0	0	0
20106281	C	G	0	0	0
20106303	G	C	0	0	0
20106305	G	T	0	0	0
20106312	C	T	0	0	0
20106362	G	A	0	0	0
20106417	C	T	0	0	0
20106448	G	A	0	0	0
20106503	G	A	0	0	0
20106550	C	T	.	.	.
20106577	C	T	.	.	.
20106593	C	T	.	.	.
20106658	G	A	.	.	.
20106681	G	A	0	0	0
20106686	T	A	0	0	0
20106712	T	C	0	0	0
20106717	G	A	0	0	0
20106833	T	C	0	0	0
20106852	G	C	0	0	0
20106861	G	T	0	0	0
20106870	C	G	0	0	0
20106919	C	T	.	.	.
20106937	T	C	.	.	.
20107064	G	A	.	.	.
20107113	C	T	.	.	.
20107136	C	T	.	.	.
20107149	C	A	.	.	.
20107152	G	A	.	.	.
20107156	T	C	.	.	.
20107179	C	T	.	.	.
20107187	C	T	.	.	.
20107203	T	A	.	.	.
20107228	C	T	.	.	.
20107260	G	A	.	.	.
20107279	C	A	.	.	.
20107317	C	T	.	.	.
20107318	G	A	.	.	.
20107342	C	T	0	0	0
20107361	C	T	0	0	0
20107367	A	G	0	0	0
20107384	G	A	.	.	.
20107400	T	C	.	.	.
20107462	C	T	0	0	0
20107464	G	T	0	0	0
20107479	C	T	0	0	0
20107509	C	G	0	0	0
20107522	C	T	0	0	0
20107566	C	T	0	0	0
20107592	G	C	.	.	.
20107593	T	A	.	.	.
20107624	C	G	.	.	.
20107643	A	T	0	0	0
20107649	C	A	0	0	0
20107706	C	T	0	0	0
20107729	G	A	0	0	0
20107756	G	A	0	0	0
20107785	A	C	0	0	0
20107788	G	T	0	0	0
20107849	G	A	0	0	0
20107877	C	G	0	0	0
20107883	T	C	0	0	0
20107915	T	C	0	0	0
20107918	C	T	0	0	0
20107957	T	C	2	2	2
20107983	T	C	0	0	0
20107989	C	T	0	0	0
20107999	C	T	0	0	0
20108031	C	G	0	0	0
20108033	C	T	0	0	0
20108062	T	C	0	0	0
20108164	T	C	0	0	0
20108272	T	C	.	.	.
20108295	A	G	.	.	.
20108322	A	G	.	.	.
20108325	G	A	.	.	.
20108335	A	G	.	.	.
20108343	C	G	0	0	0
20108354	G	A	.	.	.
20108385	T	C	.	.	.
20108412	C	T	0	0	0
20108433	G	A	0	0	0
20108465	G	C	0	0	0
20108500	G	A	.	.	.
20108537	C	T	.	.	.
20108551	A	G	.	.	.
20108584	T	C	.	.	.
20108622	G	A	.	.	.
20108685	T	C	.	.	.
20108736	A	G	.	.	.
20108741	G	T	.	.	.
20108830	T	C	.	.	.
20108865	C	T	.	.	.
20108870	T	G	.	.	.
20108879	T	C	.	.	.
20108898	G	A	.	.	.
20108940	T	G	.	.	.
20108946	A	G	.	.	.
20108966	T	G	.	.	.
20108980	C	T	.	.	.
20108984	C	G	.	.	.
20108999	C	T	.	.	.
20109002	C	T	.	.	.
20109007	G	A	.	.	.
20109064	C	T	.	.	.
20109068	G	C	.	.	.
20109083	T	G	.	.	.
20109088	A	T	0	0	0
20109162	C	T	.	.	.
20109163	G	A	.	.	.
20109168	A	G	.	.	.
20109169	G	A	.	.	.
20109208	C	T	0	0	0
20109228	C	T	0	0	0
20109241	T	C	.	.	.
20109254	A	G	.	.	.
20109265	C	T	.	.	.
20109287	C	T	0	0	0
20109293	G	A	0	0	0
20109324	C	T	0	0	0
20109325	A	G	2	2	2
20109328	C	G	0	0	0
20109331	C	T	0	0	0
20109352	C	T	.	.	.
20109406	C	T	.	.	.
20109454	G	A	.	.	.
20109482	G	A	.	.	.
20109492	C	T	.	.	.
20109503	C	G	.	.	.
20109508	C	T	.	.	.
20109514	G	A	.	.	.
20109516	C	T	.	.	.
20109559	C	T	0	0	0
20109573	G	C	0	0	0
20109584	C	T	0	0	0
20109585	G	A	.	.	.
20109608	T	C	.	.	.
20109612	G	A	.	.	.
20109621	C	T	0	0	0
20109627	C	T	0	0	0
20109657	G	T	0	0	0
20109664	G	A	0	0	0
20109670	C	T	2	2	0
20109677	G	A	0	0	0
20109681	G	A	0	0	0
20109740	A	G	0	0	0
20109758	C	T	0	0	0
20109760	C	G	0	0	0
20109772	C	T	0	0	0
20109960	G	A	0	0	0
20109977	C	T	0	0	0
20110035	G	A	0	0	0
20110154	G	T	0	0	0
20110196	G	A	0	0	0
20110252	G	A	.	.	.
20110358	G	T	0	0	0
20110557	T	G	0	0	0
20110620	G	T	0	0	0
20110628	G	A	0	0	0
20110661	G	A	.	.	.
20110670	G	A	0	0	0
20110701	G	C	.	.	.
20110826	A	T	1	0	0
20110961	G	C	.	.	.
20111076	C	T	0	0	0
20111087	C	T	0	0	0
20111110	C	A	0	0	0
20111152	G	T	0	0	0
20111177	G	T	0	0	0
20111206	C	T	0	0	0
20111307	G	A	0	0	0
20111407	G	C	0	0	0
20111416	G	A	0	0	0
20111472	G	C	0	0	0
20111477	A	C	0	0	0
20111549	C	T	0	0	0
20111569	C	T	0	0	0
20111605	G	A	0	0	0
20111620	T	A	0	0	0
20111657	C	G	0	0	0
20111663	G	A	0	0	0
20111671	C	A	0	0	0
20111672	A	G	0	0	0
20111676	C	T	2	2	2
20111713	G	A	0	0	0
20111729	G	T	0	0	0
20111858	G	C	0	0	0
20111883	G	A	0	0	0
20111909	G	A	0	0	0
20111915	T	A	0	0	0
20111971	C	G	.	.	.
20112014	C	A	0	0	0
20112048	C	T	0	0	0
20112115	T	C	0	0	0
20112126	T	C	0	0	0
20112133	G	A	0	0	0
20112165	C	T	0	0	0
20112184	C	T	0	0	0
20112229	C	T	0	0	0
20112271	T	G	0	0	0
20112285	C	G	.	.	.
20112359	G	T	0	0	0
20112410	C	T	0	0	0
20112413	C	T	0	0	0
20112440	T	C	0	0	0
20112442	G	T	0	0	0
20112455	G	A	0	0	0
20112493	C	T	0	0	0
20112521	T	C	2	2	2
20112622	T	C	0	0	0
20112634	G	A	0	0	0
20112669	G	A	0	0	0
20112677	A	C	0	0	0
20112688	G	C	0	0	0
20112752	A	T	0	0	0
20112801	C	T	0	0	0
20112812	C	T	0	0	0
20112813	G	A	0	0	0
20112840	T	C	.	.	.
20112859	C	T	.	.	.
20112868	C	T	.	.	.
20112898	T	C	.	.	.
20112904	C	T	.	.	.
20112907	C	T	.	.	.
20112969	G	A	0	0	0
20112991	T	C	0	0	0
20112999	C	T	0	0	0
20113004	G	T	0	0	0
20113005	C	T	0	0	0
20113081	C	T	0	1	0
20113082	G	T	0	0	0
20113190	T	G	0	0	0
20113227	G	T	0	0	0
20113240	C	T	0	0	0
20113241	G	A	0	0	0
20113253	T	G	2	2	2
20113270	G	A	0	0	0
20113335	G	A	0	0	0
20113336	G	T	0	0	0
20113338	C	T	0	0	0
20113362	C	T	0	0	0
20113434	C	T	0	0	0
20113445	C	T	0	0	0
20113503	C	T	0	0	0
20113504	G	A	0	0	0
20113566	C	T	0	0	0
20113577	C	T	0	0	0
20113582	C	G	0	0	0
20113599	A	G	0	0	0
20113602	C	T	0	0	0
20113613	C	T	0	0	0
20113624	G	A	0	0	0
20113633	C	T	0	0	0
20113669	C	G	0	0	0
20113713	T	A	0	0	0
20113717	C	T	0	0	0
20113723	C	T	0	0	0
20113763	C	T	0	0	0
20113777	T	C	2	2	2
20113794	C	G	0	0	0
20113809	C	T	0	0	0
20113880	G	A	.	.	.
20113896	C	T	.	.	.
20113917	G	A	.	.	.
20113996	G	A	.	.	.
20114006	C	T	0	0	0
20114078	A	T	0	0	0
20114128	C	A	.	.	.
20114164	C	T	0	0	0
20114192	C	T	0	0	0
20114239	T	G	.	.	.
20114299	C	T	0	0	0
20114348	A	C	0	0	0
20114361	G	A	0	0	0
20114366	C	T	0	0	0
20114375	C	T	0	0	0
20114378	T	C	0	0	0
20114420	A	C	0	0	0
20114422	G	T	0	0	0
20114479	A	G	.	.	.
20114500	C	T	.	.	.
20114512	G	A	.	.	.
20114518	G	A	.	.	.
20114633	C	T	.	.	.
20114634	C	T	.	.	.
20114640	C	T	.	.	.
20114726	T	G	.	.	.
20114727	T	G	.	.	.
20114774	T	C	.	.	.
20114794	A	G	.	.	.
20114839	C	T	.	.	.
20114878	G	A	.	.	.
20114885	G	A	0	0	0
20114895	T	G	0	0	0
20114908	C	T	0	0	0
20114912	G	C	0	0	0
20114929	C	T	0	0	0
20114950	T	C	0	0	0
20114954	C	T	0	0	0
20114957	G	T	2	2	2
20115034	C	T	0	0	0
20115041	G	T	0	0	0
20115082	C	T	0	0	0
20115099	G	A	0	0	0
20115126	G	T	0	0	0
20115137	C	G	0	0	0
20115183	G	A	.	.	.
20115185	G	A	.	.	.
20115219	A	G	0	0	0
20115262	G	A	0	0	0
20115263	A	G	0	0	0
20115279	C	T	0	0	0
20115284	C	T	0	0	0
20115331	G	A	0	0	0
20115366	C	T	0	0	0
20115397	C	T	0	0	0
20115412	C	T	0	0	0
20115413	G	A	2	2	2
20115442	A	G	0	0	0
20115451	T	C	0	0	0
20115454	C	T	0	0	0
20115464	A	T	0	0	0
20115469	G	A	2	2	2
20115472	T	C	0	0	0
20115508	T	C	0	0	0
20115510	T	C	2	2	2
20115521	G	A	0	0	0
20115562	C	T	2	2	2
20115597	C	G	0	0	0
20115638	C	A	0	0	0
20115639	G	A	0	0	0
20115642	C	T	0	0	0
20115644	C	G	0	0	0
20115676	G	A	0	0	0
20115727	C	G	0	0	0
20115733	C	G	0	0	0
20115763	C	T	0	0	0
20115764	G	A	0	0	0
20115771	G	A	0	0	0
20115790	C	T	0	0	0
20115794	C	T	0	0	0
20115854	G	A	0	0	0
20115858	G	A	0	0	0
20115862	C	T	0	0	0
20115872	C	A	.	.	.
20115889	A	G	.	.	.
20115913	C	T	.	.	.
20115914	G	A	.	.	.
20115929	C	T	.	.	.
20115934	G	C	.	.	.
20115948	A	G	0	0	0
20115953	C	T	0	0	0
20115984	G	A	0	0	0
20115998	C	T	0	0	0
20116013	C	T	0	0	0
20116015	T	G	2	2	2
20116021	G	T	.	.	.
20116088	C	G	.	.	.
20116096	G	A	.	.	.
20116177	C	T	0	0	0
20116182	T	G	2	2	2
20116241	C	A	0	0	0
20116332	C	T	0	0	0
20116352	A	T	0	0	0
20116354	A	G	0	0	0
20116408	G	A	0	0	0
20116443	C	A	0	0	0
20116569	A	G	0	0	2
20116574	C	T	0	0	0
20116581	G	A	0	0	0
20116593	C	T	0	0	0
20116594	G	A	0	0	0
20116648	T	G	0	0	0
20116670	G	T	0	0	0
20116672	C	T	0	0	0
20116779	G	C	0	0	0
20116859	G	A	0	0	0
20116906	C	T	0	0	0
20116972	G	C	2	2	2
20116982	A	G	0	0	0
20116999	T	C	0	0	0
20117004	C	T	0	0	0
20117040	G	A	0	0	0
20117046	T	C	2	2	2
20117082	C	T	0	0	0
20117084	C	T	0	0	0
20117086	C	T	2	2	2
20117087	A	G	0	0	0
20117088	T	G	0	0	0
20117092	G	A	0	0	0
20117098	C	T	0	0	0
20117100	G	C	2	2	2
20117101	G	T	2	2	0
20117109	T	C	0	0	0
20117164	G	A	0	0	0
20117296	G	A	0	0	0
20117344	G	T	2	2	0
20117345	T	G	2	2	2
20117358	G	T	0	0	0
20117364	C	A	0	0	0
20117480	C	T	0	0	0
20117515	C	G	.	.	.
20117518	C	T	.	.	.
20117633	G	C	.	.	.
20117644	C	T	.	.	.
20117645	A	G	.	.	.
20117697	C	G	.	.	.
20117704	A	G	.	.	.
20117718	G	C	.	.	.
20117869	A	G	0	0	0
20117930	A	G	0	0	0
20118014	G	A	0	0	0
20118026	G	A	0	0	0
20118028	G	A	0	0	1
20118082	G	A	0	0	0
20118084	C	T	0	0	0
20118093	C	T	0	0	0
20118130	C	T	0	0	0
20118252	C	T	0	0	0
20118283	T	C	0	0	0
20118310	G	A	0	0	0
20118352	G	C	2	2	2
20118450	T	C	.	.	.
20118456	C	T	.	.	.
20118459	A	C	0	0	0
20118481	C	G	0	0	0
20118494	G	A	0	0	0
20118510	C	T	0	0	0
20118530	G	A	0	0	0
20118605	C	A	.	.	.
20118624	G	C	.	.	.
20118630	G	T	.	.	.
20118640	A	T	2	2	2
20118645	C	T	0	0	0
20118685	T	C	0	0	0
20118713	G	A	0	0	0
20118738	C	T	0	0	0
20118778	G	A	2	2	2
20118888	T	C	0	0	0
20118914	T	C	0	0	0
20118921	G	A	0	0	0
20118932	C	T	0	0	0
20119002	A	G	2	2	0
20119007	A	G	0	0	0
20119010	G	A	0	0	0
20119036	C	T	0	0	0
20119098	C	G	2	2	2
20119177	G	C	0	0	0
20119185	C	T	0	0	0
20119208	G	A	2	2	2
20119231	A	G	2	2	2
20119245	G	C	2	2	2
20119261	G	A	2	2	2
20119302	A	C	2	2	2
20119305	A	C	2	2	2
20119310	A	C	2	2	2
20119313	A	C	2	2	2
20119357	C	T	0	0	2
20119388	G	T	0	0	.
20119540	C	T	0	0	0
20119588	G	A	0	0	0
20119601	C	T	0	0	0
20119606	G	A	0	0	0
20119712	A	G	0	0	0
20119750	G	C	0	0	0
20119755	G	A	0	0	0
20119804	C	T	0	0	0
20119818	C	T	0	0	0
20119884	C	A	0	0	0
20119930	A	G	0	0	0
20119932	G	A	0	0	0
20119984	C	T	0	0	0
20120008	C	T	0	0	0
20120022	A	G	0	0	0
20120053	G	A	0	0	0
20120157	C	T	0	0	0
20120190	C	T	0	0	0
20120252	G	A	0	0	0
20120331	C	G	0	0	0
20120358	G	A	0	0	0
20120369	C	G	0	0	0
20120414	G	A	.	.	.
20120433	C	T	.	.	.
20120441	C	G	.	.	.
20120447	C	A	0	0	0
20120460	G	A	0	0	0
20120562	C	T	.	.	.
20120563	G	T	.	.	.
20120591	G	A	.	.	.
20120605	C	T	0	0	0
20120616	A	T	0	0	0
20120671	C	T	.	.	.
20120775	G	A	.	.	.
20120784	G	A	.	.	.
20120895	G	C	.	.	.
20120978	G	A	.	.	.
20120979	C	T	.	.	.
20121033	C	T	.	.	.
20121035	T	A	.	.	.
20121039	G	A	.	.	.
20121080	C	T	.	.	.
20121090	A	G	.	.	.
20121211	C	T	.	.	.
20121293	A	G	.	.	.
20121326	A	C	.	.	.
20121419	T	C	0	0	0
20121475	G	A	0	0	0
20121481	G	C	0	0	0
20121501	G	C	0	0	0
20121538	C	T	0	0	0
20121645	G	A	2	2	2
20121650	C	T	0	0	0
20121718	C	T	0	0	0
20121838	G	A	0	0	0
20121842	C	T	0	0	0
20121848	G	A	0	0	0
20121866	C	T	0	0	0
20121905	G	A	0	0	0
20121966	C	T	0	0	0
20122065	G	T	0	0	0
20122091	A	G	0	0	0
20122128	G	T	0	0	0
20122141	G	A	0	0	0
20122157	C	A	0	0	0
20122301	G	T	0	0	0
20122327	C	T	0	0	0
20122336	A	G	0	0	0
20122350	A	G	0	0	0
20122430	C	T	0	0	0
20122440	C	A	0	0	0
20122458	G	A	.	.	.
20122517	C	T	.	.	.
20122519	A	C	.	.	.
20122539	C	T	.	.	.
20122549	G	A	.	.	.
20122607	C	T	.	.	.
20122661	A	G	.	.	.
20122670	C	T	.	.	.
20122704	G	A	.	.	.
20122746	G	C	.	.	.
20122777	T	G	0	0	0
20122891	C	G	0	0	0
20122937	C	T	0	0	0
20122940	T	C	0	0	0
20122959	G	A	0	0	0
20122981	T	G	0	0	0
20123012	T	G	2	2	0
20123051	C	T	0	0	0
20123205	C	T	.	.	.
20123231	G	A	0	0	0
20123235	G	T	0	0	0
20123312	A	T	0	0	0
20123365	C	T	0	0	0
20123366	G	A	0	0	0
20123376	G	A	0	0	0
20123382	C	T	0	0	0
20123455	T	A	0	0	0
20123458	C	G	0	0	0
20123505	T	C	2	2	2
20123512	C	T	0	0	0
20123558	C	T	0	0	0
20123622	C	T	0	0	0
20123623	G	A	0	0	0
20123674	C	T	0	0	0
20123750	C	T	0	0	0
20123756	G	A	0	0	0
20123763	G	A	0	0	0
20123808	C	T	0	0	0
20123845	C	G	0	0	0
20123871	C	T	0	0	0
20123947	G	A	0	0	0
20123956	C	T	0	0	0
20124003	A	C	0	0	0
20124066	G	A	0	0	0
20124070	C	T	0	0	0
20124131	C	T	0	0	0
20124134	G	A	0	0	0
20124158	G	T	0	0	0
20124226	T	A	0	0	0
20124248	T	C	0	0	2
20124257	T	C	0	0	0
20124313	T	C	0	0	0
20124355	T	C	0	0	0
20124398	G	A	0	0	0
20124489	G	T	0	0	0
20124493	G	C	0	0	0
20124523	T	A	0	0	0
20124528	C	T	0	0	0
20124563	T	G	0	0	0
20124629	C	A	0	0	0
20124649	T	C	0	0	0
20124660	A	G	0	0	0
20124670	C	G	0	0	0
20124672	G	C	0	0	0
20124687	C	A	0	0	0
20124697	C	T	0	0	0
20124710	A	G	0	0	0
20124847	C	G	0	0	0
20124850	G	A	0	0	0
20124855	C	T	0	0	0
20124872	C	A	0	0	0
20124917	G	A	0	0	0
20124926	G	C	0	0	0
20124935	C	T	0	0	0
20124991	C	T	0	0	0
20125013	G	A	0	0	0
20125048	G	A	0	0	0
20125064	C	T	0	0	0
20125065	G	A	0	0	0
20125082	G	A	.	.	.
20125128	G	T	0	0	0
20125176	C	T	0	0	0
20125200	C	T	2	2	2
20125262	G	A	0	0	0
20125299	C	T	0	0	0
20125401	C	T	0	0	0
20125502	G	A	0	0	0
20125526	C	T	0	0	0
20125581	G	A	0	0	0
20125595	C	T	0	0	0
20125606	G	T	0	0	0
20125607	G	T	0	0	0
20125621	A	C	0	0	0
20125674	C	T	0	0	0
20125702	T	C	2	2	2
20125706	G	C	0	0	0
20125742	C	T	.	.	.
20125764	G	T	0	0	0
20125776	G	A	0	0	0
20125797	C	T	0	0	0
20125855	G	A	0	0	0
20125919	C	T	0	0	0
20125927	G	A	0	0	0
20125928	G	A	0	0	0
20125931	A	G	0	0	0
20126006	A	G	0	0	0
20126022	C	G	0	0	0
20126025	C	T	0	0	0
20126065	G	A	0	0	0
20126128	A	G	0	0	0
20126260	C	G	0	0	0
20126322	C	A	0	0	0
20126345	C	T	0	0	0
20126468	C	T	2	2	2
20126469	G	A	0	0	0
20126508	C	T	0	0	0
20126512	A	G	0	0	0
20126534	C	T	0	0	0
20126537	T	C	0	0	0
20126541	C	T	0	0	0
20126542	G	A	0	0	0
20126548	C	T	0	0	0
20126549	G	A	0	0	0
20126550	A	G	0	0	0
20126585	G	A	0	0	0
20126669	C	T	0	0	0
20126702	C	T	2	2	0
20126741	G	T	2	2	2
20126807	C	G	0	0	0
20126829	T	C	0	0	0
20126906	C	A	0	0	0
20126949	C	G	0	0	0
20126959	G	T	0	0	0
20127026	C	T	0	0	0
20127032	C	T	0	0	0
20127078	C	T	0	0	0
20127219	C	G	0	0	0
20127226	G	T	0	0	0
20127267	G	A	0	0	0
20127374	G	A	0	0	0
20127408	A	G	0	0	0
20127460	C	T	0	0	0
20127554	A	G	2	2	2
20127589	G	A	0	0	0
20127633	G	A	0	0	0
20127659	C	T	0	0	0
20127858	C	T	0	0	0
20127859	G	A	0	0	0
20127876	A	G	0	0	0
20127884	G	A	0	0	0
20127893	C	T	0	0	0
20127911	C	T	0	0	0
20127912	G	A	0	0	0
20127919	C	T	0	0	0
20127945	T	G	0	0	0
20127985	G	T	0	0	0
20127987	A	G	0	0	0
20127989	C	T	0	0	0
20128008	T	A	0	0	0
20128035	C	T	0	0	0
20128064	C	T	0	0	0
20128211	G	A	0	0	0
20128294	G	A	0	0	0
20128299	T	C	0	0	0
20128307	C	T	0	0	0
20128308	G	T	0	0	0
20128349	T	A	0	0	0
20128373	G	C	0	0	0
20128398	G	A	0	0	1
20128402	T	C	0	0	0
20128426	C	T	0	0	0
20128538	G	A	0	0	0
20128604	G	A	0	0	0
20128620	G	A	0	0	0
20128635	G	A	0	0	0
20128648	T	C	0	0	0
20128651	T	G	2	2	2
20128659	G	C	0	0	0
20128674	T	C	2	2	2
20128691	C	T	0	0	0
20128713	C	T	.	.	.
20128727	C	T	.	.	.
20128733	C	T	.	.	.
20128735	C	T	.	.	.
20128851	G	A	.	.	.
20128880	G	A	2	2	2
20128881	A	C	2	2	2
20128924	A	T	.	.	.
20128930	G	A	.	.	.
20128956	C	T	.	.	.
20128957	G	A	.	.	.
20128978	G	A	.	.	.
20128982	C	A	.	.	.
20128986	C	T	.	.	.
20129040	G	A	0	0	0
20129072	C	T	0	0	0
20129080	C	A	0	0	0
20129087	C	T	0	0	0
20129088	G	A	0	0	0
20129106	T	C	2	2	2
20129115	G	A	0	0	0
20129116	C	T	0	0	0
20129124	C	A	0	0	0
20129128	C	T	0	0	0
20129165	C	A	0	0	0
20129181	C	G	0	0	0
20129206	T	C	.	.	.
20129278	A	G	0	0	0
20129331	G	A	0	0	0
20129346	A	G	0	0	0
20129386	A	G	0	0	0
20129412	C	T	.	.	.
20129439	G	A	0	0	0
20129471	G	T	.	.	.
20129490	C	T	.	.	.
20129538	G	A	0	0	0
20129543	G	A	0	0	0
20129566	C	T	0	0	0
20129593	C	T	0	0	0
20129672	C	T	0	0	0
20129695	A	C	0	0	0
20129742	G	C	0	0	0
20129768	C	A	0	0	0
20129775	C	T	0	0	0
20129791	C	T	0	0	0
20129852	G	T	.	.	.
20129858	G	T	.	.	.
20129878	T	C	.	.	.
20129902	C	T	.	.	.
20129905	C	G	.	.	.
20129941	C	T	.	.	.
20129967	C	T	0	0	0
20129968	G	A	0	0	0
20130079	G	A	.	.	.
20130103	C	T	.	.	.
20130160	T	C	.	.	.
20130173	C	T	.	.	.
20130209	C	T	0	0	0
20130218	T	G	0	0	0
20130321	C	T	.	.	.
20130341	C	T	0	0	0
20130353	G	A	0	0	0
20130357	C	G	0	0	0
20130397	C	T	.	.	.
20130410	G	A	.	.	.
20130416	C	T	.	.	.
20130434	G	C	.	.	.
20130455	C	T	0	0	0
20130471	C	T	0	0	0
20130472	G	A	0	0	0
20130507	C	T	.	.	.
20130530	G	A	.	.	.
20130558	G	A	0	0	0
20130614	G	A	.	.	.
20130626	C	T	.	.	.
20130654	G	A	.	.	.
20130660	G	A	.	.	.
20130695	G	A	.	.	.
20130697	G	A	.	.	.
20130698	C	T	.	.	.
20130699	G	A	.	.	.
20130700	A	C	.	.	.
20130728	C	A	0	0	0
20130744	C	T	0	0	0
20130794	C	T	.	.	.
20130806	C	T	.	.	.
20130861	G	A	.	.	.
20130885	G	A	.	.	.
20130893	C	T	.	.	.
20130908	C	T	.	.	.
20130920	G	A	.	.	.
20130955	C	T	0	0	0
20130965	T	C	0	0	0
20131018	C	T	0	0	0
20131031	G	A	0	0	0
20131055	C	T	.	.	.
20131079	G	A	.	.	.
20131115	C	T	.	.	.
20131116	G	A	.	.	.
20131120	C	T	.	.	.
20131121	G	C	.	.	.
20131135	G	A	.	.	.
20131166	G	A	.	.	.
20131213	G	A	0	0	0
20131271	C	T	.	.	.
20131272	G	A	.	.	.
20131333	G	A	.	.	.
20131379	G	T	.	.	.
20131427	G	C	.	.	.
20131523	C	T	0	0	0
20131567	C	T	.	.	.
20131631	C	G	.	.	.
20131693	A	G	.	.	.
20131703	G	T	.	.	.
20131706	T	C	.	.	.
20131859	C	T	.	.	.
20131881	G	T	0	0	0
20131885	G	A	0	0	0
20131890	G	A	0	0	0
20131897	C	T	0	0	0
20131917	G	A	.	.	.
20131927	A	C	.	.	.
20131928	C	T	.	.	.
20131960	G	T	.	.	.
20131975	G	A	.	.	.
20131978	A	C	.	.	.
20131994	G	A	0	0	0
20132019	G	A	0	0	0
20132034	C	T	0	0	0
20132035	G	A	0	0	0
20132043	C	T	0	0	0
20132049	C	A	0	0	0
20132061	C	G	.	.	.
20132078	A	C	.	.	.
20132084	C	G	.	.	.
20132127	C	T	.	.	.
20132128	G	A	0	0	0
20132156	C	G	.	.	.
20132216	C	T	.	.	.
20132256	C	T	.	.	.
20132280	C	T	.	.	.
20132281	G	A	.	.	.
20132284	T	C	.	.	.
20132286	A	G	0	0	0
20132299	T	C	2	2	2
20132328	G	A	.	.	.
20132356	T	A	.	.	.
20132365	A	G	.	.	.
20132456	C	T	.	.	.
20132460	C	T	.	.	.
20132496	C	T	.	.	.
20132497	G	A	.	.	.
20132502	G	A	.	.	.
20132569	C	T	0	0	0
20132611	G	A	0	0	0
20132624	C	T	0	0	0
20132638	T	A	2	2	2
20132659	C	T	0	0	0
20132687	C	T	.	.	.
20132700	C	T	.	.	.
20132749	C	T	.	.	.
20132802	C	T	0	0	0
20132813	C	T	.	.	.
20132841	G	A	.	.	.
20132858	A	G	0	0	0
20132861	C	T	0	0	0
20132869	G	A	.	.	.
20132890	C	T	.	.	.
20132932	T	C	0	0	0
20132940	A	G	0	0	0
20132943	C	T	0	0	0
20132972	A	G	.	.	.
20132991	C	T	0	0	0
20133018	A	C	.	.	.
20133085	G	T	.	.	.
20133174	C	G	.	.	.
20133175	C	G	.	.	.
20133209	T	C	.	.	.
20133218	C	T	.	.	.
20133234	G	A	0	0	0
20133243	C	T	0	0	0
20133289	A	G	0	0	0
20133290	T	C	2	2	2
20133301	C	T	0	2	0
20133339	C	T	.	.	.
20133345	G	A	0	0	0
20133378	G	A	0	0	0
20133394	G	C	0	0	0
20133410	G	T	0	0	0
20133416	C	T	0	0	0
20133507	C	T	0	0	0
20133530	G	A	0	0	0
20133537	C	T	0	0	0
20133580	T	A	0	0	0
20133600	C	T	0	0	0
20133604	C	T	0	0	0
20133668	G	C	.	.	.
20133687	G	A	.	.	.
20133691	G	A	.	.	.
20133702	A	C	.	.	.
20133712	G	A	0	0	0
20133800	C	T	.	.	.
20133821	G	A	.	.	.
20133824	G	A	.	.	.
20133852	T	G	.	.	.
20133888	A	G	.	.	.
20133905	C	T	.	.	.
20133914	T	G	.	.	.
20133942	A	G	.	.	.
20133992	C	T	0	0	0
20134034	G	C	0	0	0
20134092	C	T	.	.	.
20134093	G	A	.	.	.
20134120	G	A	.	.	.
20134129	T	C	.	.	.
20134147	A	G	.	.	.
20134148	G	A	.	.	.
20134292	G	C	.	.	.
20134330	G	T	0	0	0
20134350	C	A	.	.	.
20134442	T	C	2	2	2
20134477	G	A	0	0	0
20134525	C	T	0	0	0
20134529	C	T	0	0	0
20134540	G	A	0	0	0
20134659	C	A	0	0	0
20134673	C	T	0	0	0
20134691	C	T	0	0	0
20134739	C	T	.	.	.
20134772	G	A	.	.	.
20134796	G	A	.	.	.
20134948	G	A	.	.	.
20134974	G	T	.	.	.
20135000	C	T	0	0	0
20135059	T	C	.	.	.
20135061	C	T	.	.	.
20135097	G	T	.	.	.
20135104	G	T	.	.	.
20135211	T	C	.	.	.
20135249	C	T	0	0	0
20135292	G	A	0	0	0
20135322	C	G	0	0	0
20135340	T	C	0	0	0
20135383	C	T	0	0	0
20135432	C	A	0	0	0
20135446	C	G	.	.	.
20135447	G	A	.	.	.
20135471	A	G	.	.	.
20135488	C	T	.	.	.
20135561	G	A	.	.	.
20135584	G	A	.	.	.
20135585	T	C	.	.	.
20135593	C	T	.	.	.
20135685	C	T	.	.	.
20135781	C	T	.	.	.
20135789	G	A	.	.	.
20135803	G	A	.	.	.
20135833	T	C	.	.	.
20135843	G	A	.	.	.
20135933	A	T	.	.	.
20135944	G	A	.	.	.
20135954	G	A	0	0	0
20135961	T	C	2	2	2
20135965	A	T	0	0	0
20136003	C	T	0	0	0
20136037	G	A	0	0	0
20136108	C	T	.	.	.
20136168	C	T	.	.	.
20136193	G	T	.	.	.
20136214	G	A	.	.	.
20136245	A	G	0	0	0
20136249	G	C	0	0	0
20136263	G	A	0	0	0
20136278	G	A	0	0	0
20136295	C	T	0	0	0
20136301	G	A	0	0	0
20136323	C	A	0	0	0
20136328	G	A	0	0	0
20136331	C	T	.	.	.
20136334	C	T	.	.	.
20136353	C	T	.	.	.
20136354	G	A	.	.	.
20136379	C	A	0	0	0
20136384	G	A	0	0	0
20136452	C	T	0	0	0
20136478	C	G	2	2	2
20136543	C	T	.	.	.
20136544	G	C	.	.	.
20136596	C	T	.	.	.
20136602	C	T	.	.	.
20136606	T	C	2	2	2
20136639	C	T	.	.	.
20136651	A	T	.	.	.
20136653	C	T	.	.	.
20136699	G	C	.	.	.
20136744	C	G	0	0	0
20136833	C	T	.	.	.
20136834	G	A	.	.	.
20136852	G	T	.	.	.
20136914	C	G	0	0	0
20136928	G	T	.	.	.
20137012	G	C	.	.	.
20137040	C	T	0	0	0
20137041	G	A	0	0	0
20137046	C	A	0	0	0
20137047	C	T	0	0	0
20137052	C	T	0	0	0
20137065	G	A	0	0	0
20137114	G	A	.	.	.
20137171	G	A	0	0	0
20137182	A	G	.	.	.
20137183	C	T	.	.	.
20137235	C	T	.	.	.
20137284	C	T	.	.	.
20137335	G	C	.	.	.
20137339	C	T	.	.	.
20137359	C	T	.	.	.
20137366	G	A	.	.	.
20137370	C	T	.	.	.
20137409	T	C	.	.	.
20137410	C	T	.	.	.
20137453	C	T	.	.	.
20137582	G	A	.	.	.
20137593	G	A	.	.	.
20137617	C	T	0	0	0
20137620	G	A	0	0	0
20137721	C	T	.	.	.
20137722	C	T	.	.	.
20137723	C	T	.	.	.
20137822	C	G	2	2	2
20137948	G	C	1	0	0
20137949	T	G	0	0	0
20137973	G	T	0	1	0
20137993	G	C	.	.	.
20138078	G	A	0	0	0
20138082	G	A	0	0	0
20138093	C	T	0	0	1
20138105	T	C	2	2	2
20138182	C	G	.	.	.
20138215	C	A	0	0	0
20138284	C	T	0	0	0
20138285	G	A	0	0	0
20138295	C	T	0	0	0
20138330	G	C	.	.	.
20138468	G	A	0	0	0
20138551	G	A	.	.	.
20138563	C	T	0	0	0
20138596	C	A	0	0	0
20138628	C	T	.	.	.
20138669	C	T	.	.	.
20138678	A	T	.	.	.
20138719	C	T	0	1	0
20138765	G	T	.	.	.
20138786	G	A	.	.	.
20138801	C	G	.	.	.
20138842	C	T	.	.	.
20138891	A	G	.	.	.
20138893	G	A	.	.	.
20138908	A	G	.	.	.
20138957	C	T	.	.	.
20138974	T	C	0	0	0
20138977	C	T	0	0	0
20138983	G	A	.	.	.
20139069	A	G	0	0	0
20139084	T	C	0	0	0
20139086	G	T	0	0	0
20139122	G	A	0	0	0
20139163	C	T	0	0	0
20139165	G	A	0	0	0
20139193	G	A	0	0	0
20139204	A	C	0	0	0
20139299	C	T	.	.	.
20139340	C	T	.	.	.
20139356	C	T	.	.	.
20139379	G	A	.	.	.
20139481	C	T	.	.	.
20139493	T	C	.	.	.
20139540	G	C	.	.	.
20139597	C	T	.	.	.
20139607	C	T	.	.	.
20139609	C	T	.	.	.
20139610	G	T	.	.	.
20139624	C	A	.	.	.
20139675	C	T	.	.	.
20139715	C	T	0	0	0
20139716	G	A	0	0	0
20139780	G	C	.	.	.
20139797	C	T	.	.	.
20139834	C	T	.	.	.
20139936	C	T	.	.	.
20139986	G	A	0	0	0
20140017	C	T	0	0	0
20140096	C	T	0	0	0
20140154	C	T	0	0	0
20140169	C	A	0	0	0
20140212	C	A	0	0	0
20140257	C	T	0	0	0
20140258	G	A	0	0	0
20140262	C	T	0	0	0
20140267	G	A	0	0	0
20140295	C	T	0	0	0
20140303	G	A	0	0	0
20140337	A	G	0	0	0
20140349	C	T	0	0	0
20140389	G	A	.	.	.
20140443	C	T	0	0	0
20140472	C	T	.	.	.
20140473	C	T	.	.	.
20140474	G	A	.	.	.
20140520	C	T	.	.	.
20140555	G	C	.	.	.
20140561	G	C	.	.	.
20140600	G	A	0	0	0
20140601	C	A	0	0	0
20140640	A	T	.	.	.
20140644	C	T	.	.	.
20140687	C	T	.	.	.
20140721	C	T	.	.	.
20140738	T	C	.	.	.
20140743	T	C	.	.	.
20140753	A	G	.	.	.
20140805	T	C	0	0	0
20140822	C	T	.	.	.
20140823	G	A	.	.	.
20140836	C	T	.	.	.
20140844	C	T	.	.	.
20140845	G	A	.	.	.
20140932	A	G	.	.	.
20140958	G	A	.	.	.
20140989	C	T	.	.	.
20141062	C	A	.	.	.
20141080	G	A	.	.	.
20141112	A	G	.	.	.
20141128	G	T	.	.	.
20141168	A	C	.	.	.
20141284	C	T	.	.	.
20141331	T	C	.	.	.
20141458	T	A	.	.	.
20141479	C	T	0	0	0
20141494	T	C	0	0	0
20141506	C	G	0	0	0
20141507	G	A	.	.	.
20141527	G	C	.	.	.
20141528	C	A	.	.	.
20141547	C	T	0	0	0
20141548	G	A	0	0	0
20141571	G	C	0	0	0
20141576	G	A	0	0	0
20141639	G	A	0	0	0
20141651	A	G	0	0	0
20141669	T	C	0	0	0
20141731	G	A	.	.	.
20141753	G	C	0	0	0
20141766	T	G	0	0	0
20141812	C	T	0	0	0
20141920	C	A	.	.	.
20141992	C	G	.	.	.
20142039	C	T	.	.	.
20142059	G	A	.	.	.
20142109	C	T	.	.	.
20142162	G	A	.	.	.
20142180	C	T	.	.	.
20142269	C	T	.	.	.
20142296	G	C	.	.	.
20142379	C	G	.	.	.
20142415	C	G	.	.	.
20142417	A	T	.	.	.
20142445	C	T	.	.	.
20142457	G	A	.	.	.
20142462	A	G	.	.	.
20142475	A	G	.	.	.
20142491	C	A	0	0	0
20142513	C	A	0	0	0
20142578	G	T	.	.	.
20142582	G	A	.	.	.
20142631	C	T	0	0	0
20142647	T	A	0	0	0
20142667	G	C	.	.	.
20142761	C	A	0	0	0
20142837	C	T	.	.	.
20142850	G	A	.	.	.
20142851	G	A	.	.	.
20142872	G	A	.	.	.
20142922	G	A	.	.	.
20142926	T	C	.	.	.
20142932	C	T	.	.	.
20142973	C	T	.	.	.
20143016	C	T	0	0	0
20143029	C	T	0	0	0
20143041	C	T	0	0	0
20143060	C	T	0	0	0
20143085	G	A	.	.	.
20143121	C	T	0	0	0
20143176	A	G	0	0	0
20143200	C	T	.	.	.
20143283	C	T	.	.	.
20143284	G	A	0	0	0
20143306	G	A	0	0	2
20143378	G	A	.	.	.
20143399	C	T	.	.	.
20143404	G	A	.	.	.
20143467	C	T	.	.	.
20143472	C	T	.	.	.
20143487	A	T	.	.	.
20143531	G	A	.	.	.
20143588	G	A	.	.	.
20143598	T	A	.	.	.
20143599	G	A	.	.	.
20143626	C	T	2	2	0
20143628	C	T	0	0	0
20143630	C	A	0	0	0
20143631	G	A	2	2	2
20143635	A	G	0	0	0
20143705	A	G	.	.	.
20143754	A	C	.	.	.
20143782	C	T	.	.	.
20143845	G	A	.	.	.
20143853	G	A	.	.	.
20143861	G	A	.	.	.
20143900	C	T	0	0	0
20143902	A	T	0	0	0
20143904	C	T	0	0	0
20143910	G	T	0	0	0
20143979	C	T	0	0	0
20144013	C	T	0	0	0
20144065	C	T	.	.	.
20144074	T	A	.	.	.
20144159	G	A	0	0	0
20144193	T	C	.	.	.
20144240	G	C	0	0	0
20144283	G	A	.	.	.
20144321	C	A	0	0	0
20144340	C	A	.	.	.
20144351	G	A	.	.	.
20144362	G	A	1	0	0
20144429	A	G	.	.	.
20144430	C	G	.	.	.
20144459	G	A	0	0	0
20144462	C	T	0	0	0
20144516	G	T	0	0	0
20144560	C	T	0	0	0
20144595	G	A	0	0	0
20144652	T	A	0	0	0
20144663	T	G	2	2	2
20144691	C	T	.	.	.
20144722	G	A	0	0	0
20144725	G	A	0	0	0
20144743	G	A	0	0	0
20144753	G	A	0	0	0
20144763	T	C	2	2	0
20144764	G	A	0	0	0
20144796	G	A	0	0	0
20144813	G	T	0	0	2
20144850	G	C	0	0	0
20144857	G	A	0	0	2
20144878	C	G	.	.	.
20144902	G	C	.	.	.
20144911	T	C	.	.	.
20144931	C	T	.	.	.
20145035	C	T	.	.	.
20145038	C	T	.	.	.
20145042	G	A	.	.	.
20145046	T	C	.	.	.
20145089	G	A	.	.	.
20145115	G	A	.	.	.
20145121	A	G	0	0	2
20145147	T	C	.	.	.
20145163	A	G	.	.	.
20145178	G	A	.	.	.
20145258	C	T	.	.	.
20145271	G	A	.	.	.
20145299	G	C	0	0	0
20145327	A	C	0	0	0
20145332	C	G	0	0	0
20145336	G	A	0	0	0
20145373	G	A	.	.	.
20145380	C	G	.	.	.
20145401	C	T	.	.	.
20145402	G	T	.	.	.
20145415	G	C	.	.	.
20145456	G	A	.	.	.
20145506	G	A	0	0	0
20145526	C	T	0	0	0
20145598	G	A	.	.	.
20145651	T	G	.	.	.
20145653	C	T	.	.	.
20145666	C	T	.	.	.
20145691	C	T	.	.	.
20145798	G	A	0	0	0
20145935	G	A	.	.	.
20145940	T	A	0	0	0
20145946	C	G	0	0	0
20145956	C	T	0	0	0
20146036	G	A	0	0	0
20146045	C	G	0	0	0
20146053	T	C	0	0	0
20146062	C	A	0	0	0
20146070	G	A	0	0	0
20146085	T	C	2	2	2
20146091	C	T	0	0	0
20146149	G	A	2	2	0
20146177	T	C	0	0	0
20146199	C	T	0	0	0
20146220	C	T	0	0	0
20146221	G	A	0	0	0
20146227	C	T	0	0	0
20146266	C	T	0	0	0
20146278	C	T	0	0	0
20146279	G	A	0	0	0
20146383	G	A	.	.	.
20146415	G	A	.	.	.
20146498	G	A	.	.	.
20146525	C	T	0	0	0
20146533	G	A	0	0	0
20146550	C	T	0	0	2
20146600	T	A	.	.	.
20146649	C	T	.	.	.
20146669	C	T	.	.	.
20146701	C	T	0	0	0
20146713	A	G	.	.	.
20146795	G	C	.	.	.
20146812	C	A	.	.	.
20146828	G	A	.	.	.
20146841	C	A	.	.	.
20146856	G	A	.	.	.
20146880	G	A	.	.	.
20146881	C	A	.	.	.
20146887	C	T	.	.	.
20146904	C	G	.	.	.
20146923	G	C	.	.	.
20146925	C	A	.	.	.
20146943	C	A	0	0	0
20146954	T	C	2	2	2
20146955	G	A	0	0	0
20146957	C	T	0	0	0
20146969	G	A	.	.	.
20147026	C	T	.	.	.
20147035	C	T	.	.	.
20147066	C	G	0	0	0
20147082	G	A	.	.	.
20147086	C	T	.	.	.
20147087	A	G	.	.	.
20147116	A	G	0	0	0
20147120	C	T	0	0	0
20147191	A	G	0	0	0
20147207	G	A	2	2	2
20147240	C	T	0	0	0
20147255	C	T	0	0	0
20147266	G	A	0	0	0
20147280	A	G	2	2	2
20147289	C	T	.	.	.
20147368	G	A	.	.	.
20147392	C	A	.	.	.
20147401	C	T	.	.	.
20147447	C	T	.	.	.
20147507	C	T	.	.	.
20147551	A	G	.	.	.
20147554	G	C	.	.	.
20147563	A	C	.	.	.
20147577	G	A	.	.	.
20147581	G	C	.	.	.
20147596	G	A	.	.	.
20147653	G	A	0	0	0
20147672	C	T	0	0	0
20147687	G	T	0	0	0
20147793	C	T	0	0	0
20147880	G	A	0	0	0
20147896	G	T	0	0	0
20147905	G	A	0	0	0
20147910	C	T	0	0	0
20147937	A	G	0	0	0
20147941	G	A	0	0	2
20147955	G	A	0	0	0
20147974	T	C	.	.	.
20148005	C	T	.	.	.
20148044	T	A	.	.	.
20148055	G	A	.	.	.
20148118	A	G	.	.	.
20148158	T	G	.	.	.
20148166	C	T	.	.	.
20148182	A	C	.	.	.
20148200	A	T	.	.	.
20148222	C	T	.	.	.
20148234	C	T	.	.	.
20148243	T	C	2	2	2
20148246	C	T	0	0	0
20148283	T	C	.	.	.
20148302	G	A	.	.	.
20148332	G	T	.	.	.
20148367	G	T	.	.	.
20148368	G	T	.	.	.
20148399	C	A	.	.	.
20148421	G	A	0	0	0
20148431	C	T	0	0	2
20148435	C	T	0	0	0
20148506	G	A	.	.	.
20148511	G	A	.	.	.
20148588	A	G	.	.	.
20148589	G	A	0	0	0
20148594	A	G	.	.	.
20148640	C	A	0	0	0
20148651	G	T	0	0	0
20148653	T	C	0	0	0
20148658	C	T	0	0	0
20148683	T	C	2	2	2
20148730	C	T	.	.	.
20148741	C	T	0	0	0
20148742	G	A	0	0	0
20148744	G	A	0	0	0
20149064	G	T	.	.	.
20149075	C	T	.	.	.
20149094	A	T	.	.	.
20149142	G	A	.	.	.
20149162	C	T	.	.	.
20149170	A	G	.	.	.
20149185	C	A	.	.	.
20149205	A	T	0	0	0
20149214	C	T	0	0	0
20149320	G	T	.	.	.
20149329	C	T	.	.	.
20149338	C	T	.	.	.
20149339	G	T	.	.	.
20149405	A	G	.	.	.
20149423	A	G	.	.	.
20149454	C	T	.	.	.
20149471	C	T	.	.	.
20149502	C	A	.	.	.
20149511	C	G	.	.	.
20149515	A	G	.	.	.
20149521	A	G	.	.	.
20149575	C	T	.	.	.
20149596	C	T	.	.	.
20149659	T	G	.	.	.
20149668	C	T	.	.	.
20149687	A	G	.	.	.
20149739	C	T	.	.	.
20149808	T	C	.	.	.
20149861	A	C	.	.	.
20149920	C	A	.	.	.
20149927	A	G	.	.	.
20150711	C	T	.	.	.
20150844	C	T	.	.	.
20151057	T	C	.	.	.
20151063	C	T	.	.	.
20151077	C	G	.	.	.
20151089	C	T	.	.	.
20151154	A	T	.	.	.
20151601	T	C	.	.	.
20151649	C	T	.	.	.
20151736	C	T	.	.	.
20151751	C	A	.	.	.
20151773	C	A	.	.	.
20151776	A	C	.	.	.
20151799	T	C	.	.	.
20151833	C	T	.	.	.
20151869	C	T	.	.	.
20152018	C	T	.	.	.
20152031	C	A	.	.	.
20152142	C	T	.	.	.
20152180	G	A	.	.	.
20152216	G	A	0	0	0
20152229	G	A	0	0	0
20152247	C	T	0	0	0
20152262	C	T	.	.	.
20152367	C	T	0	0	0
20152373	C	A	0	0	0
20152463	G	A	.	.	.
20152546	C	T	.	.	.
20152557	C	A	.	.	.
20152559	T	C	.	.	.
20152604	C	T	.	.	.
20152630	C	T	.	.	.
20152631	G	A	.	.	.
20152644	C	T	.	.	.
20152666	G	A	.	.	.
20152707	C	T	.	.	.
20152742	A	T	.	.	.
20152862	G	A	.	.	.
20152866	C	T	.	.	.
20152908	T	C	.	.	.
20152916	T	C	.	.	.
20152932	G	A	.	.	.
20153007	C	T	0	0	0
20153047	G	A	.	.	.
20153095	C	T	.	.	.
20153099	A	C	0	0	0
20153156	G	A	.	.	.
20153194	A	G	0	0	0
20153207	G	A	0	0	0
20153213	G	A	0	0	0
20153218	C	T	0	0	0
20153275	C	G	.	.	.
20153304	G	A	.	.	.
20153320	G	A	.	.	.
20153338	C	T	.	.	.
20153459	T	C	.	.	.
20153608	G	A	.	.	.
20153624	T	C	0	0	0
20153642	C	T	.	.	.
20153645	G	A	.	.	.
20153656	G	C	.	.	.
20153657	C	A	.	.	.
20153688	T	C	0	0	0
20153721	C	T	.	.	.
20153739	C	A	.	.	.
20153764	C	G	0	0	0
20153771	T	C	0	0	0
20153816	A	G	.	.	.
20153822	G	A	.	.	.
20153833	G	T	.	.	.
20153890	T	G	.	.	.
20153952	G	A	0	0	0
20153954	C	T	0	0	0
20153971	T	C	0	0	0
20154015	G	C	0	0	0
20154050	T	C	0	0	0
20154079	C	T	.	.	.
20154080	G	A	.	.	.
20154081	C	T	.	.	.
20154130	G	T	0	0	0
20154131	G	A	0	0	0
20154165	C	T	.	.	.
20154228	G	A	0	0	0
20154320	C	T	0	0	0
20154321	G	A	0	0	0
20154325	G	A	0	0	0
20154351	G	A	0	0	0
20154352	G	T	.	.	.
20154372	G	A	.	.	.
20154375	T	A	.	.	.
20154392	C	T	0	0	0
20154438	C	T	0	0	0
20154439	G	A	0	0	0
20154452	G	A	0	0	0
20154454	T	A	0	0	0
20154462	C	T	0	0	0
20154476	A	G	0	0	0
20154506	G	A	0	0	0
20154512	G	A	0	0	0
20154523	C	T	0	0	0
20154568	C	T	0	0	0
20154587	T	C	0	0	0
20154592	G	C	0	0	0
20154613	C	G	.	.	.
20154681	T	C	0	0	0
20154727	A	G	.	.	.
20154768	A	G	0	0	0
20154786	A	C	.	.	.
20154822	C	T	.	.	.
20154896	C	T	0	0	0
20154897	G	A	0	0	0
20154900	C	G	0	0	0
20154904	G	T	0	0	0
20154907	G	A	0	0	0
20154946	T	C	0	0	0
20154953	G	A	0	0	0
20154984	G	C	0	0	0
20154993	G	A	0	0	0
20155008	G	A	0	0	0
20155014	G	C	0	0	1
20155032	A	G	0	0	0
20155114	G	A	0	0	0
20155136	G	A	0	0	0
20155192	T	C	0	0	2
20155218	C	T	0	0	0
20155249	C	T	0	0	0
20155250	G	A	0	0	0
20155274	G	T	2	2	2
20155298	G	A	0	0	0
20155306	C	A	0	0	0
20155315	C	T	0	0	0
20155341	T	C	0	0	0
20155418	G	A	0	0	0
20155424	A	C	0	0	0
20155430	G	A	0	0	0
20155431	T	C	0	0	0
20155445	G	A	0	0	0
20155481	C	T	0	0	0
20155545	G	A	0	0	0
20155562	C	G	0	0	0
20155591	G	A	0	0	1
20155636	C	T	0	0	0
20155666	G	A	0	0	0
20155669	A	G	0	0	0
20155689	G	T	0	0	0
20155698	C	T	0	0	0
20155743	G	A	0	0	0
20155770	C	T	0	0	0
20155776	C	G	0	0	0
20155907	G	A	.	.	.
20155930	C	T	0	0	0
20155943	C	T	.	0	0
20155955	A	C	0	0	0
20155971	C	T	0	0	0
20155980	C	A	0	0	0
20155983	T	C	2	2	2
20155998	C	T	0	0	0
20156030	G	A	0	0	0
20156043	T	C	0	0	0
20156058	C	T	0	0	0
20156068	C	T	0	0	0
20156111	A	G	2	2	2
20156144	G	A	0	0	0
20156181	G	A	0	0	0
20156198	G	A	0	0	0
20156267	G	A	0	0	0
20156289	C	T	0	0	0
20156295	G	A	0	0	0
20156309	G	T	0	0	0
20156320	C	T	0	0	0
20156406	T	A	0	0	0
20156415	T	C	2	2	2
20156429	C	T	0	0	0
20156455	C	T	0	0	0
20156472	C	T	0	0	0
20156599	G	A	0	0	0
20156645	G	T	0	0	0
20156654	T	C	0	0	0
20156674	A	C	0	0	0
20156740	C	G	0	0	0
20156744	G	A	0	0	0
20156775	G	A	0	0	0
20156799	T	G	0	0	0
20156853	T	C	2	2	0
20156865	C	T	0	0	0
20156866	G	A	0	0	0
20156886	G	A	0	0	0
20156920	G	A	.	.	.
20156984	C	G	0	0	0
20156997	C	T	0	0	0
20156998	G	A	0	0	0
20157010	G	A	0	0	0
20157058	C	T	0	0	0
20157062	C	T	0	0	0
20157135	G	A	.	.	.
20157140	G	A	0	0	0
20157186	T	G	0	0	0
20157211	C	G	0	0	0
20157216	A	C	0	0	0
20157218	G	T	0	2	2
20157299	C	T	0	0	0
20157381	G	T	0	0	0
20157416	C	T	0	0	0
20157428	A	G	0	0	0
20157434	G	A	0	0	0
20157450	C	T	0	0	0
20157452	G	A	0	0	0
20157474	A	G	0	0	0
20157483	C	T	0	0	0
20157502	G	A	0	0	0
20157512	G	A	0	0	0
20157536	C	T	0	0	0
20157556	C	A	0	0	0
20157580	C	T	0	0	0
20157648	C	T	0	0	0
20157662	C	T	0	0	0
20157663	G	A	0	0	0
20157679	C	T	0	0	0
20157685	C	T	0	0	0
20157714	C	T	0	0	0
20157733	C	T	0	0	0
20157736	G	A	0	0	0
20157751	C	A	0	0	0
20157813	C	T	0	0	0
20157825	A	G	0	0	0
20157845	C	T	0	0	0
20157879	T	C	0	0	0
20157881	C	A	0	0	0
20157922	G	A	0	0	0
20157936	C	T	0	0	0
20157965	G	A	0	0	0
20158009	G	A	0	0	1
20158025	C	T	0	0	0
20158032	G	A	0	0	0
20158041	C	T	0	0	0
20158053	C	T	0	0	0
20158074	T	C	0	0	0
20158077	T	G	0	0	0
20158082	G	C	0	0	0
20158083	C	T	0	0	0
20158111	G	A	0	0	0
20158119	T	C	0	0	0
20158229	G	C	0	0	0
20158243	C	T	0	0	0
20158260	T	C	0	0	0
20158267	A	G	0	0	0
20158298	T	C	2	2	2
20158333	C	A	0	0	0
20158346	C	T	2	2	0
20158354	G	T	0	0	0
20158392	G	A	0	0	0
20158394	G	C	0	0	0
20158414	G	A	0	0	0
20158428	T	G	0	0	0
20158501	G	A	0	0	0
20158502	C	T	0	0	0
20158552	A	T	.	.	.
20158561	G	A	.	.	.
20158563	C	T	.	.	.
20158592	T	G	.	.	.
20158724	G	A	0	0	0
20158755	G	A	.	.	.
20158803	A	G	.	.	.
20158804	A	C	.	.	.
20158805	C	A	.	.	.
20158888	G	C	0	0	0
20158899	C	T	0	0	0
20158918	G	A	0	0	0
20158925	G	A	0	0	0
20158966	C	G	0	0	0
20159018	C	T	0	0	0
20159043	C	T	0	0	0
20159049	A	G	2	2	2
20159073	C	A	0	0	0
20159084	G	A	0	0	0
20159131	C	T	0	0	0
20159168	G	C	0	0	0
20159216	G	A	0	0	0
20159310	G	A	0	0	0
20159314	C	T	0	0	0
20159341	C	T	0	0	0
20159347	C	T	2	2	2
20159395	T	C	0	0	0
20159422	T	C	0	0	0
20159441	G	A	0	0	0
20159453	T	C	0	0	0
20159461	G	A	0	0	0
20159511	C	T	0	0	0
20159558	C	T	0	0	0
20159592	A	T	0	0	0
20159630	C	T	0	0	0
20159670	G	C	0	0	0
20159671	G	A	0	0	0
20159699	A	G	2	2	2
20159802	G	A	0	0	0
20159826	T	C	0	0	0
20159850	C	T	0	0	0
20159911	C	T	0	0	0
20159961	G	A	0	0	0
20159966	T	C	0	0	0
20159981	G	C	2	2	2
20159987	A	G	0	0	0
20160004	C	T	0	0	0
20160005	G	A	0	0	0
20160017	G	A	0	0	0
20160026	A	G	0	0	0
20160081	G	A	2	2	2
20160109	C	T	0	0	0
20160129	G	A	.	.	.
20160184	G	T	0	0	0
20160205	C	T	0	0	0
20160248	G	T	0	0	0
20160289	A	G	0	0	0
20160378	C	T	.	.	.
20160380	C	T	.	.	.
20160381	G	A	.	.	.
20160430	G	A	0	0	0
20160439	G	A	0	0	0
20160444	C	T	.	.	.
20160514	T	A	.	.	.
20160586	A	G	.	.	.
20160645	A	G	.	.	.
20160647	C	T	.	.	.
20160672	C	T	.	.	.
20160730	G	A	0	0	0
20160750	T	A	.	.	.
20160761	C	T	.	.	.
20160762	G	A	.	.	.
20160771	G	T	.	.	.
20160780	G	C	.	.	.
20160801	C	T	.	.	.
20160808	C	T	.	.	.
20160811	G	A	.	.	.
20160831	C	G	.	.	.
20160884	G	T	0	0	0
20160972	T	C	2	2	2
20160983	G	A	0	0	0
20161007	A	G	0	0	0
20161022	C	A	0	0	0
20161030	C	T	0	0	0
20161069	G	A	0	0	0
20161129	T	C	0	0	0
20161156	C	A	0	0	0
20161178	G	A	0	0	0
20161294	C	T	0	0	0
20161295	G	A	0	0	0
20161317	G	C	2	2	2
20161401	G	A	0	0	0
20161414	A	G	0	0	0
20161417	C	T	0	0	0
20161424	T	C	2	2	2
20161518	C	T	.	.	.
20161524	T	C	0	0	0
20161588	G	A	0	0	0
20161593	A	G	0	0	0
20161602	C	T	0	0	0
20161603	A	G	0	0	0
20161605	G	A	0	0	0
20161631	C	T	0	0	0
20161637	G	T	0	0	0
20161642	C	T	0	0	0
20161643	G	A	0	0	0
20161669	C	T	0	0	0
20161712	G	A	0	0	0
20161732	C	G	0	0	0
20161738	G	C	2	2	2
20161739	G	A	0	0	0
20161750	A	G	0	0	0
20161760	C	T	0	0	0
20161761	C	T	0	0	0
20161821	G	T	0	0	0
20161879	T	C	0	0	0
20161941	T	A	0	0	0
20161953	C	T	0	0	0
20161956	G	A	0	0	0
20161967	G	A	0	0	0
20162008	A	G	0	0	0
20162021	G	A	0	0	0
20162039	G	A	0	0	0
20162056	G	A	0	0	0
20162060	G	A	0	0	0
20162093	G	A	0	0	0
20162111	G	C	0	0	0
20162159	G	T	0	0	0
20162246	C	T	0	0	0
20162278	C	T	0	0	0
20162294	C	T	0	0	0
20162298	G	A	0	0	0
20162356	C	A	0	0	0
20162395	C	T	0	0	0
20162412	A	G	0	0	0
20162413	C	T	0	0	0
20162424	G	A	0	0	0
20162451	G	A	0	0	0
20162504	G	T	0	0	0
20162517	C	T	0	0	0
20162522	C	T	0	0	0
20162621	G	A	0	0	2
20162626	G	A	0	0	0
20162658	G	C	0	0	0
20162723	T	C	2	2	2
20162748	C	T	0	0	0
20162823	C	T	0	0	0
20162827	A	G	0	0	0
20162849	C	T	0	0	0
20162859	G	A	0	0	0
20162870	A	C	0	0	0
20162904	G	C	0	0	0
20162913	G	A	0	0	0
20162963	C	T	0	0	0
20162964	G	A	0	0	0
20163044	G	A	0	0	0
20163070	G	A	2	2	2
20163091	G	T	0	0	0
20163095	C	T	0	0	0
20163096	G	A	0	0	0
20163123	G	A	0	0	0
20163135	T	G	0	0	0
20163155	A	G	0	0	0
20163164	T	C	0	0	0
20163270	C	G	0	0	0
20163331	C	T	0	0	0
20163350	T	C	0	0	0
20163352	C	T	0	0	0
20163388	A	G	0	0	0
20163396	C	T	0	0	0
20163419	C	T	0	0	0
20163422	C	G	0	0	0
20163462	C	G	0	0	0
20163471	C	T	0	0	0
20163547	G	A	.	.	.
20163549	G	A	.	.	.
20163642	C	T	.	.	.
20163643	G	A	.	.	.
20163740	G	A	.	.	.
20163767	T	G	.	.	.
20163813	A	G	0	0	0
20163833	C	T	0	0	0
20163864	A	C	0	0	0
20163921	C	T	0	0	0
20164018	C	T	0	0	0
20164043	C	T	0	0	0
20164131	A	T	0	0	0
20164135	C	T	0	0	0
20164249	T	C	0	0	0
20164250	T	C	0	0	0
20164277	C	T	0	0	0
20164301	G	A	0	0	0
20164331	C	T	0	0	0
20164360	T	C	2	2	2
20164398	C	T	0	0	0
20164410	A	T	0	0	0
20164450	G	C	0	0	0
20164467	T	G	0	0	0
20164549	C	T	.	.	.
20164580	C	T	0	0	0
20164589	G	A	2	2	2
20164598	T	C	0	0	0
20164606	G	T	0	0	0
20164674	A	G	.	.	.
20164675	G	A	.	.	.
20164679	G	C	.	.	.
20164689	A	C	0	0	0
20164696	C	T	0	0	0
20164709	T	C	2	2	2
20164719	G	A	0	0	0
20164735	T	C	0	0	0
20164742	C	T	0	0	0
20164763	T	C	0	0	0
20164765	C	T	0	0	0
20164769	G	A	0	0	0
20164770	G	A	0	0	0
20164801	C	A	0	0	0
20164802	G	T	2	2	2
20164818	G	A	0	0	0
20164821	C	T	0	0	0
20164830	G	A	0	0	0
20164864	C	T	0	0	0
20164903	G	A	0	0	0
20164915	G	A	0	0	0
20164918	T	C	0	0	0
20164937	G	A	0	0	0
20164949	G	A	2	2	2
20165008	C	T	0	0	0
20165041	T	C	0	0	0
20165052	A	T	0	0	0
20165061	C	T	0	0	1
20165068	G	A	0	0	0
20165089	C	T	0	0	0
20165129	C	T	0	0	0
20165132	C	T	0	0	0
20165144	C	A	0	0	0
20165230	A	C	0	0	0
20165243	G	C	0	0	0
20165250	G	A	0	0	0
20165255	T	C	0	0	0
20165266	G	A	0	0	0
20165291	G	A	0	0	0
20165313	G	T	0	0	0
20165364	T	C	0	0	0
20165368	C	T	0	0	0
20165383	C	A	0	0	0
20165422	C	T	0	0	0
20165439	C	A	2	2	2
20165458	A	G	0	0	0
20165529	T	C	0	0	0
20165536	C	T	0	0	0
20165537	G	T	0	0	0
20165632	C	T	0	0	0
20165662	C	T	0	0	0
20165688	C	T	0	0	0
20165748	G	A	0	0	0
20165752	G	A	0	0	0
20165757	C	A	0	0	0
20165824	G	A	0	0	0
20165830	C	T	0	0	0
20165831	G	A	0	0	0
20165832	C	T	0	0	0
20165844	C	T	0	0	0
20165864	C	T	0	0	0
20165911	G	C	0	0	0
20165953	G	C	0	0	0
20165958	C	T	0	0	0
20165989	G	A	0	0	0
20165997	C	T	0	0	0
20166013	C	T	0	0	0
20166042	C	T	0	0	0
20166060	G	C	0	0	0
20166119	T	C	0	0	0
20166176	G	C	0	0	0
20166178	A	G	0	0	0
20166184	C	T	0	0	0
20166202	T	C	2	2	2
20166222	C	T	2	2	2
20166236	G	A	0	0	0
20166435	G	A	0	0	0
20166438	C	T	0	0	0
20166487	C	T	0	0	0
20166492	G	T	0	0	0
20166502	C	T	0	0	0
20166546	C	T	0	0	0
20166565	G	A	0	0	0
20166568	C	T	0	0	0
20166665	G	A	0	0	0
20166675	C	T	.	.	.
20166686	G	A	.	.	.
20166701	T	G	.	.	.
20166704	G	C	.	.	.
20166719	C	T	0	0	0
20166723	T	G	2	2	2
20166757	C	T	0	0	0
20166761	C	T	0	0	0
20166785	C	A	0	0	0
20166835	C	T	0	0	0
20166849	C	G	0	0	1
20166865	G	T	0	0	0
20166874	G	A	0	0	0
20166895	C	T	0	0	0
20166911	G	A	2	2	2
20167008	G	A	0	0	0
20167010	G	T	0	2	0
20167038	G	A	0	0	0
20167055	G	A	0	0	0
20167077	C	T	0	0	0
20167088	G	A	0	0	0
20167157	G	C	0	0	0
20167165	G	A	0	0	0
20167173	G	A	0	0	0
20167197	C	T	0	0	0
20167304	G	T	0	0	0
20167397	G	T	0	0	0
20167406	C	T	2	2	2
20167412	A	G	0	0	0
20167575	C	T	0	0	0
20167576	C	T	0	0	0
20167578	C	T	0	0	0
20167586	G	A	0	0	0
20167605	C	T	0	0	0
20167610	C	T	0	0	0
20167613	C	T	0	0	0
20167632	T	G	0	0	0
20167697	C	G	0	0	0
20167713	A	C	0	0	0
20167762	G	A	0	0	0
20167783	G	A	0	0	0
20167785	G	A	0	2	2
20167853	G	A	0	0	0
20167854	C	T	0	0	0
20167896	G	A	0	0	0
20167905	C	A	0	0	0
20167921	C	T	0	0	0
20167960	C	T	0	0	0
20167964	C	T	0	0	0
20167966	C	T	0	0	0
20167993	C	G	0	0	0
20167999	C	T	0	0	0
20168009	A	C	0	0	0
20168018	G	A	0	0	0
20168030	C	A	0	0	0
20168048	G	A	0	0	0
20168076	C	T	0	0	0
20168111	C	T	0	0	0
20168128	G	A	0	0	0
20168143	T	C	0	0	0
20168163	C	T	0	0	0
20168219	T	C	0	0	0
20168273	T	A	0	0	0
20168292	G	C	0	0	0
20168295	G	T	2	2	2
20168325	A	C	0	0	0
20168371	T	C	0	0	0
20168397	C	G	0	0	0
20168462	T	C	0	0	0
20168509	G	A	2	2	2
20168510	C	T	0	0	0
20168545	T	C	.	.	.
20168604	C	T	.	.	.
20168607	C	T	.	.	.
20168625	T	C	.	.	.
20168641	T	G	.	.	.
20168767	A	G	0	0	0
20168794	C	G	0	0	0
20168821	G	A	0	0	0
20168836	G	A	0	0	0
20168895	A	G	0	0	0
20168901	C	T	0	0	0
20168902	G	A	0	0	0
20168908	C	T	0	0	0
20168988	C	G	1	1	0
20168989	T	A	1	.	0
20168991	G	C	0	1	1
20168995	G	A	1	0	1
20168998	T	C	0	0	1
20168999	G	T	0	0	1
20169024	G	A	0	0	0
20169037	T	C	2	2	2
20169067	G	A	0	0	0
20169081	G	A	0	0	0
20169094	G	T	2	2	2
20169097	T	C	0	0	0
20169147	G	A	0	0	0
20169245	C	T	0	0	0
20169287	C	G	0	0	0
20169308	C	T	0	0	0
20169341	G	A	0	0	0
20169367	G	T	2	2	2
20169399	G	A	0	0	0
20169406	G	C	0	0	0
20169421	C	T	0	0	0
20169422	G	A	0	0	0
20169457	G	A	0	0	0
20169494	T	A	0	0	0
20169499	A	G	2	2	2
20169519	C	T	0	0	0
20169542	G	A	0	0	0
20169545	C	T	0	0	0
20169576	C	T	0	0	0
20169577	G	A	0	0	0
20169586	C	T	0	0	0
20169618	C	T	0	0	0
20169654	C	A	0	0	0
20169656	C	T	0	0	0
20169657	G	A	0	0	0
20169694	G	T	0	0	0
20169713	G	C	0	0	0
20169764	G	A	0	0	0
20169789	G	A	0	0	0
20169878	G	A	0	0	0
20169896	C	T	0	2	0
20169904	T	C	0	0	0
20169909	C	T	0	0	0
20169913	A	G	2	2	2
20169925	G	A	0	0	0
20169955	G	A	0	0	0
20170032	C	T	0	0	0
20170045	C	T	0	0	0
20170092	C	T	0	0	0
20170093	G	A	0	0	0
20170122	G	A	0	0	2
20170136	G	A	0	0	0
20170138	C	T	0	0	0
20170187	C	G	0	0	0
20170248	C	T	0	0	0
20170287	T	C	0	0	0
20170290	C	T	0	0	0
20170344	G	A	0	0	0
20170374	T	G	0	0	0
20170376	A	T	0	0	0
20170391	C	T	0	0	0
20170407	G	C	0	0	0
20170422	G	A	0	0	0
20170445	G	A	0	0	0
20170496	G	A	0	0	0
20170506	T	A	0	0	0
20170517	T	C	0	0	0
20170593	C	T	0	0	0
20170623	A	G	0	0	0
20170644	C	T	0	0	0
20170648	G	A	0	0	0
20170666	A	G	0	0	0
20170740	G	A	0	0	0
20170766	C	G	0	0	0
20170770	C	T	0	0	0
20170776	C	T	0	0	0
20170777	C	T	0	0	0
20170815	T	C	0	0	0
20170835	T	A	0	0	0
20170890	C	T	0	0	0
20170903	C	T	0	0	0
20170996	C	A	2	2	2
20171012	C	T	0	0	0
20171023	C	T	0	0	0
20171030	C	T	2	0	0
20171059	C	A	0	0	0
20171060	G	A	0	0	0
20171120	C	T	0	0	0
20171146	C	G	2	2	2
20171157	C	T	0	0	0
20171176	C	T	.	.	.
20171183	A	C	.	.	.
20171214	T	C	0	0	0
20171246	C	T	0	0	0
20171251	C	T	0	0	0
20171255	G	T	0	0	0
20171273	G	A	0	0	0
20171285	A	C	0	0	0
20171295	C	T	0	0	0
20171311	G	A	0	0	0
20171315	C	T	0	0	0
20171322	A	C	2	0	0
20171332	A	G	0	0	0
20171349	A	G	0	0	0
20171368	C	T	0	0	0
20171369	G	C	0	0	0
20171374	C	T	0	0	0
20171375	A	G	0	0	0
20171383	T	C	0	0	0
20171447	C	T	0	0	0
20171449	C	G	2	2	2
20171450	G	T	0	0	0
20171505	A	G	0	0	0
20171525	C	T	0	0	0
20171568	C	T	0	0	0
20171582	T	C	0	0	0
20171646	C	T	0	0	0
20171653	C	T	2	2	2
20171672	C	T	0	0	0
20171686	C	T	0	0	0
20171705	C	T	0	0	0
20171814	T	C	2	2	2
20171863	C	T	.	.	.
20171869	C	T	.	.	.
20171876	C	G	.	.	.
20171879	G	C	.	.	.
20171903	T	C	.	.	.
20171904	G	A	.	.	.
20171918	C	T	.	.	.
20171935	G	A	.	.	.
20171972	A	G	.	.	.
20172018	A	G	0	0	0
20172048	G	A	2	2	0
20172054	G	A	0	0	0
20172067	C	T	0	0	0
20172092	G	A	0	0	0
20172115	C	T	0	0	0
20172137	C	T	0	0	0
20172142	G	A	0	0	0
20172163	G	A	0	0	0
20172165	T	A	0	0	0
20172175	C	T	0	0	0
20172218	A	T	0	0	0
20172245	G	T	0	0	0
20172250	G	A	0	0	0
20172257	C	T	0	0	0
20172264	G	A	0	0	0
20172313	C	T	.	.	.
20172325	G	T	.	.	.
20172389	G	T	0	0	0
20172406	C	T	2	2	2
20172411	C	A	0	0	0
20172412	C	T	0	0	0
20172413	G	A	0	0	0
20172433	C	T	0	0	0
20172487	C	G	0	0	0
20172516	C	T	0	0	0
20172517	G	A	0	0	0
20172529	C	T	0	0	0
20172545	G	T	0	0	0
20172574	T	C	0	0	0
20172575	G	A	0	0	0
20172709	G	T	0	0	0
20172710	C	T	0	0	0
20172748	G	A	.	.	.
20172773	G	C	.	.	.
20172819	C	T	.	.	.
20172840	C	T	.	.	.
20172901	T	C	.	.	.
20172911	G	A	.	.	.
20172913	C	T	.	.	.
20172914	G	A	.	.	.
20172927	T	C	.	.	.
20173053	C	T	0	0	0
20173100	T	G	0	0	0
20173151	G	T	0	0	0
20173188	C	T	0	0	0
20173228	G	A	0	0	0
20173304	G	T	0	0	0
20173313	C	T	0	0	0
20173328	C	T	0	0	0
20173345	G	A	0	0	0
20173397	A	G	0	0	0
20173426	C	G	0	0	0
20173497	C	T	.	.	.
20173514	A	G	0	0	0
20173517	G	A	0	0	0
20173526	G	C	2	0	0
20173536	G	T	0	0	0
20173572	G	A	0	0	0
20173577	G	A	0	0	0
20173707	C	T	0	0	0
20173715	G	A	0	0	0
20173797	C	T	0	0	0
20173801	A	G	0	0	0
20173895	T	C	0	0	0
20173898	C	T	0	0	0
20173924	C	T	0	0	0
20173942	G	A	0	0	0
20173950	C	T	0	0	0
20173964	T	A	0	0	0
20173988	C	T	0	0	0
20173991	T	C	0	0	0
20174100	A	G	0	2	0
20174178	C	T	0	0	0
20174221	C	T	0	0	0
20174223	C	A	0	0	0
20174224	G	C	0	0	0
20174270	G	C	0	2	0
20174283	G	C	0	0	0
20174399	C	G	.	.	.
20174438	G	A	0	0	0
20174450	C	T	0	0	0
20174460	A	G	0	0	0
20174476	G	A	0	0	0
20174498	C	T	0	0	0
20174530	C	A	0	0	0
20174565	G	A	0	0	2
20174590	C	T	0	0	0
20174591	G	T	0	0	2
20174594	C	G	0	0	0
20174615	C	T	0	0	0
20174627	C	T	0	0	0
20174658	C	T	0	0	0
20174673	T	C	0	0	0
20174712	G	A	0	0	0
20174757	C	G	0	0	0
20174781	G	A	0	0	0
20174824	G	A	.	.	.
20174853	C	A	.	.	.
20174860	A	G	0	0	0
20174867	C	T	0	0	0
20174875	C	T	0	0	0
20174959	C	T	0	0	0
20174960	T	G	0	0	0
20174979	C	A	0	0	0
20175043	G	T	0	0	0
20175044	T	C	0	0	0
20175065	T	C	0	0	0
20175108	A	C	0	0	0
20175135	T	C	0	0	0
20175151	C	T	0	0	0
20175199	A	T	0	0	0
20175211	G	A	0	0	0
20175216	G	C	0	0	0
20175219	C	T	0	0	0
20175223	T	C	0	0	0
20175227	T	C	0	0	0
20175314	T	G	0	0	0
20175331	C	T	0	0	0
20175344	C	T	2	0	0
20175368	A	T	0	0	0
20175378	G	A	0	0	0
20175395	G	A	0	0	0
20175426	C	T	0	0	0
20175438	G	A	0	0	2
20175473	T	C	0	0	0
20175482	G	C	0	0	0
20175491	G	A	0	0	0
20175495	C	T	0	0	0
20175518	C	T	0	0	0
20175572	G	C	0	0	0
20175616	A	G	0	0	0
20175619	G	A	0	0	0
20175679	C	A	0	0	0
20175719	G	A	0	0	0
20175763	G	A	0	0	0
20175782	G	A	0	0	0
20175821	C	G	0	0	0
20175824	G	A	0	0	0
20175885	T	A	0	0	0
20175889	C	T	0	0	0
20175994	C	T	0	0	0
20176040	G	A	0	0	0
20176074	C	T	.	.	.
20176088	C	A	.	.	.
20176097	G	A	0	0	0
20176272	G	A	.	.	.
20176286	C	T	.	.	.
20176309	C	A	.	.	.
20176366	G	A	.	.	.
20176427	G	A	.	.	.
20176438	G	A	.	.	.
20176455	G	A	.	.	.
20176475	G	C	.	.	.
20176482	C	T	.	.	.
20176519	C	A	.	.	.
20176594	G	A	.	.	.
20176683	C	T	.	.	.
20176697	G	A	.	.	.
20176700	G	A	.	.	.
20176705	C	T	.	.	.
20176726	C	T	.	.	.
20176727	G	A	.	.	.
20176756	C	T	.	.	.
20176830	T	C	.	.	.
20176836	C	T	.	.	.
20176840	G	C	.	.	.
20176857	G	A	.	.	.
20176932	C	T	.	.	.
20176970	A	C	.	.	.
20177040	A	G	.	.	.
20177061	C	T	2	2	2
20177113	G	A	.	.	.
20177195	C	G	.	.	.
20177219	G	A	.	.	.
20177320	A	T	.	.	.
20177363	T	C	.	.	.
20177392	C	T	.	.	.
20177415	G	A	0	0	0
20177457	A	G	.	.	.
20177472	A	T	.	.	.
20177480	C	A	.	.	.
20177500	G	C	0	0	0
20177525	C	T	0	0	0
20177542	G	A	0	0	0
20177580	G	A	0	0	0
20177595	C	G	2	2	2
20177645	G	T	.	.	.
20177661	C	T	0	0	0
20177669	A	G	.	.	.
20177684	C	T	.	.	.
20177685	G	C	.	.	.
20177693	T	A	.	.	.
20177712	A	G	.	.	.
20177722	C	T	.	.	.
20177746	G	A	.	.	.
20177813	G	T	.	.	.
20177832	T	A	.	.	.
20177848	A	G	.	.	.
20177891	A	G	.	.	.
20177908	G	A	.	.	.
20177943	G	A	.	.	.
20177966	G	A	.	.	.
20177989	G	A	.	.	.
20178023	T	C	.	.	.
20178034	G	A	.	.	.
20178083	C	T	.	.	.
20178095	G	A	.	.	.
20178111	A	G	.	.	.
20178147	A	G	2	2	2
20178175	A	G	2	2	2
20178185	C	G	0	0	0
20178186	G	A	2	2	2
20178201	C	T	0	0	0
20178205	A	G	2	2	2
20178208	C	T	2	2	2
20178252	C	T	0	0	0
20178268	A	T	.	.	.
20178288	A	T	.	.	.
20178405	G	T	.	.	.
20178534	C	T	.	.	.
20178551	C	T	0	0	0
20178558	T	C	.	.	.
20178591	A	G	.	.	.
20178638	A	T	.	.	.
20178649	G	A	.	.	.
20178680	C	T	.	.	.
20178711	T	A	.	.	.
20178731	G	C	0	0	0
20178799	T	G	2	2	2
20178801	G	A	2	2	2
20178819	A	G	0	0	0
20178863	T	C	0	0	0
20178915	C	T	0	0	0
20178929	A	G	2	2	2
20178931	C	T	0	0	0
20178973	G	A	0	0	0
20178989	C	T	2	2	2
20179010	T	C	0	0	0
20179015	A	G	0	0	0
20179017	C	T	0	0	0
20179039	T	C	2	2	2
20179041	G	A	2	2	2
20179044	G	A	0	0	0
20179046	T	C	2	2	2
20179061	C	T	0	0	0
20179096	A	C	2	2	2
20179123	A	G	0	0	0
20179133	G	A	0	0	0
20179173	G	A	0	2	0
20179187	G	A	0	0	0
20179223	A	T	2	2	2
20179226	G	A	0	0	0
20179255	T	C	0	0	0
20179274	C	T	0	0	0
20179286	G	A	0	0	0
20179302	C	T	0	0	0
20179305	T	C	2	2	2
20179327	G	A	0	0	0
20179339	G	A	2	2	2
20179379	G	A	2	2	2
20179384	C	T	0	0	0
20179385	G	T	0	0	0
20179425	C	T	0	0	0
20179436	C	G	0	0	0
20179440	G	T	0	0	0
20179444	C	G	0	0	0
20179484	G	T	0	0	0
20179496	G	A	0	0	0
20179503	T	C	2	2	2
20179516	G	A	0	0	0
20179556	T	A	0	0	0
20179596	G	A	0	0	0
20179628	C	T	0	0	0
20179673	C	T	0	0	0
20179716	A	G	0	0	0
20179731	C	T	0	0	0
20179752	T	C	0	0	0
20179843	G	A	0	0	0
20179904	C	A	0	0	0
20179921	C	T	0	0	0
20179928	C	T	0	0	0
20179958	C	T	0	0	0
20179979	C	T	0	0	0
20179993	T	G	0	0	0
20180013	G	T	0	0	0
20180071	C	T	.	.	.
20180104	C	A	.	.	.
20180116	C	T	0	0	0
20180117	G	A	0	0	0
20180127	G	A	0	0	0
20180148	G	A	0	0	0
20180154	G	A	0	0	0
20180157	G	A	0	0	0
20180170	G	A	0	0	0
20180261	T	C	0	0	0
20180278	G	T	0	0	0
20180373	G	A	0	0	0
20180379	C	T	0	0	0
20180385	C	T	0	0	0
20180394	G	C	0	0	0
20180455	G	A	0	0	0
20180480	G	A	0	0	0
20180481	C	A	0	0	0
20180496	C	T	0	0	0
20180497	G	A	0	0	0
20180505	C	T	0	0	0
20180529	G	A	0	0	0
20180536	G	C	0	0	0
20180585	C	T	0	0	0
20180620	A	G	0	0	0
20180634	A	T	0	0	0
20180698	G	C	0	0	0
20180708	C	A	0	0	0
20180782	G	A	2	2	2
20180803	C	T	0	0	0
20180845	T	C	0	0	0
20180884	G	A	0	0	0
20180905	C	A	0	0	0
20180911	G	A	0	0	0
20180941	C	A	0	0	0
20181042	C	T	0	0	0
20181043	G	A	0	0	0
20181096	G	T	0	0	0
20181126	C	T	0	0	0
20181136	G	T	0	0	0
20181170	T	G	0	0	0
20181187	G	A	.	.	.
20181208	C	T	.	.	.
20181211	G	A	.	.	.
20181219	C	T	0	0	0
20181242	T	A	0	0	0
20181267	A	G	0	0	0
20181318	C	T	0	0	0
20181412	C	T	0	0	0
20181413	G	A	0	0	0
20181456	C	T	0	0	0
20181463	C	T	0	0	0
20181488	C	T	0	0	0
20181492	C	T	0	0	0
20181533	C	T	0	0	0
20181546	T	A	0	0	0
20181597	T	C	0	0	0
20181608	C	A	0	0	0
20181661	C	T	0	0	0
20181702	G	A	0	0	0
20181707	C	T	0	0	0
20181788	G	A	0	0	0
20181807	C	T	0	0	0
20181844	C	G	0	0	0
20181855	T	C	0	0	0
20181937	C	A	0	0	0
20181984	C	T	2	2	0
20181999	C	T	0	0	0
20182053	C	T	0	0	0
20182057	T	C	0	0	0
20182069	G	T	0	0	0
20182144	C	T	2	0	0
20182154	G	A	0	0	0
20182227	C	T	0	0	0
20182231	C	T	0	0	0
20182245	C	T	0	0	0
20182271	C	A	0	0	0
20182355	C	T	0	0	0
20182395	G	A	0	0	0
20182434	C	T	0	0	0
20182456	C	T	2	2	0
20182465	C	G	0	0	0
20182495	G	A	0	0	0
20182537	T	A	.	.	.
20182540	C	T	.	.	.
20182550	C	T	.	.	.
20182573	G	C	0	0	0
20182605	G	T	0	0	0
20182637	T	A	2	2	0
20182653	G	A	0	0	0
20182673	C	T	0	0	0
20182710	G	A	0	0	0
20182756	C	T	0	0	0
20182760	C	T	0	0	0
20182779	G	A	0	0	0
20182800	C	T	0	0	0
20182802	C	A	0	0	0
20182864	T	G	2	2	2
20182968	G	A	0	0	0
20182988	A	G	0	0	0
20182991	C	T	0	0	0
20182996	G	A	0	0	0
20183009	G	A	0	0	0
20183030	G	A	2	2	0
20183039	G	C	2	2	0
20183084	C	T	0	0	0
20183111	G	A	0	0	0
20183124	T	G	0	0	0
20183131	A	C	0	0	0
20183152	C	T	0	0	0
20183169	T	C	0	0	0
20183177	C	G	0	0	0
20183212	A	G	0	0	0
20183253	A	C	0	0	0
20183329	C	T	0	0	0
20183345	T	C	2	2	2
20183365	C	A	0	0	0
20183436	C	T	0	0	0
20183487	G	A	0	0	0
20183504	C	T	0	0	0
20183509	A	G	0	0	0
20183522	C	T	0	0	0
20183544	C	T	0	0	0
20183599	G	T	0	0	0
20183631	C	T	0	0	0
20183693	C	T	0	0	0
20183734	C	G	0	0	0
20183796	C	A	0	0	0
20183807	G	A	0	0	0
20183854	A	C	0	0	0
20183920	C	T	0	0	0
20183937	C	G	0	0	0
20183948	G	A	0	0	0
20183957	G	A	0	0	0
20184002	G	A	0	0	0
20184058	A	G	0	0	0
20184084	T	A	0	0	0
20184109	G	A	0	0	0
20184116	G	T	0	0	0
20184167	C	T	0	0	0
20184225	C	G	0	0	0
20184236	G	A	0	0	0
20184248	C	T	0	0	0
20184267	C	T	0	0	0
20184286	T	C	0	0	0
20184293	C	T	0	0	0
20184356	A	G	0	0	0
20184405	C	T	0	0	0
20184406	G	A	0	0	0
20184410	C	T	0	0	0
20184419	C	G	0	0	0
20184425	G	A	0	0	0
20184441	C	T	0	0	0
20184445	T	C	2	2	2
20184447	G	C	0	0	0
20184476	T	G	.	.	.
20184485	T	C	2	2	2
20184503	G	T	0	0	0
20184564	C	T	.	.	.
20184577	C	A	.	.	.
20184579	C	T	.	.	.
20184592	A	G	2	2	2
20184627	T	A	0	0	0
20184710	A	G	0	0	0
20184721	C	G	0	0	0
20184747	C	T	0	0	0
20184775	G	A	0	0	0
20184780	A	G	0	0	0
20184802	C	T	0	0	0
20184833	C	A	0	0	0
20184835	C	T	0	0	0
20184837	G	A	0	0	0
20184889	C	T	0	0	0
20184937	A	T	0	0	0
20184961	G	A	0	0	0
20184978	G	A	0	0	0
20185011	T	C	.	.	.
20185017	C	T	.	.	.
20185018	C	T	.	.	.
20185019	C	T	.	.	.
20185021	C	A	.	.	.
20185119	C	A	0	0	0
20185132	T	C	0	0	0
20185152	C	A	0	0	0
20185175	A	G	0	0	0
20185191	T	C	0	0	0
20185252	C	A	0	0	0
20185257	A	T	0	0	0
20185296	G	A	0	0	0
20185415	G	A	0	0	0
20185457	G	A	0	0	0
20185480	C	T	0	0	0
20185487	C	T	0	0	0
20185499	C	T	0	0	0
20185570	C	T	0	0	0
20185586	C	T	0	0	0
20185672	T	A	0	0	0
20185686	C	G	0	0	0
20185700	T	A	0	0	0
20185715	C	T	0	0	0
20185753	T	C	0	0	0
20185756	G	A	0	0	0
20185765	C	T	0	0	0
20185788	T	G	0	0	0
20185884	G	T	0	0	0
20185887	C	T	0	0	0
20185889	T	G	0	0	0
20185922	C	G	0	0	0
20185931	G	A	0	0	0
20185944	G	A	0	0	0
20185966	A	C	.	.	.
20185985	T	C	.	.	.
20185999	C	G	.	.	.
20186006	G	A	0	0	0
20186023	C	T	0	0	0
20186074	G	C	0	0	0
20186102	T	C	0	0	0
20186181	C	T	0	0	0
20186188	T	G	0	0	0
20186193	G	A	0	0	0
20186206	T	G	0	0	0
20186245	C	T	0	0	0
20186246	G	T	0	0	0
20186247	G	A	0	0	0
20186284	A	G	0	0	0
20186298	T	C	0	0	0
20186303	C	T	0	0	0
20186311	C	G	0	0	0
20186326	T	C	0	0	0
20186329	C	T	0	0	0
20186336	C	T	0	0	0
20186356	C	T	0	0	0
20186357	G	A	0	0	0
20186396	G	A	0	0	0
20186407	C	T	0	0	0
20186408	C	T	0	1	0
20186439	G	T	0	0	0
20186509	G	C	0	0	0
20186516	C	T	0	0	0
20186550	T	C	0	0	0
20186565	C	T	0	0	0
20186575	G	A	0	0	0
20186583	C	T	0	0	0
20186629	C	G	0	0	0
20186635	C	T	0	0	0
20186636	G	A	0	0	0
20186644	C	T	0	0	0
20186654	A	G	2	2	2
20186727	A	C	0	0	0
20186778	G	A	0	0	0
20186798	A	C	0	0	0
20186810	C	T	0	0	0
20187031	A	G	.	.	.
20187032	C	G	0	0	0
20187050	C	A	0	0	0
20187076	T	A	.	.	.
20187100	T	C	0	0	0
20187130	C	T	0	0	0
20187131	A	G	0	0	0
20187171	G	A	0	0	0
20187209	C	T	0	0	0
20187218	C	A	0	0	0
20187257	T	C	0	0	0
20187336	C	T	0	0	0
20187355	C	T	0	0	0
20187400	C	A	.	.	.
20187451	C	T	.	.	.
20187474	C	T	0	0	0
20187503	T	G	0	0	0
20187528	T	C	0	0	0
20187543	T	C	0	0	0
20187559	C	T	0	0	0
20187575	C	T	0	0	0
20187638	T	G	0	0	0
20187648	A	G	0	0	0
20187665	G	A	0	0	0
20187679	T	C	0	0	0
20187711	C	T	0	0	0
20187717	T	C	0	0	0
20187776	A	T	0	0	0
20187791	G	T	0	0	0
20187902	C	T	0	0	0
20187907	C	T	0	0	0
20187923	A	G	0	0	0
20187970	C	T	0	0	0
20188022	C	T	0	0	0
20188045	C	T	0	0	0
20188046	G	A	0	0	0
20188064	C	T	0	0	0
20188111	C	T	0	0	0
20188115	C	T	0	0	0
20188116	G	A	0	0	0
20188160	T	C	0	0	0
20188182	C	T	0	0	0
20188199	T	C	0	0	0
20188213	C	T	0	0	0
20188279	G	A	.	.	.
20188290	A	G	.	.	.
20188321	T	G	0	0	0
20188334	T	C	0	0	0
20188345	T	C	0	0	0
20188385	T	C	0	0	0
20188548	C	T	0	0	0
20188579	G	C	.	.	.
20188584	C	T	.	.	.
20188585	G	A	.	.	.
20188590	C	A	.	.	.
20188596	C	G	.	.	.
20188601	A	C	.	.	.
20188608	G	A	.	.	.
20188609	C	T	.	.	.
20188660	C	T	.	.	.
20188682	C	A	.	.	.
20188684	C	T	.	.	.
20188746	A	T	.	.	.
20188805	C	T	.	.	.
20188820	G	A	.	.	.
20189064	T	C	0	0	0
20189068	T	C	0	0	0
20189077	C	T	0	0	0
20189094	G	A	0	0	0
20189120	C	T	.	.	.
20189152	G	A	0	0	0
20189173	G	A	0	0	0
20189202	G	A	0	0	0
20189212	A	G	0	0	0
20189236	C	A	0	0	0
20189242	G	A	0	0	0
20189246	G	T	0	0	0
20189260	C	T	0	0	0
20189291	G	C	0	0	0
20189308	G	A	0	0	0
20189378	C	T	0	0	0
20189382	G	C	0	0	0
20189390	C	T	0	0	0
20189408	G	A	0	0	0
20189475	G	A	0	0	0
20189500	G	C	0	0	0
20189506	G	A	0	0	0
20189517	C	T	0	0	0
20189601	C	A	0	0	0
20189622	C	T	0	0	0
20189624	T	C	0	0	0
20189645	T	A	0	0	0
20189652	G	C	0	0	0
20189659	C	G	0	0	0
20189666	G	T	0	0	0
20189722	T	C	0	0	0
20189782	C	T	0	0	0
20189812	C	T	0	0	0
20189821	G	A	0	0	0
20189878	T	C	0	0	0
20189916	A	G	0	0	0
20189935	G	A	0	0	0
20189961	C	T	.	.	.
20189979	G	A	0	0	0
20189993	G	A	0	0	0
20189994	C	T	0	0	0
20189995	G	A	0	0	0
20190007	G	A	0	0	0
20190031	A	G	0	0	0
20190049	A	G	0	0	0
20190055	C	T	0	0	0
20190079	G	A	0	0	0
20190089	C	T	0	0	0
20190097	C	G	0	0	0
20190102	C	T	0	0	0
20190109	C	T	0	0	0
20190134	C	G	0	0	0
20190144	G	A	0	0	0
20190174	G	T	0	0	0
20190253	C	T	0	0	0
20190257	G	T	0	0	0
20190312	C	T	0	0	0
20190313	G	A	0	0	0
20190331	A	G	0	0	0
20190372	G	A	0	0	0
20190378	A	T	0	0	1
20190379	C	A	0	0	0
20190406	T	C	0	0	0
20190413	C	A	0	0	0
20190414	C	A	0	0	0
20190505	C	T	0	0	0
20190517	T	C	0	0	0
20190541	A	G	0	0	0
20190556	C	T	0	0	0
20190606	G	A	0	0	0
20190618	G	A	0	0	0
20190678	C	G	0	0	0
20190688	C	G	0	0	0
20190697	G	A	0	0	0
20190738	G	C	0	0	0
20190742	G	A	0	0	0
20190760	G	C	0	0	0
20190778	G	A	0	0	0
20190813	C	T	0	0	0
20190850	G	C	0	0	0
20190855	C	T	0	0	0
20190875	G	T	0	0	0
20190915	A	G	0	0	0
20190969	G	A	0	0	0
20191024	G	T	0	0	0
20191031	G	A	0	0	0
20191052	C	G	0	0	0
20191057	G	A	0	0	0
20191099	G	A	0	0	0
20191105	G	A	0	0	0
20191214	G	T	0	0	0
20191248	G	A	0	0	0
20191282	G	A	0	0	0
20191319	A	G	0	0	0
20191330	G	A	0	0	0
20191339	C	A	0	0	0
20191441	G	A	0	0	0
20191481	G	T	0	0	0
20191527	C	G	0	0	0
20191545	C	T	0	0	0
20191546	A	G	0	0	0
20191575	C	T	0	0	0
20191591	G	A	0	0	0
20191641	G	A	0	0	0
20191681	C	A	0	0	0
20191765	G	T	0	0	0
20191830	G	C	.	.	.
20191845	G	C	.	.	.
20191861	C	T	0	0	0
20191883	C	T	0	0	0
20191900	T	C	0	0	2
20191905	G	T	0	0	0
20192147	C	G	.	.	.
20192152	C	G	.	.	.
20192184	C	A	2	0	0
20192192	C	A	0	0	0
20192197	T	C	0	0	0
20192198	T	C	0	0	0
20192199	G	T	0	0	0
20192204	G	A	0	0	0
20192215	G	A	0	0	0
20192241	G	T	0	0	0
20192255	C	T	0	0	0
20192256	G	A	0	0	0
20192259	G	A	0	0	0
20192264	G	A	0	0	0
20192322	G	A	0	0	0
20192331	C	G	0	0	0
20192365	G	A	0	0	0
20192425	C	T	0	0	0
20192431	C	T	0	0	0
20192472	G	T	0	0	0
20192486	G	A	0	0	0
20192493	C	T	0	0	0
20192506	G	A	0	0	0
20192530	C	T	0	0	0
20192544	G	A	0	0	0
20192546	C	T	0	0	0
20192547	G	C	0	0	1
20192578	C	T	0	0	0
20192586	A	C	0	0	1
20192587	G	C	0	0	0
20192590	G	A	0	0	0
20192664	G	T	0	0	0
20192758	A	C	0	0	0
20192759	G	C	0	0	0
20192887	C	T	0	0	0
20192939	G	A	0	0	0
20192972	C	T	0	0	0
20193054	G	A	0	0	0
20193064	G	A	0	0	0
20193074	G	A	0	0	0
20193085	C	T	.	.	.
20193086	C	T	.	.	.
20193096	T	C	.	.	.
20193099	C	T	.	.	.
20193114	C	A	.	.	.
20193159	C	G	2	2	.
20193176	G	A	0	0	0
20193230	G	A	0	0	0
20193259	G	A	.	.	.
20193312	C	T	.	.	.
20193335	C	A	.	.	.
20193359	T	C	.	.	.
20193389	T	G	0	0	0
20193438	G	A	0	0	0
20193465	A	G	.	.	.
20193473	G	C	.	.	.
20193551	A	G	.	.	.
20193623	G	A	.	.	.
20193625	G	A	.	.	.
20193638	C	T	0	0	0
20193651	G	A	0	0	0
20193654	G	C	0	0	0
20193685	C	G	0	0	0
20193701	T	G	.	.	.
20193706	C	T	.	.	.
20193757	G	C	.	.	.
20193792	A	G	.	.	.
20193796	A	G	.	.	.
20193806	C	T	.	.	.
20193819	G	T	.	.	.
20193840	G	A	.	.	.
20193861	G	C	2	2	2
20193871	C	T	0	0	0
20193902	C	T	.	.	.
20193930	C	T	0	0	0
20193946	C	T	0	0	0
20193969	A	G	.	.	.
20194004	G	A	0	0	0
20194074	G	A	0	0	0
20194080	C	A	0	0	0
20194088	G	A	0	0	0
20194089	C	G	0	0	0
20194105	G	T	0	0	0
20194149	G	A	0	0	2
20194207	G	A	0	0	0
20194217	C	T	0	0	0
20194351	C	G	0	0	0
20194369	C	T	.	.	.
20194382	C	T	.	.	.
20194434	T	C	0	0	0
20194483	T	A	0	0	0
20194532	T	C	0	0	0
20194548	G	A	0	0	0
20194550	G	T	0	0	0
20194603	C	T	0	0	0
20194617	G	A	0	0	0
20194625	C	T	0	0	0
20194821	T	G	0	0	0
20194933	A	G	0	0	0
20194968	G	C	0	0	0
20195039	C	T	0	0	0
20195088	C	G	0	0	0
20195166	C	T	0	0	0
20195186	C	T	0	0	0
20195211	G	A	0	0	0
20195224	C	G	0	0	0
20195231	C	T	0	0	0
20195256	C	G	0	0	0
20195306	G	T	0	0	0
20195333	G	A	0	0	0
20195353	G	T	0	0	0
20195401	G	A	0	0	0
20195411	C	A	0	0	0
20195426	C	T	0	0	0
20195481	G	A	0	0	0
20195485	C	T	0	0	0
20195486	G	A	0	2	0
20195541	C	T	0	0	0
20195560	G	A	0	0	0
20195574	G	A	0	0	0
20195591	C	T	0	0	0
20195607	A	G	0	0	0
20195628	G	A	0	0	0
20195671	C	T	0	0	0
20195683	A	G	0	0	0
20195686	C	T	0	0	0
20195689	C	T	0	0	0
20195730	C	T	2	2	0
20195752	G	T	0	0	0
20195762	G	A	0	0	0
20195778	T	C	2	2	0
20195808	G	A	0	0	0
20195884	G	C	0	0	0
20195889	G	A	0	0	0
20195928	G	A	0	0	0
20195976	C	T	0	0	0
20195978	G	A	0	0	0
20195998	C	T	0	0	0
20195999	G	C	2	2	0
20196016	A	C	0	0	0
20196046	C	A	2	2	0
20196113	G	T	0	0	0
20196182	G	C	0	0	0
20196192	G	A	0	0	0
20196282	C	G	.	.	.
20196314	C	T	0	0	0
20196328	T	G	0	0	0
20196348	G	T	0	0	0
20196356	G	A	0	0	0
20196380	T	G	0	0	0
20196386	T	A	0	0	0
20196409	C	G	0	0	0
20196450	G	A	2	2	0
20196454	G	A	0	0	0
20196469	G	A	2	2	2
20196472	T	C	0	0	0
20196475	C	A	0	0	0
20196566	C	A	0	2	0
20196599	A	T	0	0	0
20196641	G	A	0	0	0
20196656	G	A	0	0	0
20196676	C	G	0	2	0
20196720	G	A	0	0	0
20196765	C	T	0	0	0
20196771	G	A	0	0	0
20196772	A	G	2	2	0
20196777	T	C	0	0	0
20196796	G	A	0	0	0
20196862	C	T	0	0	0
20196871	C	T	0	0	0
20196914	G	T	0	0	0
20196947	T	C	0	0	0
20196957	C	T	0	0	0
20196989	A	T	0	0	0
20197007	G	A	0	0	0
20197039	C	T	0	0	0
20197084	C	T	2	0	0
20197136	G	A	.	.	.
20197152	C	A	.	.	.
20197191	G	T	0	0	0
20197203	G	T	0	0	0
20197220	C	T	0	0	0
20197293	G	A	2	0	0
20197314	C	T	2	0	0
20197319	C	A	0	0	0
20197335	T	A	0	0	0
20197376	G	A	2	0	0
20197415	C	T	2	0	0
20197457	G	A	0	0	0
20197469	G	T	0	0	0
20197493	C	T	0	0	0
20197495	A	G	2	0	0
20197516	A	T	0	0	0
20197533	C	T	0	0	0
20197534	G	A	0	0	0
20197612	T	C	0	0	0
20197629	C	T	0	0	0
20197685	A	G	0	0	0
20197689	C	T	0	0	0
20197758	G	C	0	0	0
20197767	C	T	0	0	0
20197835	C	T	0	0	0
20197884	G	A	2	0	0
20197932	C	T	2	0	0
20197961	C	A	0	0	0
20198007	C	A	0	0	0
20198041	C	G	0	0	0
20198047	A	C	2	0	0
20198054	C	T	0	0	0
20198065	T	C	2	0	0
20198069	C	T	0	0	0
20198070	G	A	0	0	0
20198119	G	A	0	0	0
20198129	G	A	0	0	0
20198135	C	A	0	0	0
20198163	C	T	0	0	0
20198174	C	T	0	0	0
20198204	C	T	2	2	0
20198211	C	T	0	0	0
20198239	T	G	2	2	0
20198256	C	T	0	0	0
20198308	C	G	0	0	0
20198341	G	C	0	0	0
20198399	C	A	0	0	0
20198412	G	A	0	0	0
20198509	G	A	0	0	0
20198532	G	A	0	0	0
20198563	G	A	0	0	0
20198584	G	T	2	2	0
20198588	T	G	0	0	0
20198616	G	C	0	0	0
20198617	G	A	0	0	0
20198619	C	T	0	0	0
20198647	C	T	0	0	0
20198648	A	G	0	0	0
20198649	G	A	0	0	0
20198725	G	T	0	0	0
20198727	G	T	0	0	0
20198826	A	G	0	0	1
20198831	C	T	0	0	0
20198882	G	A	0	0	0
20199008	G	A	0	0	0
20199218	C	T	0	0	0
20199219	G	A	0	0	0
20199228	A	C	0	0	0
20199231	C	T	0	0	0
20199233	C	T	0	0	0
20199254	T	C	0	0	0
20199315	G	T	0	0	0
20199360	G	C	0	0	2
20199375	G	T	0	0	0
20199386	A	G	0	0	0
20199430	C	T	0	0	0
20199453	G	T	0	0	0
20199454	G	T	0	0	0
20199532	C	T	0	0	0
20199533	G	C	0	0	0
20199579	C	A	2	2	0
20199587	C	T	0	0	0
20199594	C	T	0	0	0
20199631	G	C	0	0	0
20199649	G	A	0	0	0
20199702	C	T	0	0	0
20199711	C	T	0	0	0
20199738	G	T	0	0	0
20199795	C	T	0	0	0
20199814	C	T	0	0	0
20199818	C	A	0	0	0
20199839	C	T	0	0	0
20199864	G	T	0	0	0
20199908	C	T	0	0	0
20199982	G	T	0	0	0
20200018	A	T	0	0	0
20200031	G	A	0	0	0
20200044	C	T	0	0	0
20200052	T	G	0	0	0
20200118	G	A	0	0	0
20200129	G	C	0	0	0
20200144	G	A	0	0	0
20200146	G	C	0	0	0
20200154	A	C	0	0	0
20200168	G	A	0	0	0
20200176	G	A	0	0	0
20200216	T	C	0	0	0
20200217	G	A	0	0	0
20200246	G	A	0	0	0
20200252	G	T	0	0	0
20200257	C	T	0	0	0
20200258	G	A	0	0	0
20200298	C	A	0	0	0
20200317	T	G	0	0	0
20200329	T	C	0	0	1
20200357	C	T	0	0	0
20200358	G	A	0	0	0
20200359	G	A	0	0	0
20200379	C	T	0	0	0
20200380	G	A	0	0	0
20200441	A	G	0	0	0
20200470	C	G	0	0	0
20200480	C	G	0	0	0
20200513	T	G	2	2	0
20200516	T	C	0	0	2
20200598	C	T	0	0	0
20200602	C	T	0	0	0
20200616	C	T	0	0	0
20200617	G	T	0	0	0
20200622	G	A	0	0	0
20200654	G	A	2	2	0
20200655	C	T	0	0	0
20200656	G	A	0	0	0
20200667	C	T	0	0	0
20200721	G	A	0	0	0
20200735	T	C	0	0	0
20200769	T	C	0	0	0
20200801	C	T	0	0	0
20200802	G	A	0	0	0
20200870	C	T	0	0	0
20200916	C	G	1	0	0
20200967	C	T	0	0	0
20201006	G	A	0	0	0
20201009	C	A	0	0	0
20201020	C	T	0	0	0
20201039	A	C	0	0	0
20201044	T	C	0	0	0
20201053	C	T	0	0	0
20201071	A	G	0	0	0
20201120	C	T	0	0	0
20201132	T	C	0	0	0
20201141	C	T	0	0	0
20201284	G	A	0	0	0
20201346	C	T	.	.	.
20201377	G	T	.	.	.
20201388	C	T	0	0	0
20201389	G	A	0	0	0
20201404	G	T	0	0	0
20201417	C	T	0	0	0
20201430	C	T	2	2	0
20201484	C	T	0	0	0
20201512	C	T	0	0	0
20201569	C	A	0	0	0
20201579	C	T	0	0	0
20201602	G	A	0	0	0
20201605	G	A	0	0	0
20201653	G	A	0	0	0
20201705	T	C	.	.	.
20201737	G	A	2	2	0
20201912	T	C	0	0	0
20201942	C	T	0	0	0
20201954	C	T	0	0	0
20202003	G	T	0	0	0
20202016	C	T	0	0	0
20202017	G	A	0	0	0
20202070	A	G	0	0	0
20202078	C	T	0	0	0
20202109	G	A	0	0	0
20202114	T	C	2	2	2
20202134	C	T	0	0	0
20202160	G	A	2	2	0
20202238	C	G	0	0	0
20202252	G	A	0	0	0
20202272	G	A	0	0	0
20202276	A	G	0	0	0
20202280	G	A	0	0	0
20202286	A	G	0	0	0
20202289	C	T	0	0	0
20202301	C	T	0	0	0
20202328	C	T	0	0	0
20202374	A	G	0	0	0
20202404	C	T	0	0	0
20202406	A	G	0	0	0
20202413	T	C	0	0	0
20202422	G	T	2	2	0
20202431	G	A	0	0	0
20202434	T	C	0	0	0
20202479	C	T	0	0	0
20202505	A	G	2	2	0
20202549	C	T	0	0	0
20202551	G	A	0	0	0
20202553	T	C	0	0	0
20202607	A	G	0	0	0
20202643	T	C	0	0	0
20202662	G	A	0	0	0
20202667	T	C	2	2	2
20202712	G	C	2	2	0
20202713	A	T	0	0	0
20202714	A	G	2	2	2
20202729	G	A	0	0	0
20202767	C	T	0	0	0
20202777	G	A	0	0	0
20202782	G	A	0	0	0
20202789	C	A	2	2	2
20202838	T	C	0	0	0
20202852	G	A	0	0	0
20202916	C	T	0	0	0
20202918	C	T	0	0	0
20202945	C	T	0	0	0
20202959	C	T	0	0	0
20202969	G	A	0	0	0
20203029	G	A	0	0	0
20203040	T	G	0	0	0
20203093	C	A	0	0	0
20203134	A	C	0	0	0
20203158	T	C	2	2	2
20203211	T	C	0	0	0
20203246	G	T	0	0	0
20203354	G	C	.	.	.
20203360	C	T	0	0	0
20203365	G	C	2	2	0
20203390	C	T	2	2	0
20203392	T	G	2	2	2
20203395	A	G	2	2	2
20203398	G	A	0	0	0
20203449	A	G	2	2	0
20203516	T	C	0	0	0
20203528	T	A	0	0	0
20203536	G	A	0	0	0
20203570	C	T	0	0	1
20203608	T	C	0	0	0
20203629	C	G	0	0	0
20203645	G	C	0	0	0
20203655	C	T	0	0	0
20203667	C	G	0	0	0
20203668	C	T	2	2	0
20203669	G	A	0	0	0
20203677	A	C	0	0	0
20203747	A	G	0	0	0
20203796	G	A	0	0	0
20203797	G	A	0	0	0
20203798	G	A	0	0	0
20203812	C	T	0	0	0
20203867	G	A	0	0	0
20203937	C	T	2	2	0
20203952	C	G	0	0	0
20203997	G	A	.	.	.
20204011	A	T	.	.	.
20204025	G	A	.	.	.
20204035	G	T	.	.	.
20204036	C	T	.	.	.
20204082	C	T	.	.	.
20204159	C	T	.	.	.
20204234	C	A	.	.	.
20204251	G	C	.	.	.
20204260	G	A	.	.	.
20204294	C	T	.	.	.
20204390	G	A	0	0	0
20204427	T	C	.	.	.
20204444	G	C	.	.	.
20204468	A	T	0	0	0
20204498	C	T	.	.	.
20204555	T	C	0	0	0
20204558	G	A	0	0	0
20204603	A	G	.	.	.
20204609	G	A	.	.	.
20204617	C	G	.	.	.
20204667	G	T	0	0	0
20204672	G	A	0	0	0
20204748	G	A	0	0	0
20204790	G	A	0	0	0
20204791	C	T	0	0	0
20204802	C	T	0	0	0
20204806	C	T	0	0	0
20204812	C	A	0	0	0
20204824	C	T	0	0	0
20204834	C	T	0	0	0
20204837	A	G	0	0	0
20204844	C	T	0	0	0
20204845	G	A	0	0	0
20204870	A	C	0	0	0
20204892	C	T	0	0	0
20204923	C	T	0	0	0
20204924	A	G	0	0	0
20204931	C	A	0	0	0
20205059	C	A	0	0	0
20205064	G	A	0	0	0
20205066	G	A	0	0	0
20205073	G	A	0	0	0
20205085	C	A	0	0	0
20205088	A	G	0	0	0
20205094	A	T	0	0	0
20205136	G	C	0	0	0
20205157	C	T	0	0	0
20205218	G	T	0	0	0
20205263	G	A	0	0	0
20205276	C	T	0	0	0
20205292	G	A	0	0	0
20205298	C	A	0	0	0
20205333	G	T	2	2	2
20205356	C	T	0	0	0
20205402	C	T	.	.	.
20205511	C	T	0	0	0
20205512	G	A	0	0	0
20205546	G	A	0	0	0
20205571	A	G	0	0	0
20205574	C	A	0	0	0
20205619	C	G	0	0	1
20205741	C	T	.	.	.
20205743	C	G	.	.	.
20205760	G	T	.	.	.
20205780	C	A	.	.	.
20205783	C	A	.	.	.
20205786	G	A	.	.	.
20205828	C	T	.	.	.
20205832	G	C	.	.	.
20205875	C	T	0	0	0
20205926	C	T	0	2	0
20206006	T	C	0	0	0
20206012	T	A	0	0	0
20206018	A	G	0	0	0
20206052	T	C	2	2	2
20206088	T	G	0	0	0
20206147	C	T	0	0	0
20206151	T	C	0	0	0
20206208	A	C	0	0	0
20206228	A	C	0	0	0
20206264	G	A	0	0	0
20206334	T	G	.	.	.
20206384	C	T	0	0	0
20206604	C	T	0	0	0
20206730	T	C	.	.	.
20206809	C	T	0	0	0
20206812	T	G	0	0	0
20206862	C	T	0	0	0
20206930	C	T	0	0	0
20206981	G	A	0	0	0
20207006	G	A	0	0	0
20207055	C	T	.	.	.
20207108	A	G	0	0	0
20207129	G	C	0	0	0
20207141	A	C	0	0	0
20207163	T	C	.	.	.
20207171	A	G	.	.	.
20207246	T	G	0	0	0
20207308	C	T	0	0	0
20207321	G	A	0	0	0
20207328	T	C	0	0	0
20207350	G	A	0	0	0
20207361	G	A	0	0	0
20207440	A	T	0	0	0
20207445	C	T	0	0	0
20207463	G	C	0	0	0
20207476	G	A	0	0	0
20207489	G	T	0	0	0
20207636	G	C	0	0	0
20207732	A	G	0	0	0
20207772	G	A	0	0	0
20207780	G	A	0	0	0
20207825	C	T	0	0	0
20207830	C	T	0	0	0
20207863	C	T	.	.	.
20207871	G	A	.	.	.
20207879	C	T	.	.	.
20207886	C	G	.	.	.
20207978	G	A	0	0	0
20208036	A	T	0	0	0
20208042	C	T	0	0	0
20208058	C	T	0	0	0
20208060	G	C	0	0	0
20208086	C	T	0	0	0
20208128	C	T	0	0	0
20208129	G	A	0	0	0
20208130	C	T	0	0	1
20208135	G	C	0	0	0
20208136	G	A	0	0	0
20208194	G	T	0	0	0
20208258	C	T	0	0	1
20208260	C	T	0	0	0
20208272	A	C	0	0	0
20208291	G	A	0	0	0
20208308	G	A	0	0	0
20208315	A	C	0	0	0
20208357	C	T	0	0	0
20208358	G	A	0	0	0
20208417	C	T	0	0	0
20208420	G	A	0	0	0
20208424	C	T	0	0	0
20208428	C	T	0	0	0
20208453	G	T	0	0	0
20208475	C	T	0	0	0
20208476	G	A	0	0	0
20208486	C	T	0	0	0
20208499	A	T	0	0	0
20208653	C	T	0	0	0
20208741	A	C	0	0	0
20208754	A	G	0	0	0
20208777	C	T	0	0	0
20208864	A	T	0	0	1
20208886	G	A	0	0	0
20208907	G	T	0	0	0
20208959	C	T	.	.	.
20208967	C	T	.	.	.
20208985	T	C	0	0	0
20209013	A	G	0	0	0
20209030	T	C	0	0	0
20209057	C	T	0	0	0
20209058	G	A	0	0	0
20209063	C	T	0	0	0
20209089	C	T	0	0	0
20209110	C	T	0	0	0
20209122	A	T	0	2	0
20209155	G	A	0	0	0
20209164	G	T	0	0	0
20209269	C	T	0	0	0
20209273	A	G	0	0	0
20209293	G	C	0	0	0
20209304	G	T	0	0	0
20209307	A	T	0	0	0
20209365	G	A	0	0	0
20209395	A	G	0	0	0
20209405	G	A	0	0	0
20209422	T	C	0	0	0
20209425	G	A	0	0	0
20209440	A	G	0	0	0
20209441	C	T	0	0	0
20209449	C	A	2	2	2
20209487	G	A	0	0	0
20209548	T	C	0	0	0
20209621	C	A	0	0	0
20209633	A	G	0	0	0
20209707	C	T	0	2	0
20209760	T	C	0	0	2
20209775	A	G	2	2	2
20209782	C	T	0	0	0
20209811	G	A	0	0	0
20209830	C	T	0	0	0
20209831	G	A	0	0	0
20209879	G	A	.	.	.
20209880	T	C	.	.	.
20209908	C	T	.	.	.
20209974	G	T	0	0	0
20210012	A	G	0	0	0
20210016	C	T	0	0	0
20210055	C	A	2	2	2
20210119	G	A	2	2	2
20210121	T	C	0	0	0
20210184	G	A	0	0	0
20210259	G	A	0	0	0
20210299	G	A	0	0	0
20210363	C	T	2	2	2
20210415	C	A	0	0	0
20210430	T	C	0	0	0
20210432	G	A	0	0	0
20210441	G	A	0	0	0
20210443	C	T	0	0	0
20210465	A	G	0	0	0
20210518	G	A	0	0	0
20210522	C	T	0	0	0
20210537	C	G	0	0	0
20210544	G	A	0	0	0
20210584	G	A	0	0	0
20210617	A	C	0	0	0
20210631	G	A	2	2	2
20210692	G	T	0	0	0
20210704	C	T	0	0	0
20210781	C	T	0	0	0
20210836	C	G	0	0	0
20210935	T	G	0	0	1
20210948	T	G	0	0	0
20210970	C	A	0	0	0
20210975	G	A	0	0	0
20210996	G	A	0	0	0
20211042	G	A	0	0	0
20211075	G	C	0	0	0
20211102	G	A	0	0	0
20211113	G	C	0	0	0
20211139	T	C	0	0	0
20211183	C	T	0	0	0
20211212	G	T	0	0	0
20211260	C	T	0	0	0
20211261	C	T	0	0	0
20211284	G	A	0	0	0
20211328	C	G	0	0	0
20211349	T	G	2	2	2
20211451	G	A	0	0	0
20211530	C	G	2	.	.
20211546	T	A	2	2	2
20211559	G	A	0	0	0
20211561	A	G	2	2	2
20211565	A	C	2	2	2
20211594	G	A	0	0	0
20211644	C	G	0	0	0
20211655	C	T	0	0	0
20211656	G	A	0	0	0
20211661	C	T	0	0	0
20211666	G	C	2	2	2
20211672	C	T	0	0	0
20211687	G	A	.	.	.
20211690	C	T	.	.	.
20211691	G	A	.	.	.
20211791	T	C	2	2	0
20211831	G	C	0	0	0
20211837	C	T	0	0	0
20211873	C	T	0	0	0
20211884	G	A	0	0	0
20211885	T	G	0	0	0
20211961	A	G	0	0	0
20212049	C	G	0	0	0
20212050	A	T	0	0	0
20212135	G	A	0	0	0
20212136	G	C	0	0	0
20212195	A	C	0	0	0
20212204	C	A	0	0	0
20212216	C	T	0	0	0
20212307	C	T	0	0	0
20212308	G	A	0	0	0
20212315	T	C	0	0	0
20212319	C	T	0	0	0
20212324	C	T	0	0	0
20212368	A	C	.	.	.
20212369	C	T	.	.	.
20212378	A	G	1	0	0
20212434	G	A	.	.	.
20212440	T	C	.	.	.
20212442	C	G	.	.	.
20212473	T	A	0	2	0
20212474	G	A	0	2	0
20212491	C	T	0	.	0
20212502	G	C	0	.	0
20212514	C	T	0	.	0
20212540	A	G	0	.	0
20212556	C	G	.	.	.
20212558	C	T	.	.	.
20212560	C	A	.	.	.
20212597	C	T	0	.	0
20212606	C	T	0	.	0
20212618	C	T	0	.	0
20212642	C	T	0	.	0
20212661	A	G	.	.	.
20212673	G	A	.	.	.
20212684	A	G	.	.	.
20212715	A	G	.	.	.
20212725	C	T	.	.	.
20212737	T	C	1	0	1
20212797	G	C	1	0	1
20212808	C	A	1	0	0
20212810	C	T	0	0	0
20212837	C	T	0	0	0
20212839	C	T	0	0	0
20212893	C	T	0	0	0
20212894	G	T	0	0	0
20212898	C	T	0	0	0
20212899	G	A	0	0	0
20212912	G	A	0	0	0
20212926	C	T	0	0	0
20212931	A	T	0	0	0
20212949	G	C	.	.	.
20212953	C	T	0	0	0
20212954	G	A	0	0	0
20212979	C	T	0	0	0
20212987	T	C	0	0	0
20212997	C	T	0	0	0
20213004	C	T	0	0	0
20213005	G	A	0	0	0
20213157	C	T	0	0	0
20213177	C	T	0	0	0
20213178	G	A	2	2	2
20213204	C	T	0	0	0
20213231	C	T	.	.	.
20213257	G	A	0	0	0
20213258	C	G	0	0	0
20213262	T	C	0	0	0
20213264	G	T	0	0	0
20213328	T	A	0	0	0
20213368	T	C	0	0	0
20213409	C	T	0	0	0
20213447	G	A	0	0	0
20213450	T	C	0	0	0
20213479	C	A	0	0	0
20213515	G	A	0	0	0
20213629	C	T	0	0	0
20213630	G	A	0	0	0
20213635	G	A	0	0	0
20213655	G	A	0	0	0
20213678	A	C	2	2	2
20213718	G	T	.	.	.
20213720	G	T	.	.	.
20213727	C	A	0	0	0
20213751	T	C	0	0	0
20213753	T	A	0	0	0
20213758	G	C	2	2	2
20213762	G	A	0	0	0
20213768	A	T	0	0	0
20213811	C	G	0	0	0
20213814	C	G	2	2	2
20213816	C	T	0	0	0
20213817	G	T	0	0	0
20213825	C	T	0	0	0
20214017	G	A	0	0	0
20214033	T	C	0	0	0
20214088	C	T	0	0	0
20214145	C	G	0	0	0
20214213	C	A	0	0	0
20214218	G	A	0	0	0
20214225	C	T	2	2	2
20214259	G	A	0	0	0
20214298	T	C	0	0	0
20214385	C	G	0	0	0
20214398	C	A	0	0	0
20214413	A	G	0	0	0
20214424	C	T	0	0	0
20214442	G	A	0	0	0
20214453	G	C	0	0	0
20214485	C	T	0	0	0
20214494	G	A	0	0	0
20214501	G	A	0	0	0
20214516	C	G	0	0	0
20214539	G	A	0	0	0
20214548	G	C	0	0	0
20214556	C	T	2	2	2
20214566	C	T	0	0	0
20214608	C	T	0	0	0
20214619	G	A	0	0	0
20214622	G	C	1	2	0
20214636	A	G	2	2	2
20214642	T	C	2	2	0
20214691	C	T	0	0	0
20214720	G	C	0	0	0
20214753	G	T	2	2	0
20214782	C	T	0	0	0
20214783	G	A	2	2	2
20214813	C	T	0	0	0
20214816	A	T	0	0	0
20214843	A	G	0	0	0
20214852	C	T	0	0	0
20214899	C	T	0	0	0
20214935	T	C	0	0	0
20214947	C	T	0	0	0
20215056	G	A	0	0	0
20215064	G	A	0	0	0
20215074	A	G	0	0	0
20215140	G	C	0	0	0
20215163	C	G	0	0	0
20215170	C	T	0	0	0
20215191	G	A	0	0	0
20215215	C	T	0	0	0
20215243	G	A	0	0	0
20215272	C	T	0	0	0
20215307	A	G	0	0	0
20215317	G	A	0	0	0
20215415	C	T	0	0	0
20215417	C	T	0	0	0
20215461	T	C	0	0	0
20215463	T	G	0	0	0
20215489	T	C	0	0	0
20215516	T	C	0	0	0
20215523	G	A	0	0	0
20215553	A	C	0	0	1
20215570	A	G	2	2	2
20215582	C	G	0	0	0
20215650	C	T	0	0	0
20215655	G	A	0	0	0
20215679	G	T	.	.	.
20215697	C	T	.	.	.
20215751	G	A	0	0	0
20215755	C	T	0	0	0
20215846	T	C	0	0	0
20215854	G	C	0	0	0
20215864	C	G	0	0	0
20215887	G	A	0	0	0
20215913	C	T	0	0	0
20215940	T	C	2	2	2
20215968	C	T	0	0	0
20215981	A	C	1	0	2
20216025	A	T	0	0	0
20216032	C	T	0	0	0
20216065	G	A	0	0	0
20216068	C	T	0	0	0
20216069	G	A	0	0	0
20216098	C	G	0	0	0
20216124	G	A	0	0	0
20216156	T	C	2	2	2
20216187	C	T	0	0	0
20216199	G	A	0	0	0
20216200	G	A	0	0	0
20216279	G	A	0	0	0
20216280	C	A	0	0	0
20216343	C	T	0	0	0
20216345	C	T	0	0	0
20216379	C	T	0	0	0
20216382	C	T	0	0	0
20216387	G	T	0	0	0
20216443	G	A	0	0	0
20216456	G	C	0	0	0
20216459	C	A	0	0	0
20216461	G	T	0	0	0
20216494	G	A	0	0	0
20216527	T	C	0	0	0
20216539	G	A	0	0	0
20216571	C	T	.	.	.
20216592	G	A	0	0	0
20216708	C	A	0	0	0
20216715	G	A	0	0	0
20216747	C	G	0	0	0
20216782	G	T	0	0	0
20216784	G	T	0	0	0
20216797	C	T	0	0	0
20216802	G	A	0	0	0
20216804	T	G	2	2	2
20216831	C	T	0	0	0
20216840	T	C	0	0	0
20216859	A	G	2	2	2
20216867	C	T	0	0	0
20217006	G	A	0	0	0
20217012	T	C	0	0	0
20217036	G	A	0	0	0
20217040	A	G	0	0	0
20217050	A	T	0	0	0
20217065	C	T	0	0	0
20217066	G	A	0	0	0
20217092	T	A	0	0	0
20217105	G	A	0	0	0
20217131	C	G	0	0	0
20217151	T	G	0	0	0
20217200	C	T	0	0	0
20217203	T	A	0	0	0
20217338	C	A	0	0	0
20217340	G	A	2	2	2
20217354	G	A	0	0	0
20217366	G	A	0	0	0
20217414	G	A	0	0	0
20217528	C	T	0	0	0
20217565	G	A	0	0	0
20217604	G	A	0	0	0
20217628	T	C	2	2	2
20217629	G	A	0	0	0
20217633	G	A	0	0	0
20217650	G	A	0	0	0
20217666	G	A	0	0	0
20217671	T	C	0	0	0
20217680	C	T	0	0	0
20217681	G	A	0	0	0
20217693	C	T	0	0	0
20217698	G	T	0	0	0
20217712	C	T	0	0	0
20217737	G	A	0	0	0
20217773	A	G	0	0	0
20217779	C	T	0	0	0
20217795	T	C	0	0	0
20217798	C	T	0	0	0
20217838	G	A	0	0	0
20217841	G	A	0	0	0
20217848	G	A	0	0	0
20217868	G	A	0	0	0
20217902	T	G	0	0	0
20217918	A	G	0	0	0
20217939	G	A	0	0	0
20217999	A	T	0	0	0
20218019	C	T	0	0	0
20218048	G	A	0	0	0
20218053	A	G	0	0	0
20218093	C	A	0	0	0
20218134	G	A	0	0	0
20218136	G	A	0	0	0
20218142	C	T	0	0	0
20218143	G	A	0	0	0
20218147	G	A	0	0	0
20218152	G	A	0	0	0
20218160	C	T	1	1	0
20218161	G	T	0	0	0
20218170	G	A	0	0	0
20218174	G	A	0	0	0
20218237	G	A	0	0	0
20218260	G	A	0	0	0
20218340	G	A	0	0	0
20218376	G	A	0	0	0
20218396	C	T	0	0	0
20218453	C	T	0	0	0
20218470	G	C	1	0	0
20218487	C	T	0	0	0
20218607	G	T	0	0	0
20218654	C	T	0	0	0
20218752	T	A	0	1	2
20218768	C	T	0	0	0
20218860	G	T	0	0	0
20218878	G	A	0	0	0
20218901	G	A	0	0	0
20218937	C	T	0	0	0
20218944	C	T	0	0	0
20218979	G	A	0	0	0
20218981	G	C	0	0	0
20218983	G	T	0	0	0
20218993	C	T	0	0	0
20218997	G	A	0	0	0
20219009	C	T	0	0	0
20219065	C	T	0	0	0
20219080	G	A	0	0	0
20219136	G	A	0	0	0
20219137	C	G	0	0	0
20219190	C	G	0	0	0
20219209	C	T	0	0	0
20219232	C	T	0	0	0
20219348	G	A	0	0	0
20219370	C	T	0	0	0
20219371	C	T	0	0	0
20219389	G	A	0	0	0
20219468	A	C	0	0	0
20219480	G	C	0	0	0
20219491	C	T	0	0	0
20219492	G	T	0	0	0
20219510	G	T	0	0	0
20219547	C	A	0	0	0
20219571	G	A	0	0	0
20219615	G	C	0	0	0
20219641	G	A	1	1	0
20219648	G	A	2	2	2
20219675	A	T	0	0	0
20219723	A	G	2	2	2
20219755	C	T	0	0	0
20219804	G	A	.	.	.
20219809	C	T	.	.	.
20219819	C	G	.	.	.
20219841	C	G	0	0	0
20219844	C	A	0	0	0
20219846	T	C	0	0	0
20219891	C	G	0	0	0
20219903	G	A	0	0	0
20219915	G	A	0	1	0
20219916	C	T	0	0	0
20219989	C	T	0	0	0
20220004	G	A	0	0	0
20220097	G	A	0	0	0
20220108	G	A	0	0	0
20220110	G	C	0	0	0
20220111	T	G	0	0	0
20220118	C	G	0	0	0
20220166	A	C	2	2	2
20220182	G	A	0	0	0
20220214	C	G	0	0	0
20220244	A	G	1	0	1
20220245	C	G	0	0	1
20220246	G	A	0	0	0
20220280	C	G	1	0	0
20220286	C	T	0	0	0
20220337	G	C	2	2	2
20220370	G	A	0	0	0
20220386	C	T	0	0	0
20220404	C	T	0	0	0
20220420	T	C	0	0	0
20220423	G	A	0	0	0
20220428	C	T	0	0	0
20220464	A	G	0	0	0
20220481	C	T	0	0	0
20220497	C	T	0	0	0
20220498	G	A	0	0	0
20220515	C	T	0	0	0
20220532	C	T	0	0	0
20220591	C	T	0	0	0
20220630	C	T	0	0	0
20220691	T	C	0	0	0
20220764	T	C	2	2	2
20220834	C	G	0	0	0
20220861	C	T	0	0	0
20220910	G	C	0	0	0
20220955	C	T	0	0	0
20220972	C	T	0	0	0
20220989	T	A	0	0	0
20221005	C	T	0	0	0
20221084	C	T	0	0	0
20221199	G	A	0	0	0
20221211	T	C	0	0	0
20221231	G	A	0	0	0
20221236	C	A	0	0	0
20221239	C	G	0	0	0
20221262	C	T	0	0	0
20221341	G	A	0	0	0
20221382	G	A	0	0	0
20221448	G	T	0	0	0
20221500	G	C	0	0	0
20221507	G	A	0	0	0
20221548	A	G	0	0	0
20221557	T	A	2	2	2
20221577	C	T	0	0	0
20221623	G	T	0	0	0
20221792	G	C	.	.	.
20221798	G	A	.	.	.
20221809	G	T	0	0	0
20221827	T	C	0	0	0
20221828	C	A	0	0	0
20221841	A	G	0	0	0
20221844	C	A	0	0	0
20221856	C	T	0	0	0
20221890	G	A	0	0	0
20221897	C	A	0	0	0
20221943	G	T	0	0	0
20221963	A	T	2	2	2
20221981	G	A	0	0	0
20221991	G	A	0	0	0
20222047	A	G	0	0	0
20222054	G	A	0	0	0
20222066	C	T	0	0	0
20222105	A	G	0	0	2
20222111	G	T	0	0	0
20222113	G	A	0	0	0
20222131	A	G	0	0	0
20222202	A	G	0	0	0
20222224	C	A	0	0	0
20222357	T	C	0	0	0
20222409	G	A	0	0	0
20222439	G	A	0	0	0
20222476	A	G	0	0	0
20222548	C	T	0	0	0
20222557	C	T	0	0	0
20222558	G	A	0	0	0
20222598	C	T	0	0	0
20222620	G	A	0	0	0
20222623	T	G	0	0	2
20222641	G	A	0	0	2
20222647	A	T	0	0	0
20222721	T	C	0	0	2
20222736	G	A	0	0	0
20222773	C	T	0	0	0
20222832	A	G	0	0	0
20222903	C	T	0	0	0
20222915	A	G	0	0	0
20222926	C	T	0	0	0
20222936	G	A	0	0	0
20223025	G	T	0	0	0
20223028	C	T	0	0	0
20223037	G	C	0	0	2
20223074	G	T	0	0	0
20223087	G	C	0	0	0
20223157	G	A	.	.	.
20223208	C	T	.	.	.
20223220	A	G	.	.	.
20223231	C	T	0	0	0
20223232	G	A	0	0	0
20223249	G	A	0	0	0
20223264	C	T	0	0	0
20223265	G	A	0	0	0
20223308	C	G	0	0	0
20223311	C	T	0	0	0
20223329	G	A	0	0	0
20223333	G	A	0	0	0
20223357	C	G	0	0	0
20223370	G	A	0	0	0
20223396	G	A	.	.	.
20223469	C	T	.	.	.
20223478	A	G	.	.	.
20223508	C	T	.	.	.
20223532	G	A	.	.	.
20223534	C	G	.	.	.
20223570	C	T	.	.	.
20223571	G	A	.	.	.
20223575	A	C	.	.	.
20223614	A	G	0	0	0
20223623	C	T	0	0	0
20223671	C	T	.	.	.
20223752	G	A	.	.	.
20223770	G	A	.	.	.
20223851	C	T	0	0	0
20223871	C	T	0	0	0
20223878	C	T	0	0	0
20223914	C	G	0	0	0
20223929	G	A	0	0	0
20223986	T	C	0	0	0
20224009	G	T	0	0	0
20224122	A	T	.	.	.
20224123	C	G	.	.	.
20224131	C	A	.	.	.
20224153	C	T	.	.	.
20224154	G	T	.	.	.
20224175	A	C	0	0	0
20224191	G	C	.	.	.
20224194	C	A	.	.	.
20224216	G	T	.	.	.
20224255	C	T	0	0	0
20224347	C	G	0	0	0
20224427	G	A	0	0	0
20224523	A	T	0	0	0
20224541	T	C	0	0	0
20224549	T	C	0	0	0
20224631	C	T	0	0	0
20224643	T	A	0	0	0
20224713	G	C	0	0	0
20224816	C	T	0	0	0
20224823	C	T	0	0	0
20224830	G	T	0	0	0
20224862	C	T	0	0	0
20224892	C	G	0	0	0
20224893	A	C	0	0	0
20224896	C	A	0	0	0
20224951	A	T	0	0	0
20224981	T	C	0	0	0
20224985	A	G	0	0	0
20224989	T	C	0	0	0
20225024	C	T	0	0	0
20225027	C	A	0	0	0
20225044	C	G	0	0	0
20225144	G	T	.	.	.
20225145	G	A	.	.	.
20225152	A	G	0	0	0
20225153	T	G	0	0	0
20225165	C	T	0	0	0
20225277	G	A	0	0	0
20225386	G	A	0	0	0
20225394	G	A	0	0	0
20225428	T	C	0	0	0
20225441	G	A	0	0	0
20225515	G	A	0	0	0
20225523	C	T	0	0	0
20225536	A	G	2	2	2
20225540	A	G	0	0	0
20225568	G	A	0	0	0
20225610	C	A	0	0	0
20225626	G	C	0	0	0
20225627	T	C	0	0	0
20225676	G	A	0	0	0
20225704	C	T	0	0	0
20225705	G	A	0	0	0
20225740	T	G	0	0	2
20225749	G	A	0	0	0
20225782	G	A	2	2	0
20225807	C	T	0	0	0
20225823	C	T	0	0	0
20225901	T	C	0	0	0
20225920	C	T	0	0	0
20226004	C	A	0	0	0
20226076	T	C	0	0	0
20226078	C	T	0	0	0
20226112	A	T	0	0	0
20226127	C	T	0	0	2
20226154	C	T	0	0	0
20226173	C	T	0	0	0
20226218	C	A	0	0	0
20226243	A	G	0	0	0
20226259	G	A	0	0	0
20226279	C	A	0	0	0
20226343	A	G	0	0	0
20226385	A	G	0	0	0
20226388	C	T	0	0	0
20226446	G	A	0	0	2
20226455	T	C	2	2	0
20226456	G	A	0	0	0
20226477	C	T	0	0	0
20226487	A	G	0	0	0
20226531	G	C	0	0	0
20226545	C	T	0	0	0
20226594	C	T	0	0	0
20226625	G	A	0	0	0
20226634	G	A	0	0	0
20226654	T	C	0	0	0
20226671	C	T	0	0	0
20226674	C	A	0	0	0
20226680	C	G	0	0	0
20226683	C	T	1	2	0
20226692	C	T	0	0	0
20226789	C	T	2	2	0
20226802	C	T	0	0	0
20226828	C	T	0	0	0
20226856	C	T	0	0	0
20226857	G	A	0	0	0
20226870	G	A	0	0	0
20226889	C	T	0	0	0
20226893	C	T	0	0	0
20226894	G	A	0	0	0
20226899	G	A	0	0	0
20226909	C	A	0	0	0
20226934	G	A	0	0	0
20226949	G	A	0	0	0
20226952	C	T	0	0	0
20226956	C	G	0	0	0
20226975	A	G	0	0	0
20227079	T	C	0	0	0
20227158	G	A	0	0	0
20227298	G	A	0	0	0
20227332	C	T	0	0	0
20227384	G	C	2	2	0
20227405	T	C	0	0	0
20227422	G	A	0	0	0
20227508	G	C	0	0	0
20227551	A	G	2	2	2
20227556	C	T	0	0	0
20227563	A	G	0	0	0
20227595	G	A	0	0	0
20227689	G	A	0	0	0
20227717	C	T	0	0	0
20227738	G	A	0	0	0
20227775	G	A	.	.	.
20227784	G	A	.	.	.
20227955	C	G	2	2	2
20227958	A	G	0	0	0
20227966	G	T	0	0	0
20228034	C	T	.	.	.
20228037	C	G	.	.	.
20228038	C	G	.	.	.
20228042	C	T	0	0	0
20228055	G	A	0	0	0
20228066	C	T	0	0	0
20228136	C	G	0	0	0
20228195	G	A	0	0	0
20228238	G	A	0	0	0
20228304	C	T	0	0	0
20228305	G	A	0	0	0
20228312	C	T	0	0	0
20228346	C	T	0	0	0
20228365	G	A	0	0	0
20228388	G	A	0	0	0
20228465	G	T	0	0	0
20228486	C	T	0	0	0
20228487	G	A	0	0	0
20228496	G	A	0	0	0
20228537	C	T	0	0	0
20228542	A	G	0	0	0
20228557	C	A	0	0	2
20228594	G	A	0	0	2
20228616	C	T	0	0	0
20228628	C	T	.	.	.
20228652	G	C	.	.	.
20228668	C	A	0	0	0
20228698	G	C	0	0	0
20228732	G	A	0	0	0
20228764	G	A	.	.	.
20228768	G	A	.	.	.
20228794	A	T	0	0	0
20228797	T	G	0	0	0
20228827	T	A	0	0	0
20228829	C	T	0	0	0
20228879	G	A	0	0	0
20228947	G	C	0	0	0
20228970	G	A	0	0	0
20228985	G	A	0	0	0
20229000	T	C	0	0	0
20229055	G	A	0	0	0
20229096	G	A	0	0	0
20229141	C	T	0	0	0
20229142	G	A	0	0	0
20229151	G	A	0	0	0
20229154	C	T	0	0	0
20229174	A	G	0	0	0
20229213	C	A	0	0	0
20229226	G	A	0	0	0
20229266	G	A	.	.	.
20229267	C	T	.	.	.
20229339	G	A	0	0	0
20229461	G	A	0	0	0
20229474	C	T	0	0	0
20229483	A	T	0	0	0
20229501	C	A	0	0	0
20229540	G	A	0	0	0
20229561	G	A	0	0	0
20229564	C	T	0	0	0
20229569	C	T	0	0	0
20229570	G	A	0	0	0
20229590	C	T	0	0	0
20229594	C	T	0	0	0
20229635	C	A	0	0	0
20229636	G	A	0	0	0
20229669	C	T	0	0	0
20229716	C	T	0	0	0
20229850	C	T	0	0	0
20229873	G	C	0	0	0
20229879	G	T	0	0	0
20229963	G	A	0	0	0
20229976	C	T	0	0	0
20229997	T	C	0	0	0
20230007	C	G	0	0	0
20230070	G	A	0	0	0
20230080	G	A	0	0	0
20230098	G	A	0	0	0
20230132	C	T	0	0	0
20230140	G	C	0	0	0
20230161	C	T	0	0	0
20230162	G	A	0	0	0
20230163	C	T	0	0	0
20230211	G	T	0	0	0
20230255	G	A	0	0	0
20230264	C	T	0	0	0
20230301	G	A	0	0	0
20230317	G	A	0	0	0
20230386	C	T	0	0	0
20230390	T	G	0	0	0
20230415	G	A	0	0	0
20230446	C	T	0	0	0
20230453	C	T	0	0	0
20230460	C	T	0	0	0
20230464	C	A	0	0	0
20230499	C	T	0	0	0
20230536	C	T	0	0	0
20230550	C	T	0	0	0
20230572	T	C	0	0	0
20230602	C	T	0	0	0
20230694	T	G	0	0	0
20230708	G	A	0	0	0
20230732	G	A	0	0	0
20230838	T	C	0	0	0
20230879	T	A	0	0	0
20230892	C	T	0	0	0
20230959	C	T	0	0	0
20230999	G	A	.	.	.
20231000	C	A	.	.	.
20231015	C	T	.	.	.
20231020	G	A	.	.	.
20231029	G	A	0	0	0
20231074	G	A	0	0	0
20231078	C	T	0	0	0
20231093	A	G	0	0	0
20231108	G	A	0	0	0
20231160	G	T	0	0	0
20231166	G	A	0	0	0
20231197	C	T	0	0	0
20231286	C	G	0	0	0
20231489	G	A	0	0	0
20231496	C	T	0	0	0
20231516	C	T	0	0	0
20231535	C	A	0	0	0
20231539	G	C	0	0	0
20231545	T	G	0	0	0
20231632	G	A	0	0	0
20231664	G	T	0	0	0
20231755	C	T	0	0	0
20231779	G	A	0	0	0
20231832	C	T	0	0	0
20231860	C	T	0	0	0
20231873	G	C	0	0	0
20231888	G	A	0	0	0
20231903	C	T	0	0	0
20231912	C	T	0	0	0
20231935	C	A	0	0	0
20231936	G	A	0	0	0
20231993	C	A	0	0	0
20232005	A	G	0	0	0
20232031	C	T	0	0	0
20232086	G	A	0	0	0
20232173	T	C	0	0	2
20232179	C	T	0	0	0
20232349	T	C	0	0	0
20232384	C	T	0	0	0
20232462	G	A	0	0	0
20232486	A	G	0	0	0
20232493	C	T	0	0	0
20232552	G	A	0	0	0
20232592	G	C	0	0	0
20232604	G	A	0	0	0
20232663	C	G	0	0	0
20232664	G	A	0	0	0
20232677	C	T	0	0	0
20232678	G	A	0	0	2
20232714	T	C	0	0	0
20232723	G	T	0	0	0
20233005	C	T	.	.	.
20233007	C	A	.	.	.
20233032	C	G	0	0	0
20233076	C	A	0	0	0
20233114	A	G	0	0	2
20233115	A	G	0	0	0
20233133	T	G	0	0	0
20233137	C	G	0	0	0
20233206	C	T	0	0	0
20233217	A	G	0	0	0
20233231	C	T	0	0	0
20233251	G	A	0	0	0
20233268	A	C	2	2	2
20233306	C	T	0	0	0
20233314	C	T	0	0	0
20233377	C	G	0	0	0
20233380	G	A	0	0	0
20233385	G	A	0	0	0
20233429	T	C	2	2	2
20233456	A	G	0	0	0
20233539	C	T	0	0	0
20233612	C	T	0	0	0
20233631	G	A	0	0	0
20233669	C	A	0	0	0
20233707	G	A	0	0	0
20233722	T	C	0	0	0
20233746	G	A	1	0	0
20233758	C	T	0	0	0
20233765	T	C	0	0	0
20233809	G	T	0	0	0
20233845	G	T	0	0	0
20233865	G	A	0	0	0
20233873	C	T	0	0	0
20233880	G	C	0	0	0
20233959	A	G	.	.	.
20233966	C	G	.	.	.
20233994	G	A	0	0	0
20234064	T	C	0	0	0
20234068	C	T	0	0	0
20234091	G	C	0	0	0
20234112	C	A	0	0	0
20234125	G	A	0	0	0
20234127	G	A	0	0	0
20234137	G	A	0	0	0
20234141	C	A	0	0	0
20234197	G	A	0	0	0
20234263	G	A	0	0	0
20234301	C	T	0	0	0
20234347	C	T	0	0	0
20234351	A	G	0	0	0
20234355	C	T	0	0	0
20234525	C	T	0	0	0
20234567	G	T	0	0	0
20234569	G	A	0	0	0
20234586	G	A	0	0	0
20234608	C	T	0	0	0
20234618	C	T	1	0	0
20234638	G	A	0	0	0
20234641	C	T	0	0	0
20234661	G	A	0	0	0
20234717	G	C	0	0	0
20234752	T	C	0	0	0
20234813	C	G	2	2	2
20234817	C	T	0	0	0
20234906	G	A	0	0	0
20234940	G	A	0	0	0
20234953	C	T	0	0	0
20235027	C	T	0	0	2
20235033	C	T	0	0	0
20235054	C	T	0	0	0
20235075	C	T	0	0	0
20235103	C	T	0	0	0
20235125	C	T	0	0	0
20235143	C	T	0	0	0
20235200	G	A	2	2	2
20235264	T	C	0	0	0
20235482	G	A	0	0	0
20235499	C	T	0	0	0
20235500	C	T	0	0	0
20235561	G	A	0	0	0
20235672	C	A	2	2	0
20235685	A	C	0	0	0
20235721	T	A	0	0	0
20235787	G	A	0	0	0
20235789	G	C	0	0	0
20235839	G	A	0	0	0
20235856	T	A	0	0	0
20235875	C	A	0	0	0
20235912	C	T	0	0	0
20235916	C	A	0	0	0
20235973	G	A	2	2	2
20235980	C	T	0	0	0
20235985	C	A	0	0	0
20236003	C	A	0	0	0
20236021	C	T	0	0	0
20236033	A	G	0	0	0
20236084	C	T	0	0	0
20236087	A	C	2	2	2
20236121	G	A	0	0	0
20236125	T	C	0	0	0
20236156	C	T	0	0	0
20236164	C	T	0	0	0
20236181	C	T	0	0	0
20236230	G	T	0	0	0
20236273	C	G	0	0	0
20236298	A	T	0	0	0
20236321	A	G	0	0	0
20236437	C	A	0	0	0
20236439	T	C	0	0	0
20236465	G	A	0	0	0
20236527	C	T	0	0	0
20236531	G	A	0	0	0
20236540	G	A	0	0	0
20236618	A	G	0	0	0
20236620	C	A	0	0	0
20236632	T	C	2	2	2
20236716	G	A	1	2	0
20236769	C	T	0	0	0
20236780	C	T	0	0	0
20236783	A	G	0	0	0
20236796	T	C	0	0	0
20236830	T	A	0	0	0
20236839	G	A	0	0	0
20236857	G	A	0	0	0
20236861	C	T	0	0	0
20236909	T	C	0	0	0
20236914	A	G	2	2	2
20236962	C	G	0	0	0
20236996	A	T	0	0	0
20237051	G	A	0	0	0
20237058	G	A	0	0	0
20237102	C	T	0	0	0
20237105	T	C	0	0	0
20237119	G	A	0	0	0
20237131	T	C	0	0	0
20237144	G	A	0	0	0
20237213	G	T	0	0	0
20237239	T	C	2	2	2
20237311	G	T	0	0	0
20237321	G	A	0	0	0
20237326	C	T	0	0	0
20237327	G	A	0	0	0
20237330	C	T	2	2	0
20237341	C	T	0	0	0
20237393	G	A	0	0	0
20237396	G	A	0	0	0
20237458	A	T	0	0	0
20237459	T	C	0	0	0
20237466	C	T	0	0	0
20237500	A	G	0	0	0
20237520	T	C	0	0	0
20237534	T	C	0	0	0
20237592	G	A	0	0	0
20237626	G	A	0	0	0
20237682	G	C	0	0	0
20237698	G	A	0	0	0
20237785	G	A	0	0	0
20237797	G	A	0	0	0
20237802	G	C	0	0	0
20237834	C	T	0	0	0
20237875	G	C	0	0	0
20237936	C	A	0	0	0
20237950	C	A	0	0	0
20237961	G	T	0	0	0
20237971	C	T	0	0	0
20238093	G	A	0	0	0
20238161	C	T	0	0	0
20238237	A	G	0	0	0
20238363	C	T	.	.	.
20238373	T	C	.	.	.
20238422	G	T	0	2	0
20238474	G	A	0	0	0
20238576	C	A	0	0	0
20238624	G	A	0	0	0
20238751	C	T	0	0	0
20238752	G	A	0	0	0
20238798	G	C	0	0	0
20238804	T	G	0	0	0
20238876	C	A	0	0	0
20238877	G	A	0	0	0
20238897	A	T	0	0	0
20238918	G	A	1	0	0
20238928	C	T	0	0	0
20239023	A	T	.	.	.
20239081	G	T	0	0	0
20239108	C	T	.	.	.
20239150	C	T	0	0	0
20239318	T	G	.	.	.
20239439	T	C	.	.	.
20239546	C	A	2	2	2
20239656	A	C	0	0	0
20239703	C	A	0	0	0
20239737	T	C	0	0	0
20239781	A	G	0	0	0
20239806	A	G	2	2	2
20239812	C	T	0	0	0
20239828	C	T	0	0	0
20239835	T	A	0	0	0
20239885	G	A	0	0	0
20240005	G	A	0	0	0
20240045	G	A	0	0	0
20240160	C	T	.	.	.
20240166	C	T	.	.	.
20240189	C	G	0	0	0
20240231	C	T	2	2	2
20240382	C	G	0	0	0
20240396	G	C	0	0	0
20240419	C	A	.	.	.
20240433	C	T	.	.	.
20240463	C	A	0	0	0
20240477	C	T	0	0	0
20240526	G	A	0	0	0
20240537	C	T	0	0	0
20240577	C	T	0	0	0
20240586	C	G	1	0	0
20240655	G	A	0	0	0
20240683	C	T	0	0	0
20240729	G	T	0	0	0
20240775	A	G	0	0	0
20240776	A	C	0	0	0
20240815	T	C	0	0	0
20240842	G	A	0	0	0
20240899	T	G	0	0	0
20240949	G	A	0	0	0
20240994	A	T	0	0	0
20240999	G	A	0	0	0
20241115	C	T	0	0	0
20241156	C	T	0	0	0
20241160	C	T	0	0	0
20241164	A	G	0	0	0
20241189	G	A	0	0	0
20241216	T	A	0	0	2
20241378	T	C	0	0	0
20241436	G	A	0	0	0
20241458	G	A	0	0	0
20241470	T	C	0	0	0
20241479	C	T	.	.	.
20241500	G	A	.	.	.
20241532	A	G	0	0	0
20241607	C	G	0	0	0
20241619	G	C	0	0	0
20241620	G	A	2	2	2
20241689	C	T	.	.	.
20241690	G	A	.	.	.
20241692	C	T	.	.	.
20241846	G	A	.	.	.
20241923	G	A	.	.	.
20241942	A	G	.	.	.
20241986	T	C	0	0	0
20241991	C	T	0	0	0
20241998	A	T	0	0	0
20242030	T	A	0	0	0
20242084	C	T	0	0	0
20242129	C	T	1	0	0
20242281	G	A	0	0	0
20242321	T	A	0	0	0
20242324	G	A	0	0	0
20242327	C	T	0	0	0
20242394	C	T	0	0	0
20242485	G	C	0	0	0
20242486	T	C	0	0	0
20242522	C	G	0	0	0
20242537	G	A	0	0	0
20242616	G	C	0	0	0
20242646	G	A	0	0	0
20242648	G	A	2	2	2
20242741	A	G	.	.	.
20242743	T	A	.	.	.
20242793	T	A	.	.	.
20242809	A	C	0	0	0
20242913	A	G	0	0	0
20242941	C	T	0	0	0
20242947	A	T	0	0	0
20242984	A	G	2	2	2
20243051	A	G	0	0	0
20243106	C	G	0	0	0
20243218	C	T	0	0	0
20243226	G	A	0	0	0
20243303	T	G	0	0	0
20243305	C	T	0	0	0
20243306	G	A	0	0	0
20243354	C	T	0	0	0
20243355	C	T	0	0	0
20243405	G	A	0	0	0
20243420	C	T	0	0	0
20243450	G	A	0	0	0
20243455	G	A	0	0	0
20243485	G	A	0	0	0
20243587	G	A	0	0	0
20243597	C	T	0	0	0
20243614	C	T	0	0	0
20243647	T	G	0	0	0
20243652	C	A	2	2	2
20243655	C	T	0	0	0
20243751	C	T	0	0	0
20243757	T	C	2	2	2
20243769	A	C	0	0	0
20243805	G	A	0	0	0
20243815	G	T	0	0	0
20243901	C	T	0	0	0
20244012	G	C	0	0	0
20244140	A	G	0	0	0
20244151	C	T	0	0	0
20244162	C	T	0	0	0
20244180	G	A	0	0	2
20244253	C	T	0	0	0
20244259	C	T	0	0	0
20244288	C	G	0	0	0
20244327	A	G	0	0	0
20244410	C	T	0	0	0
20244437	T	C	0	0	0
20244475	C	T	0	0	0
20244516	C	T	0	0	0
20244551	G	A	0	0	0
20244566	A	G	0	0	0
20244577	T	G	0	0	0
20244616	C	T	0	0	0
20244720	G	C	0	0	0
20244723	C	T	0	0	0
20244725	T	C	0	0	0
20244733	G	A	0	0	0
20244741	C	T	0	0	0
20244787	G	T	0	0	0
20244795	T	C	0	0	0
20244814	T	C	0	0	0
20244815	G	A	0	0	0
20244821	G	A	0	0	0
20244837	C	T	0	0	0
20244900	C	T	.	.	.
20244963	G	A	0	0	0
20245015	C	T	0	0	0
20245084	C	T	.	.	.
20245160	A	T	0	0	0
20245174	T	C	0	0	0
20245185	T	C	0	0	0
20245192	A	G	0	0	0
20245199	C	T	0	0	0
20245227	T	C	0	0	0
20245240	C	A	0	0	0
20245312	A	G	0	0	0
20245362	T	C	0	0	0
20245391	A	G	0	0	2
20245392	A	T	0	0	2
20245393	C	T	0	0	0
20245481	C	T	0	0	0
20245482	G	A	0	0	0
20245529	C	A	0	0	0
20245540	C	G	2	2	0
20245581	G	A	0	0	0
20245597	C	A	0	0	0
20245622	C	T	0	0	0
20245643	C	T	0	0	0
20245734	T	C	0	0	2
20245796	G	A	.	.	.
20245810	C	T	.	.	.
20245826	G	A	.	.	.
20245893	G	A	0	0	0
20245911	C	T	0	0	0
20245945	C	T	0	0	0
20245973	A	G	0	0	0
20245981	C	T	0	0	0
20246033	T	C	0	0	0
20246077	C	T	0	0	0
20246081	T	A	2	2	2
20246090	A	G	0	0	0
20246200	T	C	0	0	2
20246230	G	A	0	0	0
20246255	C	T	0	0	2
20246256	G	T	0	0	0
20246272	C	T	0	0	0
20246294	G	T	0	0	0
20246334	A	G	0	0	0
20246352	C	T	0	0	0
20246381	C	T	0	0	0
20246414	G	A	0	0	0
20246447	G	T	.	.	.
20246448	G	A	.	.	.
20246484	G	A	0	0	0
20246486	C	T	0	0	0
20246487	G	A	0	0	0
20246494	C	T	.	.	.
20246518	C	T	.	.	.
20246538	A	G	0	0	0
20246544	A	G	0	0	0
20246571	A	C	0	0	0
20246581	T	C	0	0	0
20246619	C	T	0	0	0
20246675	G	A	0	0	0
20246684	A	G	0	0	0
20246689	C	T	0	0	0
20246697	C	T	0	0	0
20246721	G	A	0	0	0
20246732	C	T	0	0	2
20246768	C	T	0	0	0
20246792	C	T	0	0	0
20246796	C	T	0	0	0
20246806	C	T	0	0	0
20246849	T	G	0	0	0
20246898	G	A	0	0	0
20246929	C	T	0	0	0
20246942	T	C	0	0	0
20246970	C	A	0	0	0
20246991	C	T	0	0	0
20246992	G	A	0	0	0
20246994	G	A	0	0	0
20247048	G	A	0	0	2
20247226	C	T	0	0	2
20247242	A	C	0	0	0
20247272	G	C	0	0	0
20247330	T	C	0	0	0
20247344	A	G	0	0	0
20247358	T	C	0	0	0
20247397	G	T	0	0	0
20247406	C	T	0	0	0
20247528	G	A	0	0	2
20247553	C	T	0	0	0
20247587	A	G	0	0	0
20247613	C	T	0	0	0
20247708	C	T	0	0	0
20247712	A	G	0	0	0
20247717	G	C	0	0	0
20247730	C	T	0	0	0
20247735	C	T	0	0	0
20247736	G	A	0	0	0
20247738	G	A	0	0	0
20247756	C	G	0	0	0
20247836	C	A	0	0	0
20247858	T	C	2	2	2
20247872	C	T	0	0	0
20247937	G	A	0	0	0
20247963	C	T	0	0	0
20247966	C	G	0	0	0
20247985	C	T	0	0	0
20247997	C	T	2	2	0
20248003	G	A	0	0	0
20248029	C	G	0	0	0
20248042	G	A	0	0	0
20248070	C	T	0	0	0
20248086	G	A	0	0	0
20248120	A	C	0	0	0
20248134	G	A	0	0	0
20248154	C	T	0	0	0
20248155	G	A	0	0	0
20248158	C	T	0	0	0
20248252	C	G	0	0	0
20248344	T	C	0	0	0
20248391	G	A	0	0	0
20248397	G	A	0	0	0
20248415	A	G	0	0	0
20248439	C	T	0	0	0
20248448	C	T	0	0	0
20248449	G	A	0	0	0
20248475	G	A	0	0	0
20248490	C	G	0	0	0
20248501	C	T	0	0	0
20248518	C	T	0	0	0
20248528	T	C	0	0	0
20248586	C	T	0	0	0
20248587	G	A	0	0	0
20248660	G	A	0	0	0
20248686	G	A	0	0	0
20248689	C	T	0	0	0
20248713	A	G	.	.	.
20248735	T	C	.	.	.
20248805	G	C	0	0	0
20248806	A	G	0	0	0
20248839	C	G	0	0	0
20248891	C	A	0	0	0
20248907	C	T	0	0	0
20248914	G	A	0	0	0
20248982	G	A	0	0	0
20248996	G	A	0	0	0
20249001	C	A	0	0	0
20249017	A	G	0	0	0
20249024	C	A	0	0	0
20249037	C	T	0	0	0
20249038	G	A	0	0	0
20249056	G	A	0	0	0
20249060	G	C	0	0	0
20249071	G	A	0	0	0
20249100	G	A	0	0	0
20249119	C	T	0	0	0
20249125	A	G	0	0	0
20249162	C	T	0	0	0
20249259	G	A	0	0	0
20249301	C	T	0	0	0
20249364	G	A	0	0	0
20249417	C	T	0	0	0
20249421	G	A	0	0	0
20249436	G	A	0	0	0
20249441	C	G	0	0	0
20249526	C	T	0	0	0
20249527	G	A	0	0	0
20249532	G	A	0	0	0
20249551	A	C	0	0	0
20249558	C	T	0	0	0
20249563	C	T	0	0	0
20249581	C	G	.	.	.
20249637	C	T	.	.	.
20249686	C	G	.	.	.
20249717	C	T	.	.	.
20249718	G	C	.	.	.
20249719	T	C	.	.	.
20249723	G	C	.	.	.
20249767	C	T	.	.	.
20249770	G	T	.	.	.
20249776	T	C	.	.	.
20249777	A	G	.	.	.
20249807	G	A	.	.	.
20249851	G	T	.	.	.
20249899	C	T	0	0	0
20249912	G	A	0	0	0
20249918	T	C	0	0	0
20249920	G	T	0	0	0
20249968	C	G	.	.	.
20249972	G	A	.	.	.
20250002	C	T	.	.	.
20250044	A	C	.	.	.
20250079	G	A	.	.	.
20250111	A	T	.	.	.
20250170	C	A	.	.	.
20250171	C	T	.	.	.
20250193	C	G	.	.	.
20250201	C	T	.	.	.
20250214	A	G	.	.	.
20250270	G	A	.	.	.
20250323	A	G	0	0	0
20250346	C	T	.	.	.
20250388	C	T	.	.	.
20250435	C	T	.	.	.
20250484	G	A	.	.	.
20250492	C	A	.	.	.
20250547	G	A	0	0	2
20250552	C	T	.	.	.
20250553	T	G	.	.	.
20250561	C	T	.	.	.
20250562	G	A	.	.	.
20250581	A	T	.	.	.
20250659	C	T	.	.	.
20250693	C	T	.	.	.
20250702	C	T	.	.	.
20250746	A	G	0	0	2
20250789	C	T	.	.	.
20250815	A	G	.	.	.
20250851	T	C	.	.	.
20250919	C	T	.	.	.
20250920	G	A	.	.	.
20250977	G	A	.	.	.
20251016	C	T	.	.	.
20251027	G	A	.	.	.
20251063	T	C	.	.	.
20251086	C	T	.	.	.
20251131	C	T	.	.	.
20251180	T	A	.	.	.
20251193	C	T	.	.	.
20251197	C	T	.	.	.
20251212	C	T	.	.	.
20251239	C	G	.	.	.
20251241	C	T	.	.	.
20251244	C	G	.	.	.
20251277	T	A	.	.	.
20251312	G	C	.	.	.
20251315	G	A	.	.	.
20251331	G	A	0	0	0
20251347	C	T	0	0	0
20251377	G	A	.	.	.
20251393	G	A	.	.	.
20251419	A	G	.	.	.
20251522	C	T	.	.	.
20251551	T	C	0	0	.
20251585	G	A	.	.	.
20251612	G	A	0	0	2
20251619	A	G	0	0	0
20251621	G	A	0	0	.
20251633	A	C	0	0	.
20251700	G	A	.	.	.
20251829	T	A	.	.	.
20251850	C	G	.	.	.
20251924	A	C	.	.	.
20251925	G	A	.	.	.
20251941	C	T	0	0	0
20251954	G	A	2	2	2
20251959	G	A	0	0	0
20252011	T	C	.	.	.
20252070	T	A	.	.	.
20252087	G	A	.	.	.
20252106	C	T	0	0	0
20252117	G	A	1	1	0
20252199	G	A	.	.	.
20252202	C	T	.	.	.
20252239	C	T	.	.	.
20252273	G	A	.	.	.
20252315	G	A	.	.	.
20252325	G	A	.	.	.
20252338	A	G	.	.	.
20252384	C	T	.	.	.
20252397	A	G	.	.	.
20252399	T	G	.	.	.
20252475	C	T	.	.	.
20252509	C	G	.	.	.
20252512	G	A	.	.	.
20252514	G	A	.	.	.
20252524	C	T	.	.	.
20252550	G	A	.	.	.
20252621	C	T	.	.	.
20252631	T	C	.	.	.
20252641	G	A	.	.	.
20252678	C	T	.	.	.
20252715	C	T	.	.	.
20252763	G	C	0	0	0
20252765	G	C	0	0	0
20252770	A	G	0	0	0
20252779	C	T	0	0	0
20252784	C	T	0	0	0
20252785	A	G	.	.	.
20252850	G	A	.	.	.
20252910	C	T	.	.	.
20252924	G	T	.	.	.
20252968	G	C	.	.	.
20252970	G	A	.	.	.
20253082	T	A	.	.	.
20253200	C	T	.	.	.
20253207	C	T	.	.	.
20253248	G	A	.	.	.
20253254	G	A	.	.	.
20253282	G	A	.	.	.
20253304	G	A	.	.	.
20253312	G	A	.	.	.
20253340	C	T	.	.	.
20253362	A	G	.	.	.
20253363	A	G	.	.	.
20253367	C	T	.	.	.
20253388	C	T	.	.	.
20253394	G	A	.	.	.
20253401	C	T	.	.	.
20253404	C	T	.	.	.
20253444	G	A	.	.	.
20253460	C	T	.	.	.
20253553	C	A	.	.	.
20253561	C	T	.	.	.
20253570	G	A	.	.	.
20253621	C	T	.	.	.
20253744	C	T	.	.	.
20253857	C	T	.	.	.
20253873	G	A	.	.	.
20253901	T	C	.	.	.
20253955	C	T	.	.	.
20254009	G	A	.	.	.
20254035	C	T	.	.	.
20254168	G	A	0	0	0
20254194	G	T	.	.	.
20254195	C	G	.	.	.
20254240	G	C	.	.	.
20254285	C	T	.	.	.
20254286	A	G	.	.	.
20254313	C	G	.	.	.
20254317	C	T	.	.	.
20254349	G	A	.	.	.
20254368	C	T	.	.	.
20254372	C	T	.	.	.
20254394	C	T	.	.	.
20254421	G	C	.	.	.
20254426	G	A	.	.	.
20254431	C	T	.	.	.
20254515	G	A	.	.	.
20254517	C	T	.	.	.
20254534	G	A	.	.	.
20254540	T	G	.	.	.
20254598	G	A	.	.	.
20254615	C	T	0	0	0
20254661	G	C	.	.	.
20254669	G	A	.	.	.
20254706	C	T	0	0	0
20254786	G	C	.	.	.
20254811	G	A	.	.	.
20254845	C	T	.	.	.
20254924	G	A	0	0	0
20254942	T	C	0	0	0
20254946	G	A	0	0	0
20254952	T	A	0	0	0
20254969	G	A	.	.	.
20255007	G	C	.	.	.
20255020	T	C	.	.	.
20255094	T	G	.	.	.
20255097	C	T	.	.	.
20255113	C	T	.	.	.
20255123	T	C	0	0	0
20255174	G	C	0	0	0
20255204	C	A	0	0	0
20255206	C	T	0	0	0
20255214	A	G	0	0	0
20255248	G	A	0	0	0
20255256	G	C	0	0	0
20255313	C	G	0	0	0
20255322	G	A	0	0	0
20255347	C	T	0	0	0
20255352	C	A	0	0	0
20255355	A	T	0	0	2
20255356	A	C	0	0	2
20255379	G	A	.	.	.
20255468	T	C	0	0	0
20255517	C	A	.	.	.
20255584	G	A	0	0	0
20255722	C	T	0	0	0
20255835	G	A	0	0	2
20255837	G	C	2	0	2
20255981	G	A	.	.	.
20256148	G	A	.	.	.
20256150	C	T	.	.	.
20256229	C	T	.	.	.
20256310	G	T	.	.	.
20256372	C	T	.	.	.
20256418	C	G	.	.	.
20256420	C	T	0	0	0
20256421	G	A	0	0	0
20256460	C	T	0	0	0
20256469	C	T	0	0	0
20256492	C	T	0	0	0
20256493	C	T	0	0	0
20256520	A	G	0	0	0
20256532	C	T	0	0	0
20256556	G	T	.	.	.
20256622	C	T	.	.	.
20256628	C	A	.	.	.
20256670	G	A	.	.	.
20256694	A	G	.	.	.
20256701	A	G	.	.	.
20256728	C	T	.	.	.
20256751	C	T	.	.	.
20256785	G	A	.	.	.
20256804	C	G	.	.	.
20256813	C	T	.	.	.
20256816	C	A	.	.	.
20256872	G	A	.	.	.
20256969	A	G	.	.	.
20256976	G	C	2	.	0
20256977	T	C	.	.	.
20257028	C	T	.	.	.
20257029	G	A	.	.	.
20257048	T	C	.	.	.
20257122	C	T	.	.	.
20257178	C	A	.	.	.
20257235	C	T	.	.	.
20257236	G	A	.	.	.
20257238	G	A	.	.	.
20257240	G	A	.	.	.
20257332	G	A	.	.	.
20257350	G	T	.	.	.
20257425	C	A	.	.	.
20257452	G	A	.	.	.
20257524	G	A	.	.	.
20257542	A	G	.	.	.
20257574	C	T	0	0	0
20257577	C	T	.	.	.
20257584	G	A	.	.	.
20257605	C	T	.	.	.
20257629	G	A	.	.	.
20257684	C	G	.	.	.
20257700	A	G	.	.	.
20257712	G	A	.	.	.
20257753	G	A	0	0	0
20257783	C	T	0	0	0
20257801	C	T	0	0	0
20257827	C	T	.	.	.
20257830	C	A	.	.	.
20257910	C	A	.	.	.
20257911	C	T	.	.	.
20257974	G	A	.	.	.
20257996	C	T	.	.	.
20258003	C	T	.	.	.
20258101	C	A	.	.	.
20258145	C	T	.	.	.
20258164	G	A	.	.	.
20258194	C	T	.	.	.
20258223	G	A	0	0	0
20258317	C	T	.	.	.
20258411	T	G	.	.	.
20258415	G	A	.	.	.
20258519	T	C	.	.	.
20258580	C	T	.	.	.
20258583	G	T	.	.	.
20258623	G	A	.	.	.
20258638	C	T	.	.	.
20258705	A	C	.	.	.
20258708	C	A	.	.	.
20258830	C	T	.	.	.
20258866	C	T	0	0	0
20258873	T	G	0	0	0
20258890	C	T	.	.	.
20258952	T	G	.	.	.
20258958	G	A	.	.	.
20258970	C	T	.	.	.
20258971	G	A	.	.	.
20258973	G	A	0	0	0
20258994	A	G	.	.	.
20259071	G	A	.	.	.
20259092	G	T	.	.	.
20259098	C	T	.	.	.
20259113	G	A	.	.	.
20259217	C	A	.	.	.
20259326	A	G	.	.	.
20259469	C	T	.	.	.
20259564	C	T	.	.	.
20259600	C	T	.	.	.
20259609	A	G	.	.	.
20259632	A	G	.	.	.
20259634	C	G	.	.	.
20259700	C	T	.	.	.
20259701	C	T	.	.	.
20259734	C	T	.	.	.
20259774	G	C	.	.	.
20259791	C	G	.	.	.
20259856	C	T	.	.	.
20259908	C	A	0	0	0
20259914	G	C	0	0	0
20259926	G	A	0	0	0
20259982	C	T	0	0	0
20260003	C	T	.	.	.
20260004	G	C	.	.	.
20260060	C	T	.	.	.
20260061	G	A	0	0	0
20260088	G	A	.	.	.
20260149	G	A	.	.	.
20260245	G	A	.	.	.
20260267	G	C	.	.	.
20260281	G	C	.	.	.
20260298	G	A	0	0	0
20260299	G	T	0	0	0
20260323	T	G	.	.	.
20260334	G	T	.	.	.
20260344	C	T	.	.	.
20260345	G	A	.	.	.
20260426	T	C	.	.	.
20260509	G	A	.	.	.
20260628	G	A	.	.	.
20260647	G	T	0	0	0
20260690	G	A	.	.	.
20260723	C	T	.	.	.
20260733	C	T	0	0	0
20260749	A	G	0	0	0
20260814	G	T	0	0	0
20260818	C	T	0	0	0
20260827	C	T	0	0	0
20260828	G	A	0	0	0
20260857	G	A	0	0	0
20260887	G	A	0	0	0
20260944	A	G	0	0	0
20260950	T	A	0	0	0
20261081	A	G	.	.	.
20261084	T	C	.	.	.
20261154	C	G	.	.	.
20261156	G	C	.	.	.
20261190	G	A	.	.	.
20261230	G	A	.	.	.
20261292	C	A	0	0	0
20261303	C	T	0	0	0
20261307	G	A	0	0	0
20261340	G	A	.	.	.
20261369	A	G	.	.	.
20261391	T	C	.	.	.
20261421	C	T	.	.	.
20261422	G	T	.	.	.
20261439	C	A	.	.	.
20261510	G	A	0	0	0
20261524	C	T	.	.	.
20261586	C	T	.	.	.
20261595	G	A	.	.	.
20261596	C	T	.	.	.
20261615	G	A	0	0	0
20261687	C	T	.	.	.
20261699	A	G	.	.	.
20261706	C	T	.	.	.
20261800	C	T	.	.	.
20261823	A	G	.	.	.
20261826	C	T	.	.	.
20261846	G	A	.	.	.
20261853	C	T	.	.	.
20262134	G	T	.	.	.
20262137	C	T	.	.	.
20262147	G	A	.	.	.
20262154	C	T	.	.	.
20262166	G	A	.	.	.
20262219	C	T	.	.	.
20262239	C	T	.	.	.
20262247	C	A	.	.	.
20262270	C	T	.	.	.
20262275	G	A	.	.	.
20262339	T	C	.	.	.
20262349	C	T	.	.	.
20262411	C	T	.	.	.
20262412	G	A	.	.	.
20262431	C	T	.	.	.
20262443	C	T	.	.	.
20262494	C	T	.	.	.
20262627	T	C	.	.	.
20262670	C	T	.	.	.
20262691	G	T	.	.	.
20262698	G	T	.	.	.
20262733	A	G	.	.	.
20262734	G	A	.	.	.
20262741	G	A	.	.	.
20262766	G	T	.	.	.
20262819	A	G	.	.	.
20262853	T	C	.	.	.
20262860	A	G	.	.	.
20262930	T	G	.	.	.
20262976	G	C	.	.	.
20263018	C	G	.	.	.
20263022	C	T	.	.	.
20263046	C	T	.	.	.
20263050	C	T	.	.	.
20263052	G	T	.	.	.
20263063	C	T	.	.	.
20263089	G	A	.	.	.
20263100	C	T	.	.	.
20263195	C	T	.	.	.
20263213	G	A	.	.	.
20263228	G	A	.	.	.
20263243	C	T	.	.	.
20263244	G	A	.	.	.
20263275	C	G	.	.	.
20263276	T	A	.	.	.
20263343	G	T	.	.	.
20263349	G	C	.	.	.
20263382	C	T	.	.	.
20263468	T	G	0	0	0
20263489	C	T	.	.	.
20263507	C	A	.	.	.
20263532	C	T	.	.	.
20263534	T	A	.	.	.
20263548	C	T	.	.	.
20263580	C	T	.	.	.
20263625	A	T	.	.	.
20263638	A	T	.	.	.
20263724	C	T	0	0	0
20263725	A	G	.	.	.
20263727	C	T	.	.	.
20263733	G	A	.	.	.
20263735	G	A	.	.	.
20263746	C	T	.	.	.
20263756	G	C	.	.	.
20263784	C	A	.	.	.
20263822	C	T	.	.	.
20263838	C	T	.	.	.
20263907	G	T	.	.	.
20263912	A	G	.	.	.
20263943	T	C	.	.	.
20263944	G	A	.	.	.
20263960	C	A	.	.	.
20263965	A	G	.	.	.
20263987	G	C	.	.	.
20264016	T	C	.	.	.
20264056	G	C	.	.	.
20264101	G	A	0	0	0
20264138	A	T	.	.	.
20264151	C	A	.	.	.
20264152	G	A	.	.	.
20264205	G	A	.	.	.
20264211	A	G	.	.	.
20264219	G	A	0	0	0
20264228	G	A	0	0	0
20264236	G	A	0	0	0
20264259	C	T	0	0	0
20264263	T	G	0	0	0
20264282	T	G	0	0	0
20264295	A	G	.	.	.
20264296	G	A	.	.	.
20264301	T	G	.	.	.
20264326	C	T	.	.	.
20264329	C	T	.	.	.
20264350	T	C	.	.	.
20264372	G	C	.	.	.
20264398	C	A	.	.	.
20264408	C	G	.	.	.
20264424	C	T	.	.	.
20264445	C	G	.	.	.
20264475	G	A	.	.	.
20264515	G	A	0	0	0
20264517	T	G	0	0	0
20264521	A	T	0	0	0
20264528	A	C	0	0	0
20264530	A	G	0	0	0
20264535	G	A	0	0	0
20264548	G	A	.	.	.
20264577	G	T	.	.	.
20264692	G	A	.	.	.
20264795	C	T	.	.	.
20264855	C	T	.	.	.
20264864	G	A	.	.	.
20264911	T	C	.	.	.
20264937	G	A	.	.	.
20264962	C	T	.	.	.
20264963	G	A	.	.	.
20264999	G	A	.	.	.
20265038	C	A	.	.	.
20265047	G	T	.	.	.
20265078	G	A	.	.	.
20265082	G	A	.	.	.
20265089	G	A	.	.	.
20265142	A	G	.	.	.
20265340	G	A	.	.	.
20265377	A	T	.	.	.
20265384	A	C	.	.	.
20265446	G	A	.	.	.
20265457	G	A	.	.	.
20265466	G	A	.	.	.
20265468	A	G	0	0	0
20265476	T	C	.	.	.
20265515	C	T	.	.	.
20265527	C	A	.	.	.
20265539	G	A	.	.	.
20265554	A	C	.	.	.
20265612	T	C	.	.	.
20265628	A	G	.	.	.
20265681	A	C	.	.	.
20265695	T	C	.	.	.
20265763	T	G	.	.	.
20265781	T	C	2	2	2
20265791	T	C	0	0	0
20265802	C	T	0	0	0
20265870	G	A	.	.	.
20265910	C	T	.	.	.
20265911	G	A	.	.	.
20265918	G	A	.	.	.
20265936	G	A	.	.	.
20265954	A	G	.	.	.
20265970	C	T	.	.	.
20265973	C	T	.	.	.
20265980	T	C	0	0	0
20265990	G	A	0	0	0
20266003	G	A	.	.	.
20266011	C	T	.	.	.
20266012	G	A	.	.	.
20266104	G	T	.	.	.
20266167	C	T	.	.	.
20266171	G	A	.	.	.
20266185	G	A	.	.	.
20266219	C	T	.	.	.
20266259	G	A	.	.	.
20266301	C	T	.	.	.
20266354	G	A	.	.	.
20266409	C	T	.	.	.
20266415	T	C	.	.	.
20266435	C	T	.	.	.
20266450	C	T	.	.	.
20266451	G	A	.	.	.
20266471	C	T	.	.	.
20266472	G	A	.	.	.
20266487	A	G	.	.	.
20266493	G	A	.	.	.
20266528	T	C	.	.	.
20266533	G	A	.	.	.
20266646	T	C	.	.	.
20266657	G	T	.	.	.
20266667	C	T	.	.	.
20266722	T	C	.	.	.
20266733	C	T	.	.	.
20266760	C	T	.	.	.
20266764	C	T	.	.	.
20266765	G	A	0	0	0
20266772	G	T	.	.	.
20266797	T	C	.	.	.
20266798	G	A	.	.	.
20266815	C	T	.	.	.
20266867	T	C	.	.	.
20266874	G	A	.	.	.
20266890	C	T	.	.	.
20266909	C	T	.	.	.
20266927	T	C	.	.	.
20266960	C	T	.	.	.
20266961	G	C	.	.	.
20267014	G	A	.	.	.
20267114	A	G	.	.	.
20267187	C	G	.	.	.
20267211	C	T	.	.	.
20267213	G	A	.	.	.
20267216	A	G	.	.	.
20267244	C	T	.	.	.
20267271	G	A	.	.	.
20267293	C	G	.	.	.
20267338	C	T	.	.	.
20267343	T	C	.	.	.
20267346	G	C	.	.	.
20267354	A	G	.	.	.
20267371	C	G	.	.	.
20267388	G	A	.	.	.
20267392	C	T	.	.	.
20267393	G	A	.	.	.
20267438	C	T	.	.	.
20267439	G	A	.	.	.
20267513	C	T	.	.	.
20267557	C	T	.	.	.
20267689	G	A	.	.	.
20267698	G	A	.	.	.
20267705	C	T	.	.	.
20267754	G	A	.	.	.
20267768	G	A	.	.	.
20267824	A	G	.	.	.
20267831	C	G	.	.	.
20267841	C	T	.	.	.
20267862	G	A	.	.	.
20267867	G	A	.	.	.
20267869	C	T	.	.	.
20267922	G	A	.	.	.
20267945	C	T	.	.	.
20267950	C	T	.	.	.
20267951	G	A	.	.	.
20267954	G	A	.	.	.
20268028	A	T	.	.	.
20268056	G	A	.	.	.
20268083	C	T	.	.	.
20268112	C	T	.	.	.
20268115	C	T	.	.	.
20268131	C	T	.	.	.
20268134	G	C	.	.	.
20268143	G	A	.	.	.
20268150	G	A	.	.	.
20268160	C	T	.	.	.
20268166	G	T	.	.	.
20268180	G	A	.	.	.
20268212	C	A	.	.	.
20268229	G	A	.	.	.
20268247	A	C	.	.	.
20268268	G	A	.	.	.
20268270	G	A	.	.	.
20268281	G	C	.	.	.
20268297	C	T	.	.	.
20268307	C	T	.	.	.
20268398	G	A	.	.	.
20268466	C	T	.	.	.
20268483	C	T	.	.	.
20268523	C	T	.	.	.
20268544	G	C	.	.	.
20268597	C	A	0	0	0
20268612	G	A	0	0	0
20268622	G	A	0	0	0
20268632	G	A	0	0	0
20268636	C	T	.	.	.
20268637	G	A	.	.	.
20268662	C	T	.	.	.
20268671	C	T	.	.	.
20268695	A	G	.	.	.
20268711	C	G	.	.	.
20268726	C	T	.	.	.
20268746	A	G	.	.	.
20268776	T	A	.	.	.
20268787	A	G	.	.	.
20268792	A	G	.	.	.
20268824	G	T	.	.	.
20268873	C	T	.	.	.
20268955	T	C	.	.	.
20268964	C	G	0	0	0
20268974	G	T	0	0	0
20268977	T	C	0	0	0
20268979	C	T	0	0	0
20268993	C	T	.	.	.
20268995	C	T	.	.	.
20268996	G	A	.	.	.
20269032	G	A	.	.	.
20269036	G	A	.	.	.
20269135	G	A	.	.	.
20269141	A	G	.	.	.
20269231	T	C	.	.	.
20269248	G	A	.	.	.
20269277	A	T	.	.	.
20269280	G	A	.	.	.
20269351	A	G	.	.	.
20269357	T	G	.	.	.
20269439	A	G	.	.	.
20269443	C	T	0	0	0
20269479	C	T	0	0	0
20269486	C	T	0	0	0
20269500	A	G	0	0	0
20269511	A	G	.	.	.
20269529	G	A	.	.	.
20269578	C	T	0	0	0
20269582	G	A	0	0	0
20269588	C	T	0	0	0
20269589	G	A	0	0	0
20269596	C	T	0	0	0
20269674	C	T	.	.	.
20269675	G	A	.	.	.
20269703	C	T	.	.	.
20269707	C	T	.	.	.
20269735	G	C	.	.	.
20269742	A	T	2	2	2
20269754	G	A	0	0	0
20269759	C	T	.	.	.
20269781	G	A	.	.	.
20269798	C	T	.	.	.
20269800	C	T	.	.	.
20269801	G	A	.	.	.
20269813	A	C	.	.	.
20269848	C	T	.	.	.
20269872	G	A	.	.	.
20269955	A	C	.	.	.
20269956	G	A	.	.	.
20269992	C	T	.	.	.
20269998	T	G	.	.	.
20270024	G	A	.	.	.
20270066	C	G	.	.	.
20270108	G	A	.	.	.
20270121	G	A	.	.	.
20270135	C	G	.	.	.
20270148	C	T	.	.	.
20270204	C	T	.	.	.
20270211	T	A	.	.	.
20270250	T	C	.	.	.
20270253	A	T	.	.	.
20270313	G	C	.	.	.
20270331	G	A	.	.	.
20270367	C	T	0	0	0
20270404	C	T	.	.	.
20270408	C	A	.	.	.
20270413	G	A	.	.	.
20270422	G	A	.	.	.
20270451	T	C	0	0	0
20270469	C	T	0	0	0
20270504	C	G	0	0	0
20270524	T	C	0	0	0
20270533	C	T	0	0	0
20270534	G	A	0	0	0
20270541	A	G	0	0	0
20270604	G	A	0	0	0
20270607	C	T	0	0	0
20270631	C	T	0	0	0
20270670	G	A	0	1	0
20270723	C	T	0	0	0
20270727	C	A	0	0	0
20270837	T	G	0	0	0
20270850	C	T	0	0	0
20270856	G	A	0	0	0
20270909	A	G	0	0	0
20270913	G	A	0	0	0
20270957	G	A	0	0	0
20270997	G	A	0	0	0
20271011	T	G	0	0	0
20271065	G	T	0	0	0
20271091	G	A	0	0	0
20271098	G	A	0	0	0
20271159	T	A	0	0	0
20271161	C	T	0	0	0
20271209	C	T	.	.	.
20271218	G	A	.	.	.
20271287	G	A	0	0	0
20271450	C	T	0	0	0
20271484	T	C	0	0	0
20271506	C	A	0	0	0
20271507	G	A	0	0	0
20271520	C	T	0	0	0
20271531	G	A	0	0	0
20271543	G	A	.	.	.
20271554	T	A	.	.	.
20271565	A	G	.	.	.
20271599	C	T	0	0	0
20271606	C	T	0	0	0
20271642	C	G	0	0	0
20271643	C	T	0	0	0
20271645	C	T	0	0	0
20271718	C	T	0	0	0
20271719	G	A	0	0	0
20271727	C	T	0	0	0
20271750	G	C	0	0	0
20271760	C	A	0	0	0
20271796	A	C	0	0	0
20271826	G	A	0	0	0
20271865	C	T	0	0	0
20271920	G	T	0	0	0
20271927	C	A	0	0	0
20271941	A	G	0	0	0
20272011	G	C	0	0	2
20272012	G	A	0	0	2
20272063	G	A	0	0	0
20272110	G	A	0	0	0
20272113	G	A	0	0	0
20272150	C	T	0	0	0
20272181	G	A	0	0	0
20272212	A	G	.	.	.
20272237	C	T	.	.	.
20272253	A	C	.	.	.
20272262	G	A	.	.	.
20272280	G	A	.	.	.
20272329	T	C	.	.	.
20272367	G	A	0	0	0
20272389	G	A	0	0	0
20272512	G	A	.	.	.
20272529	G	A	.	.	.
20272570	C	T	.	.	.
20272603	C	T	0	0	0
20272642	G	A	.	.	.
20272660	C	T	.	.	.
20272661	G	A	.	.	.
20272666	G	T	.	.	.
20272688	A	G	0	0	1
20272692	T	C	0	0	1
20272706	G	C	0	0	1
20272719	T	C	0	0	1
20272723	G	A	0	0	0
20272732	C	A	0	0	1
20272738	A	G	0	0	0
20272751	A	G	0	0	1
20272761	C	T	0	0	0
20272772	T	C	0	0	1
20272773	G	A	0	0	1
20272779	G	C	0	0	0
20272793	A	G	0	0	0
20272843	C	T	.	.	.
20272895	C	T	.	.	.
20272900	C	T	.	.	.
20272940	C	A	.	.	.
20272956	C	T	0	0	0
20272957	G	A	0	0	0
20272962	C	G	0	0	0
20272967	T	C	0	0	0
20273001	G	T	0	0	0
20273020	G	A	0	0	0
20273021	T	G	0	0	0
20273126	G	A	.	.	.
20273197	G	A	.	.	.
20273211	G	A	.	.	.
20273243	C	G	.	.	.
20273268	G	A	.	.	.
20273274	G	A	.	.	.
20273287	C	G	.	.	.
20273329	T	C	.	.	.
20273403	C	T	.	.	.
20273404	A	G	.	.	.
20273424	G	T	.	.	.
20273427	G	A	.	.	.
20273441	G	A	.	.	.
20273442	C	T	.	.	.
20273460	C	G	.	.	.
20273469	A	T	.	.	.
20273477	G	A	.	.	.
20273496	G	C	0	0	0
20273499	T	C	0	0	0
20273520	T	C	1	0	0
20273527	A	G	.	.	.
20273559	A	C	.	.	.
20273578	C	T	.	.	.
20273579	C	T	.	.	.
20273580	C	T	.	.	.
20273598	G	A	0	0	0
20273616	G	A	.	.	.
20273640	A	G	.	.	.
20273716	G	T	.	.	.
20273767	C	A	.	.	.
20273780	C	T	.	.	.
20273786	A	T	.	.	.
20273839	G	T	.	.	.
20273920	C	A	.	.	.
20273948	G	A	.	.	.
20273958	C	T	.	.	.
20273962	C	T	.	.	.
20273999	C	T	.	.	.
20274004	A	G	.	.	.
20274011	T	C	.	.	.
20274083	G	A	.	.	.
20274091	C	T	.	.	.
20274109	T	G	.	.	.
20274123	C	A	.	.	.
20274167	A	G	.	.	.
20274177	T	C	.	.	.
20274188	T	A	.	.	.
20274206	G	A	.	.	.
20274290	T	C	.	.	.
20274359	G	C	.	.	.
20274373	G	A	.	.	.
20274393	G	A	.	.	.
20274409	C	G	.	.	.
20274498	G	A	.	.	.
20274611	A	G	.	.	.
20274613	C	A	.	.	.
20274621	G	A	.	.	.
20274645	C	G	.	.	.
20274665	A	G	.	.	.
20274693	A	G	.	.	.
20274702	C	T	.	.	.
20274738	C	T	.	.	.
20274753	C	T	.	.	.
20274780	A	G	.	.	.
20274789	C	T	.	.	.
20274797	G	T	.	.	.
20274848	G	T	.	.	.
20274869	C	A	.	.	.
20275031	C	T	.	.	.
20275078	C	A	.	.	.
20275084	C	A	.	.	.
20275126	G	A	.	.	.
20275150	G	A	.	.	.
20275173	G	A	.	.	.
20275196	C	A	.	.	.
20275225	G	A	.	.	.
20275273	T	C	.	.	.
20275285	C	T	.	.	.
20275335	G	T	.	.	.
20275344	C	T	.	.	.
20275368	A	T	.	.	.
20275382	C	T	.	.	.
20275410	T	C	.	.	.
20275411	G	A	.	.	.
20275438	C	T	.	.	.
20275456	C	A	.	.	.
20275599	T	C	.	.	.
20275636	G	A	.	.	.
20275662	T	G	.	.	.
20275677	G	A	.	.	.
20275685	T	A	.	.	.
20275699	G	T	.	.	.
20275743	T	C	0	0	0
20275751	T	A	0	1	0
20275753	T	C	2	2	0
20275761	T	C	2	2	0
20275762	C	T	0	0	0
20275770	G	T	2	2	0
20275805	G	C	.	.	.
20275890	C	T	.	.	.
20275954	C	G	.	.	.
20276089	C	T	.	.	.
20276095	G	A	.	.	.
20276111	G	A	.	.	.
20276147	G	A	.	.	.
20276214	G	A	.	.	.
20276261	A	G	.	.	.
20276295	C	T	.	.	.
20276384	C	G	.	.	.
20276408	A	G	.	.	.
20276458	G	T	.	.	.
20276467	C	T	.	.	.
20276494	C	T	.	.	.
20276528	C	T	.	.	.
20276533	A	T	.	.	.
20276551	T	A	.	.	.
20276601	A	G	0	1	0
20276657	C	T	.	.	.
20276708	C	A	.	.	.
20276709	T	C	.	.	.
20276740	G	A	.	.	.
20276752	C	T	.	.	.
20276775	C	T	.	.	.
20276785	C	T	.	.	.
20276883	C	T	.	.	.
20276884	G	A	.	.	.
20276913	G	A	.	.	.
20276914	C	T	.	.	.
20276936	C	T	.	.	.
20276976	C	T	.	.	.
20277016	C	G	0	0	0
20277046	C	G	.	.	.
20277054	C	T	.	.	.
20277060	C	T	.	.	.
20277088	C	T	.	.	.
20277113	T	C	.	.	.
20277137	C	G	.	.	.
20277162	A	T	.	.	.
20277171	T	C	.	.	.
20277189	C	A	.	.	.
20277199	C	T	.	.	.
20277206	T	G	1	1	1
20277236	T	C	.	.	.
20277272	A	G	.	.	.
20277294	C	T	.	.	.
20277295	G	A	.	.	.
20277319	T	G	0	0	0
20277322	A	G	0	0	0
20277323	T	C	0	0	0
20277325	C	T	2	2	0
20277326	A	G	0	0	0
20277331	C	T	0	0	0
20277335	G	C	0	0	0
20277367	C	T	0	0	0
20277378	C	T	0	0	0
20277400	C	T	0	0	0
20277401	G	A	0	0	0
20277411	A	C	0	0	0
20277419	C	T	0	0	0
20277421	T	C	0	0	0
20277422	G	A	.	.	.
20277474	C	T	.	.	.
20277483	G	A	.	.	.
20277522	T	C	.	.	.
20277523	C	G	.	.	.
20277526	C	T	.	.	.
20277547	T	C	.	.	.
20277552	G	A	.	.	.
20277553	C	G	.	.	.
20277556	A	G	.	.	.
20277568	G	A	0	0	0
20277574	C	T	0	0	0
20277578	G	C	0	0	0
20277629	T	C	.	.	.
20277679	C	T	.	.	.
20277699	G	A	.	.	.
20277721	C	T	.	.	.
20277731	C	T	.	.	.
20277732	G	T	.	.	.
20277737	G	A	0	0	0
20277748	G	T	.	.	.
20277855	C	T	0	0	0
20277943	A	G	0	0	0
20277947	T	G	0	0	0
20277956	A	G	0	0	0
20278004	A	G	0	0	0
20278019	G	A	0	0	0
20278021	C	T	0	0	0
20278036	G	A	2	2	2
20278047	G	A	0	0	0
20278059	C	T	0	0	0
20278063	G	A	0	0	0
20278066	G	A	0	0	0
20278072	A	G	0	0	0
20278109	C	T	.	.	.
20278222	C	G	0	0	0
20278225	C	T	0	0	0
20278321	C	T	0	0	1
20278340	C	A	0	0	0
20278366	C	T	0	0	0
20278379	A	G	0	0	0
20278382	G	T	0	0	0
20278471	A	G	2	2	0
20278474	C	G	0	0	0
20278475	G	A	0	0	0
20278479	G	C	0	0	0
20278488	C	T	0	0	0
20278489	G	A	0	0	0
20278494	C	T	0	0	0
20278529	G	A	2	2	0
20278580	G	A	0	0	0
20278590	G	A	0	0	0
20278637	C	T	0	0	0
20278660	G	C	0	0	0
20278689	T	C	0	0	0
20278735	G	T	0	0	0
20278776	C	T	0	0	0
20278853	C	T	0	0	0
20278895	G	A	0	0	0
20278916	G	A	0	0	0
20278936	C	T	0	0	0
20278943	C	T	0	0	0
20278953	C	T	2	2	0
20278958	C	T	0	0	0
20279031	C	T	0	0	0
20279081	C	T	0	0	0
20279082	G	A	0	0	0
20279128	G	C	0	0	0
20279159	G	A	2	2	0
20279197	C	G	0	0	0
20279223	T	C	0	0	0
20279275	G	A	0	0	0
20279328	T	C	0	0	0
20279389	G	A	0	0	0
20279403	T	C	0	0	0
20279432	C	T	0	0	0
20279455	G	A	0	0	0
20279488	A	G	0	0	0
20279532	G	A	0	0	0
20279533	G	A	0	0	0
20279534	G	A	0	0	0
20279539	C	A	0	0	0
20279557	C	A	0	0	0
20279561	T	C	0	0	0
20279573	G	A	0	0	0
20279609	G	T	0	0	0
20279626	T	C	0	0	0
20279647	C	T	0	0	0
20279648	G	A	0	0	0
20279672	G	A	0	0	0
20279680	G	A	0	0	0
20279714	C	G	0	0	0
20279718	C	T	0	0	0
20279752	T	C	0	0	0
20279772	T	C	0	0	0
20279815	T	C	.	.	.
20279842	C	G	0	0	0
20279994	G	A	0	0	0
20280006	T	C	.	.	.
20280050	G	T	1	1	1
20280059	G	A	.	.	.
20280087	C	T	.	.	.
20280183	G	A	0	0	0
20280202	C	T	0	0	0
20280226	G	C	0	0	0
20280233	C	A	0	0	0
20280345	G	A	.	.	.
20280397	A	G	0	0	0
20280411	A	T	0	0	0
20280413	G	A	0	0	1
20280428	C	T	.	.	.
20280435	G	A	.	.	.
20280439	G	A	.	.	.
20280556	C	T	.	.	.
20280569	C	T	.	.	.
20280634	C	T	0	0	0
20280671	C	G	.	.	.
20280680	C	T	.	.	.
20280681	G	A	.	.	.
20280682	A	C	.	.	.
20280700	C	T	.	.	.
20280782	A	G	.	.	.
20280789	A	G	.	.	.
20280958	G	T	.	.	.
20281055	T	C	.	.	.
20281069	T	C	.	.	.
20281074	A	G	.	.	.
20281091	G	C	.	.	.
20281097	C	T	.	.	.
20281144	T	C	.	.	.
20281191	C	A	.	.	.
20281225	G	A	.	.	.
20281261	A	T	2	2	2
20281322	G	A	.	.	.
20281327	C	T	.	.	.
20281341	C	T	.	.	.
20281506	C	T	.	.	.
20281508	A	G	.	.	.
20281555	G	C	0	0	0
20281561	C	A	.	.	.
20281582	A	G	.	.	.
20281593	T	C	.	.	.
20281610	T	C	.	.	.
20281624	T	C	0	0	0
20281645	C	T	0	0	0
20281741	C	T	0	0	0
20281853	G	C	.	.	.
20281928	G	C	.	.	.
20281948	C	T	.	.	.
20281971	T	C	.	.	.
20282002	C	G	.	.	.
20282008	G	A	.	.	.
20282092	C	T	.	.	.
20282116	A	T	.	.	.
20282134	C	T	.	.	.
20282135	G	A	.	.	.
20282143	C	T	.	.	.
20282186	G	A	.	.	.
20282243	T	C	.	.	.
20282264	G	A	0	0	0
20282355	T	C	.	.	.
20282396	A	C	.	.	.
20282425	A	T	.	.	.
20282443	A	T	.	.	.
20282463	C	T	.	.	.
20282482	T	C	.	.	.
20282495	G	T	0	0	0
20282503	C	T	0	0	0
20282505	T	C	0	0	0
20282512	T	C	0	0	2
20282523	T	C	.	.	.
20282535	C	T	.	.	.
20282538	A	G	.	.	.
20282550	C	A	.	.	.
20282585	G	A	.	.	.
20282602	A	G	0	0	0
20282617	T	C	0	0	0
20282650	A	G	.	.	.
20282678	T	C	.	.	.
20282689	A	G	.	.	.
20282729	T	C	.	.	.
20282758	G	A	.	.	.
20282781	G	A	.	.	.
20282803	A	G	0	0	0
20282818	T	C	.	.	.
20282868	C	A	0	0	0
20282886	C	T	0	0	2
20282897	G	A	0	0	0
20282911	T	C	0	0	0
20282927	T	C	0	0	0
20283016	T	C	0	0	0
20283025	T	C	0	0	0
20283101	T	C	0	0	0
20283115	G	A	0	0	0
20283211	G	A	0	0	0
20283225	C	A	0	0	0
20283228	C	T	2	2	2
20283243	G	T	0	0	0
20283255	C	T	0	0	0
20283256	G	T	0	0	0
20283335	C	T	0	0	0
20283410	G	A	0	0	0
20283418	G	A	2	2	0
20283463	T	C	0	0	0
20283465	C	T	0	0	0
20283559	G	A	0	0	0
20283560	T	C	0	0	0
20283619	G	C	0	0	0
20283620	G	A	0	0	0
20283667	A	G	0	0	0
20283680	C	A	.	.	.
20283731	C	T	.	.	.
20283732	G	A	.	.	.
20283794	G	A	.	.	.
20283825	C	T	.	.	.
20283831	G	C	.	.	.
20283859	C	A	.	.	.
20283869	T	A	.	.	.
20283873	T	C	.	.	.
20283888	G	A	.	.	.
20283946	C	T	.	.	.
20283952	C	T	.	.	.
20283959	C	T	.	.	.
20283964	T	G	.	.	.
20283975	C	T	.	.	.
20283979	C	T	.	.	.
20283985	C	A	.	.	.
20283996	G	A	.	.	.
20284027	G	A	0	0	0
20284044	G	C	0	0	0
20284050	C	T	0	0	0
20284068	A	G	0	0	0
20284110	T	C	.	.	.
20284132	C	T	.	.	.
20284245	G	C	.	.	.
20284262	C	T	0	0	0
20284384	C	G	.	.	.
20284457	T	G	0	0	0
20284485	G	C	0	0	0
20284518	C	T	0	0	0
20284529	G	C	0	0	0
20284535	G	A	0	0	0
20284564	G	T	0	0	0
20284565	A	G	0	0	0
20284604	C	T	0	0	0
20284605	G	A	0	0	0
20284613	G	T	0	0	0
20284656	C	T	0	0	0
20284793	C	T	0	0	0
20284794	G	A	0	0	0
20284801	G	A	0	0	0
20284821	T	C	0	0	0
20285025	G	A	0	0	0
20285050	C	T	0	0	0
20285167	A	T	0	0	0
20285219	C	G	0	0	0
20285232	C	T	0	0	0
20285260	G	A	0	0	0
20285266	A	T	0	0	0
20285438	C	T	0	0	0
20285541	A	G	0	0	0
20285549	G	A	0	0	0
20285567	C	G	0	0	0
20285575	G	A	0	0	0
20285785	G	A	0	0	0
20285808	G	A	0	0	0
20285820	C	G	0	0	0
20285848	G	A	0	0	0
20285897	G	A	0	0	0
20285924	G	A	0	0	0
20285928	A	G	0	0	0
20285939	A	G	0	0	0
20285940	C	T	0	0	0
20285994	G	C	0	0	0
20286040	G	A	0	0	0
20286060	G	A	0	0	0
20286069	G	C	0	0	0
20286070	G	T	0	0	0
20286099	T	G	2	2	2
20286142	C	T	0	0	0
20286219	C	G	0	0	0
20286281	A	G	0	0	0
20286325	G	T	0	0	0
20286335	G	C	0	0	0
20286373	G	C	0	0	0
20286424	G	T	0	0	0
20286539	G	T	0	0	0
20286552	G	C	0	0	0
20286590	A	G	0	0	0
20286631	G	A	0	0	0
20286642	G	A	0	0	0
20286643	C	T	0	0	0
20286789	G	A	0	0	0
20286843	G	A	0	0	0
20286897	G	C	0	0	0
20286930	C	T	0	0	0
20286937	G	T	0	0	0
20286953	G	T	0	0	0
20287044	C	G	0	0	0
20287046	C	T	0	0	0
20287067	A	C	0	0	0
20287090	A	G	2	2	2
20287132	G	A	0	0	0
20287167	C	T	0	0	0
20287209	T	G	0	0	2
20287212	G	A	0	0	0
20287216	C	A	0	0	0
20287218	G	A	0	0	0
20287283	A	G	.	.	.
20287305	C	T	0	0	0
20287315	C	G	0	0	0
20287372	C	A	0	0	1
20287407	C	T	0	0	0
20287548	A	G	.	.	.
20287549	C	A	.	.	.
20287592	C	G	0	0	0
20287692	C	G	.	.	.
20287709	A	G	.	.	.
20287756	A	C	.	.	.
20287874	A	G	0	0	0
20287883	T	A	0	0	0
20287888	G	A	.	.	.
20287894	C	T	.	.	.
20287912	G	T	.	.	.
20288022	G	A	.	.	.
20288066	G	T	.	.	.
20288097	C	A	.	.	.
20288197	G	A	.	.	.
20288226	G	A	.	.	.
20288248	C	A	.	.	.
20288306	A	G	.	.	.
20288406	A	G	.	.	.
20288441	G	A	.	.	.
20288523	G	A	.	.	.
20288548	G	A	.	.	.
20288665	G	A	.	.	.
20288768	C	A	0	0	0
20288804	C	T	.	.	.
20288853	C	T	.	.	.
20288897	G	A	.	.	.
20288913	G	T	.	.	.
20288995	G	C	.	.	.
20288996	C	T	.	.	.
20289037	G	A	.	.	.
20289159	A	T	.	.	.
20289194	C	G	0	0	0
20289198	C	T	.	.	.
20289238	C	T	0	0	0
20289281	T	C	0	0	0
20289359	G	C	.	.	.
20289425	G	C	.	.	.
20289464	C	G	.	.	.
20289533	A	G	.	.	.
20289574	T	C	0	0	0
20289580	A	G	.	.	.
20289587	C	T	.	.	.
20289624	G	A	.	.	.
20289670	G	A	.	.	.
20289696	A	C	.	.	.
20289758	G	C	.	.	.
20289770	A	C	.	.	.
20289782	C	T	.	.	.
20289793	G	C	.	.	.
20289819	C	G	.	.	.
20289820	T	G	.	.	.
20289827	C	T	.	.	.
20289833	G	A	.	.	.
20289853	G	A	.	.	.
20289955	C	T	.	.	.
20289976	C	T	.	.	.
20289977	G	A	.	.	.
20289991	C	G	.	.	.
20290015	A	G	.	.	.
20290188	G	C	.	.	.
20290217	C	T	.	.	.
20290256	T	G	0	0	0
20290326	A	G	.	.	.
20290398	G	A	.	.	.
20290411	G	C	.	.	.
20290413	A	G	.	.	.
20290430	G	A	.	.	.
20290441	C	T	.	.	.
20290468	T	C	.	.	.
20290476	T	C	.	.	.
20290534	G	A	.	.	.
20290570	C	A	.	.	.
20290584	G	T	.	.	.
20290614	T	C	.	.	.
20290629	G	T	.	.	.
20290674	A	T	.	.	.
20290709	A	G	0	0	0
20290730	C	T	.	.	.
20290755	G	A	.	.	.
20290845	C	T	.	.	.
20290851	C	T	.	.	.
20290871	G	T	.	.	.
20290883	G	A	.	.	.
20290920	A	G	.	.	.
20290949	G	A	.	.	.
20290955	C	A	.	.	.
20290962	C	T	.	.	.
20290970	G	A	.	.	.
20290982	G	A	.	.	.
20290998	C	T	.	.	.
20291030	G	C	.	.	.
20291063	G	A	.	.	.
20291065	G	A	.	.	.
20291069	G	A	.	.	.
20291115	C	T	.	.	.
20291157	G	A	.	.	.
20291169	A	T	.	.	.
20291186	G	A	.	.	.
20291233	C	T	.	.	.
20291252	C	T	.	.	.
20291258	G	A	.	.	.
20291299	C	T	.	.	.
20291303	A	G	.	.	.
20291346	G	C	.	.	.
20291365	A	G	.	.	.
20291408	C	G	.	.	.
20291467	C	T	.	.	.
20291503	G	A	.	.	.
20291557	T	C	.	.	.
20291613	A	G	.	.	.
20291641	A	G	.	.	.
20291721	G	A	.	.	.
20291796	G	A	.	.	.
20291849	A	C	.	.	.
20291867	A	C	.	.	.
20291873	G	A	.	.	.
20291915	T	A	.	.	.
20291947	C	T	.	.	.
20292000	C	T	.	.	.
20292014	G	A	.	.	.
20292073	A	T	.	.	.
20292182	C	T	.	.	.
20292185	C	T	.	.	.
20292225	C	T	.	.	.
20292226	G	A	.	.	.
20292263	G	A	.	.	.
20292265	T	G	.	.	.
20292273	C	T	.	.	.
20292303	G	T	.	.	.
20292393	G	A	.	.	.
20292407	G	C	.	.	.
20292428	C	T	.	.	.
20292433	A	G	.	.	.
20292434	T	C	0	0	0
20292451	C	T	.	.	.
20292482	G	A	.	.	.
20292486	C	T	.	.	.
20292487	G	A	.	.	.
20292513	A	G	.	.	.
20292517	T	G	.	.	.
20292533	C	A	.	.	.
20292555	G	A	.	.	.
20292563	C	G	.	.	.
20292588	A	G	.	.	.
20292640	T	C	.	.	.
20292692	G	A	.	.	.
20292734	C	G	.	.	.
20292755	G	A	.	.	.
20292756	G	T	.	.	.
20292795	G	T	.	.	.
20292809	G	T	.	.	.
20292866	G	A	.	.	.
20292880	G	A	.	.	.
20292913	G	A	.	.	.
20293015	C	T	.	.	.
20293020	A	C	.	.	.
20293062	G	A	.	.	.
20293088	T	A	.	.	.
20293112	C	T	.	.	.
20293143	T	A	.	.	.
20293147	T	G	.	.	.
20293214	A	G	.	.	.
20293288	G	T	.	.	.
20293290	G	A	.	.	.
20293295	G	A	.	.	.
20293304	T	C	.	.	.
20293324	A	G	.	.	.
20293330	G	T	.	.	.
20293346	G	A	.	.	.
20293384	C	T	.	.	.
20293461	C	T	.	.	.
20293475	T	A	.	.	.
20293476	C	A	0	0	0
20293496	C	T	.	.	.
20293541	T	G	.	.	.
20293544	C	T	.	.	.
20293549	C	G	.	.	.
20293578	G	T	.	.	.
20293581	C	G	.	.	.
20293586	C	T	.	.	.
20293625	G	A	.	.	.
20293643	A	G	0	0	0
20293700	T	A	0	0	0
20293708	C	A	0	0	0
20293711	T	C	0	0	0
20293719	C	G	.	.	.
20293807	G	A	.	.	.
20293824	G	A	.	.	.
20293835	C	T	.	.	.
20293895	C	T	0	0	0
20293896	G	A	0	0	0
20293984	C	T	.	.	.
20294023	T	C	.	.	.
20294045	A	T	.	.	.
20294057	C	T	.	.	.
20294061	G	A	.	.	.
20294067	A	T	.	.	.
20294092	C	T	0	0	0
20294096	C	T	0	0	0
20294118	G	A	0	0	0
20294124	C	T	0	0	1
20294193	G	A	.	.	.
20294212	A	G	.	.	.
20294215	T	G	.	.	.
20294240	C	T	.	.	.
20294262	G	T	.	.	.
20294270	T	C	.	.	.
20294279	G	A	.	.	.
20294293	G	A	.	.	.
20294302	A	T	.	.	.
20294303	T	C	.	.	.
20294314	T	C	.	.	.
20294345	C	G	.	.	.
20294359	G	A	.	.	.
20294387	C	T	.	.	.
20294405	G	A	.	.	.
20294409	C	A	.	.	.
20294436	T	C	.	.	.
20294438	C	G	.	.	.
20294494	C	T	.	.	.
20294559	G	A	.	.	.
20294561	A	G	.	.	.
20294598	A	G	.	.	.
20294619	G	A	.	.	.
20294654	G	A	.	.	.
20294701	C	A	.	.	.
20294716	G	A	.	.	.
20294734	C	G	.	.	.
20294745	C	G	.	.	.
20294793	T	G	.	.	.
20294821	A	C	.	.	.
20294827	G	C	.	.	.
20294867	A	G	.	.	.
20294962	G	A	.	.	.
20295012	C	T	.	.	.
20295013	C	T	.	.	.
20295058	C	T	.	.	.
20295059	G	A	.	.	.
20295060	C	A	.	.	.
20295086	A	G	0	0	0
20295110	T	C	0	0	0
20295150	A	G	0	0	0
20295151	A	C	0	0	0
20295171	G	C	0	0	0
20295182	T	C	.	.	.
20295189	G	C	.	.	.
20295280	C	T	.	.	.
20295311	T	G	.	.	.
20295322	A	G	.	.	.
20295323	T	C	.	.	.
20295335	C	T	.	.	.
20295336	A	G	.	.	.
20295349	A	G	.	.	.
20295379	C	T	.	.	.
20295414	T	C	.	.	.
20295419	A	G	0	0	0
20295420	G	T	0	0	0
20295431	A	C	0	0	0
20295454	T	C	.	.	.
20295471	A	G	.	.	.
20295501	C	A	.	.	.
20295526	G	A	.	.	.
20295578	A	G	.	.	.
20295579	T	G	.	.	.
20295607	C	T	.	.	.
20295612	C	G	.	.	.
20295623	T	C	.	.	.
20295655	C	A	.	.	.
20295663	A	G	.	.	.
20295690	A	G	.	.	.
20295707	C	G	.	.	.
20295714	C	T	.	.	.
20295757	C	T	.	.	.
20295765	C	T	.	.	.
20295815	G	A	.	.	.
20295831	G	A	.	.	.
20295915	G	A	.	.	.
20295944	C	A	.	.	.
20295972	C	T	.	.	.
20296023	A	T	.	.	.
20296034	C	T	.	.	.
20296042	C	T	.	.	.
20296059	G	A	.	.	.
20296125	C	T	.	.	.
20296216	C	T	.	.	.
20296385	C	T	.	.	.
20296416	G	T	.	.	.
20296477	C	T	.	.	.
20296540	T	C	2	2	2
20296541	G	A	0	0	0
20296555	C	T	0	0	0
20296558	T	C	0	0	0
20296628	T	C	.	.	.
20296643	G	C	.	.	.
20296665	G	A	.	.	.
20296734	C	A	.	.	.
20296749	G	A	.	.	.
20296763	G	A	.	.	.
20296829	C	T	.	.	.
20296850	G	A	.	.	.
20296895	C	T	.	.	.
20296896	G	A	.	.	.
20296900	C	T	.	.	.
20296905	T	C	.	.	.
20296935	G	A	.	.	.
20296977	G	C	.	.	.
20297010	T	C	.	.	.
20297060	T	C	.	.	.
20297077	G	T	.	.	.
20297148	G	A	.	.	.
20297190	T	C	.	.	.
20297205	T	C	.	.	.
20297258	T	C	.	.	.
20297310	C	T	.	.	.
20297339	G	C	.	.	.
20297546	T	C	.	.	.
20297551	T	C	.	.	.
20297595	T	A	0	0	0
20297606	C	T	.	.	.
20297651	C	T	.	.	.
20297680	T	G	.	.	.
20297683	G	A	.	.	.
20297690	T	C	.	.	.
20297745	C	A	.	.	.
20297846	C	A	.	.	.
20297862	A	G	.	.	.
20297881	G	A	.	.	.
20298001	G	A	.	.	.
20298049	G	A	.	.	.
20298058	C	T	.	.	.
20298074	C	T	.	.	.
20298089	A	C	.	.	.
20298108	G	A	.	.	.
20298167	T	C	.	.	.
20298300	C	G	.	.	.
20298377	C	T	.	.	.
20298413	C	G	.	.	.
20298415	G	A	.	.	.
20298481	C	T	.	.	.
20298482	G	A	.	.	.
20298493	G	A	.	.	.
20298498	C	G	.	.	.
20298515	A	G	.	.	.
20298517	G	A	.	.	.
20298547	C	T	.	.	.
20298582	G	C	.	.	.
20298641	C	T	.	.	.
20298728	G	A	.	.	.
20298738	G	A	.	.	.
20298862	A	T	.	.	.
20298920	C	T	.	.	.
20298954	G	T	.	.	.
20298963	C	T	.	.	.
20298964	G	A	.	.	.
20299010	C	T	.	.	.
20299031	C	T	.	.	.
20299040	C	T	.	.	.
20299096	T	C	.	.	.
20299109	C	T	.	.	.
20299110	G	A	.	.	.
20299118	A	G	.	.	.
20299208	A	G	.	.	.
20299256	T	C	.	.	.
20299263	T	C	.	.	.
20299266	C	T	.	.	.
20299279	C	T	0	0	0
20299281	G	A	0	0	0
20299292	G	A	0	0	0
20299299	A	C	0	0	0
20299312	G	A	0	0	0
20299346	G	A	0	0	0
20299384	G	A	0	0	0
20299415	G	A	.	.	.
20299422	C	T	.	.	.
20299442	C	T	.	.	.
20299445	C	A	.	.	.
20299579	G	A	.	.	.
20299604	T	C	.	.	.
20299636	A	C	.	.	.
20299643	G	A	.	.	.
20299651	C	A	.	.	.
20299683	A	G	0	0	0
20299758	T	C	.	.	.
20299772	A	C	.	.	.
20299790	G	A	0	0	0
20299821	A	T	.	.	.
20299827	G	A	.	.	.
20299861	A	G	.	.	.
20299869	C	T	.	.	.
20299877	G	A	.	.	.
20299955	G	A	.	.	.
20299966	C	T	.	.	.
20299967	C	T	.	.	.
20299990	C	T	.	.	.
20299992	C	T	.	.	.
20300014	T	C	.	.	.
20300031	A	C	.	.	.
20300145	G	C	.	.	.
20300151	C	T	.	.	.
20300209	T	A	.	.	.
20300224	G	A	.	.	.
20300275	G	A	0	0	0
20300295	G	A	0	0	0
20300299	A	T	0	0	0
20300361	C	T	0	0	0
20300483	C	T	.	.	.
20300486	C	T	.	.	.
20300537	G	A	0	0	0
20300539	C	T	0	0	0
20300561	T	G	0	0	0
20300565	G	A	0	0	0
20300596	G	A	0	0	0
20300616	C	T	0	0	0
20300662	C	T	.	.	.
20300665	C	T	.	.	.
20300672	G	A	.	.	.
20300707	C	T	.	.	.
20300738	A	C	.	.	.
20300755	G	A	.	.	.
20300812	T	C	.	.	.
20300898	C	T	0	0	0
20300946	C	T	.	.	.
20300947	G	A	.	.	.
20301000	G	C	.	.	.
20301018	C	G	.	.	.
20301019	C	T	.	.	.
20301044	C	T	.	.	.
20301049	C	T	.	.	.
20301083	G	A	.	.	.
20301125	T	A	.	.	.
20301138	G	T	.	.	.
20301191	C	T	.	.	.
20301193	A	G	.	.	.
20301233	C	A	.	.	.
20301236	G	A	.	.	.
20301238	G	A	.	.	.
20301243	C	A	.	.	.
20301321	C	T	.	.	.
20301346	A	G	.	.	.
20301360	G	A	.	.	.
20301365	C	G	0	0	0
20301373	T	C	.	.	.
20301421	C	T	.	.	.
20301484	C	T	.	.	.
20301485	G	A	.	.	.
20301508	G	T	.	.	.
20301556	T	C	.	.	.
20301680	G	A	.	.	.
20301753	C	G	.	.	.
20301789	A	G	.	.	.
20301800	T	G	.	.	.
20301826	T	C	.	.	.
20301869	T	C	.	.	.
20301912	C	A	.	.	.
20301932	C	A	.	.	.
20301988	C	G	.	.	.
20302006	A	G	.	.	.
20302129	C	T	.	.	.
20302150	G	A	.	.	.
20302179	A	G	.	.	.
20302243	C	T	.	.	.
20302244	G	A	.	.	.
20302276	A	T	2	2	0
20302309	T	C	.	.	.
20302364	C	T	.	.	.
20302369	T	A	.	.	.
20302404	C	T	.	.	.
20302414	G	T	.	.	.
20302439	C	T	.	.	.
20302446	C	G	.	.	.
20302480	G	A	.	.	.
20302483	G	A	.	.	.
20302507	G	A	.	.	.
20302515	C	T	.	.	.
20302545	C	T	.	.	.
20302549	C	T	.	.	.
20302584	G	A	.	.	.
20302623	T	G	.	.	.
20302644	G	C	.	.	.
20302697	G	C	.	.	.
20302699	C	A	.	.	.
20302702	C	T	.	.	.
20302703	G	C	.	.	.
20302741	A	G	.	.	.
20302818	C	T	.	.	.
20302837	C	G	.	.	.
20302911	C	T	.	.	.
20302948	T	C	.	.	.
20302964	C	T	.	.	.
20302968	C	T	.	.	.
20302969	G	A	.	.	.
20302997	G	A	0	0	0
20303017	C	T	0	0	0
20303019	C	T	0	0	0
20303024	G	C	0	0	.
20303059	G	A	.	.	.
20303098	G	A	.	.	.
20303200	C	T	.	.	.
20303214	T	G	0	0	0
20303242	C	T	.	.	.
20303323	G	A	.	.	.
20303353	T	C	.	.	.
20303375	C	T	.	.	.
20303389	A	G	0	0	0
20303398	C	T	0	0	0
20303457	A	C	0	0	0
20303555	C	A	.	.	.
20303594	G	T	.	.	.
20303632	C	T	.	.	.
20303643	T	C	.	.	.
20303664	G	A	.	.	.
20303671	C	G	.	.	.
20303684	G	A	.	.	.
20303692	G	A	.	.	.
20303724	C	T	.	.	.
20303738	G	T	.	.	.
20303771	C	T	.	.	.
20303809	G	A	.	.	.
20303854	G	A	.	.	.
20303935	G	C	.	.	.
20303955	G	A	.	.	.
20303974	G	T	.	.	.
20304031	A	C	.	.	.
20304076	A	G	.	.	.
20304083	C	G	.	.	.
20304106	G	A	2	2	0
20304160	C	T	.	.	.
20304164	G	A	.	.	.
20304171	A	C	.	.	.
20304208	C	T	0	0	0
20304272	C	T	0	0	0
20304279	C	T	0	0	0
20304440	T	C	0	0	0
20304442	G	C	.	.	.
20304472	A	G	.	.	.
20304491	G	A	.	.	.
20304576	T	C	0	0	0
20304597	C	T	.	.	.
20304661	G	A	.	.	.
20304707	G	T	.	.	.
20304720	C	G	.	.	.
20304743	C	T	0	0	0
20304745	C	T	.	.	.
20304764	C	T	.	.	.
20304802	A	G	.	.	.
20304889	T	C	.	.	.
20304998	C	A	.	.	.
20305022	C	G	.	.	.
20305052	G	C	.	.	.
20305070	C	T	.	.	.
20305080	C	G	.	.	.
20305097	T	C	.	.	.
20305112	T	C	.	.	.
20305165	C	T	.	.	.
20305166	G	A	.	.	.
20305225	C	T	.	.	.
20305230	A	C	.	.	.
20305261	G	A	.	.	.
20305265	T	G	.	.	.
20305282	C	G	.	.	.
20305300	C	T	.	.	.
20305309	G	A	.	.	.
20305320	A	T	.	.	.
20305329	T	C	.	.	.
20305352	A	G	.	.	.
20305357	A	G	.	.	.
20305362	C	T	.	.	.
20305407	C	T	.	.	.
20305415	G	A	.	.	.
20305443	C	A	.	.	.
20305476	C	T	.	.	.
20305558	G	C	.	.	.
20305610	T	C	.	.	.
20305693	G	A	.	.	.
20305771	A	G	.	.	.
20305843	C	T	.	.	.
20306073	T	A	.	.	.
20306129	G	A	.	.	.
20306161	T	C	.	.	.
20306206	T	C	.	.	.
20306210	G	A	.	.	.
20306324	G	A	.	.	.
20306353	C	T	.	.	.
20306428	A	G	.	.	.
20306442	A	G	.	.	.
20306583	A	T	.	.	.
20306699	C	T	.	.	.
20306706	G	C	.	.	.
20306716	A	T	.	.	.
20306727	G	A	.	.	.
20306731	A	G	.	.	.
20306822	G	T	0	0	0
20306945	C	G	.	.	.
20306993	C	T	2	2	2
20307008	G	A	.	.	.
20307030	C	A	.	.	.
20307044	A	G	0	0	0
20307051	A	C	0	0	0
20307083	T	C	0	0	0
20307086	T	G	0	0	0
20307217	G	A	.	.	.
20307256	G	A	.	.	.
20307278	G	T	.	.	.
20307333	G	A	.	.	.
20307337	G	A	.	.	.
20307432	G	A	.	.	.
20307468	G	A	.	.	.
20307469	C	T	.	.	.
20307499	C	T	.	.	.
20307520	C	T	.	.	.
20307537	C	T	.	.	.
20307538	G	T	.	.	.
20307541	G	A	0	0	0
20307552	C	T	0	0	0
20307576	C	G	0	0	0
20307603	T	A	2	2	2
20307613	G	T	0	0	0
20307643	C	A	0	0	0
20307716	C	G	0	0	0
20307760	C	G	0	0	0
20307761	G	T	0	0	0
20307776	C	A	0	0	0
20307807	C	T	0	0	0
20307921	C	T	.	.	.
20307930	C	G	.	.	.
20307955	G	A	.	.	.
20308014	C	T	0	0	0
20308019	C	A	0	0	0
20308025	C	T	0	0	0
20308041	G	A	0	0	0
20308046	G	A	0	0	0
20308051	A	G	0	0	0
20308073	C	T	0	0	0
20308087	C	G	0	0	0
20308091	C	A	0	0	0
20308100	C	T	0	0	0
20308101	G	T	0	0	0
20308226	C	T	.	.	.
20308262	A	G	.	.	.
20308279	G	A	.	.	.
20308285	G	C	.	.	.
20308291	A	G	.	.	.
20308360	T	C	.	.	.
20308382	C	G	.	.	.
20308417	A	G	.	.	.
20308427	C	G	.	.	.
20308554	A	G	0	0	0
20308559	G	A	0	0	0
20308563	G	A	0	0	0
20308696	C	T	0	0	0
20308730	C	G	.	.	.
20308750	C	T	.	.	.
20308751	G	A	.	.	.
20308759	A	G	.	.	.
20308779	C	T	.	.	.
20308785	C	T	.	.	.
20308800	C	A	.	.	.
20308828	G	T	.	.	.
20308837	T	G	.	.	.
20308909	G	A	.	.	.
20308929	T	G	.	.	.
20308945	G	A	.	.	.
20309002	G	C	.	.	.
20309006	G	T	.	.	.
20309019	A	T	.	.	.
20309072	C	T	.	.	.
20309073	G	A	.	.	.
20309081	C	T	.	.	.
20309098	G	C	.	.	.
20309136	T	C	.	.	.
20309149	C	A	.	.	.
20309164	G	T	.	.	.
20309186	G	C	.	.	.
20309208	C	T	.	.	.
20309212	G	A	.	.	.
20309233	C	G	.	.	.
20309269	A	G	.	.	.
20309277	G	T	.	.	.
20309388	G	A	.	.	.
20309393	T	G	.	.	.
20309528	T	C	.	.	.
20309546	T	G	.	.	.
20309584	G	C	.	.	.
20309693	T	A	.	.	.
20309701	G	C	.	.	.
20309783	C	T	.	.	.
20309784	G	A	.	.	.
20309832	T	G	0	0	0
20309835	A	G	0	0	0
20309838	T	C	0	0	0
20309854	A	G	0	0	0
20310052	G	A	.	.	.
20310059	T	A	.	.	.
20310079	C	T	0	0	0
20310128	C	T	0	0	0
20310131	C	T	0	0	0
20310150	G	A	.	.	.
20310217	C	A	.	.	.
20310233	G	T	.	.	.
20310304	G	C	0	0	0
20310364	G	A	.	.	.
20310379	T	G	0	0	0
20310475	G	A	0	0	0
20310484	G	C	0	0	0
20310535	G	A	.	.	.
20310549	C	G	.	.	.
20310582	C	T	.	.	.
20310603	C	T	0	0	0
20310617	C	T	0	0	0
20310626	T	C	.	.	.
20310677	G	A	0	0	0
20310706	C	T	.	.	.
20310707	G	A	.	.	.
20310734	C	T	0	0	0
20310753	G	T	0	0	0
20310797	T	C	0	0	0
20310870	G	C	.	.	.
20310896	C	T	.	.	.
20311005	G	A	.	.	.
20311043	C	T	.	.	.
20311087	C	G	0	0	0
20311136	C	T	0	0	0
20311288	T	C	.	.	.
20311345	G	A	.	.	.
20311412	C	T	0	0	0
20311414	C	T	.	.	.
20311425	G	A	.	.	.
20311453	C	T	.	.	.
20311478	C	T	.	.	.
20311638	C	G	0	0	0
20311646	C	T	0	0	0
20311753	G	C	.	.	.
20311803	C	T	0	0	0
20311819	G	A	2	0	0
20311821	G	A	0	0	0
20311863	G	A	0	0	0
20311881	T	C	0	0	0
20311951	C	T	0	0	0
20311959	A	G	0	0	0
20311973	C	T	0	0	0
20312140	A	T	.	.	.
20312149	T	G	.	.	.
20312197	T	C	.	.	.
20312244	A	G	.	.	.
20312309	C	T	.	.	.
20312350	G	C	.	.	.
20312436	G	C	.	.	.
20312465	C	T	.	.	.
20312616	T	C	.	.	.
20312878	C	T	.	.	.
20312930	A	G	.	.	.
20312945	T	C	.	.	.
20312963	A	G	.	.	.
20312979	G	A	.	.	.
20313006	T	G	.	.	.
20313039	G	A	.	.	.
20313299	A	G	.	.	.
20313490	A	G	.	.	.
20313498	C	T	.	.	.
20313665	C	T	.	.	.
20313666	G	A	.	.	.
20313706	G	C	.	.	.
20313720	C	G	.	.	.
20313730	A	G	.	.	.
20313755	A	G	.	.	.
20313783	A	G	.	.	.
20313824	C	T	.	.	.
20313946	C	G	.	.	.
20314121	G	A	.	.	.
20314157	G	C	.	.	.
20314354	G	C	.	.	.
20314472	G	A	.	.	.
20314479	G	C	.	.	.
20314605	T	C	.	.	.
20314629	T	C	.	.	.
20314657	G	A	.	.	.
20314680	A	C	.	.	.
20314716	C	T	.	.	.
20314732	G	A	.	.	.
20314778	T	C	.	.	.
20315294	T	C	.	.	.
20315351	A	C	.	.	.
20315407	C	T	.	.	.
20315408	G	A	.	.	.
20315603	T	G	.	.	.
20315636	C	G	.	.	.
20315804	A	C	.	.	.
20315837	G	A	.	.	.
20315840	G	A	.	.	.
20315875	C	G	.	.	.
20315890	G	A	.	.	.
20315929	C	T	.	.	.
20316248	G	A	.	.	.
20316684	A	C	.	.	.
20316714	G	T	.	.	.
20316813	C	T	.	.	.
20316863	T	C	.	.	.
20316869	C	T	.	.	.
20316890	C	T	1	0	1
20317061	C	G	.	.	.
20317094	G	A	.	.	.
20317103	C	G	.	.	.
20317104	G	A	.	.	.
20317160	C	T	.	.	.
20317194	T	C	.	.	.
20317252	C	G	.	.	.
20317263	C	T	.	.	.
20317300	C	T	.	.	.
20317321	T	A	.	.	.
20317423	T	C	.	.	.
20317770	G	C	.	.	.
20317897	G	A	.	.	.
20318081	A	T	.	.	.
20318108	A	G	.	.	.
20318162	G	A	.	.	.
20318314	C	T	.	.	.
20318396	A	C	.	.	.
20318419	C	T	.	.	.
20318539	C	A	.	.	.
20318543	G	C	.	.	.
20318602	G	A	.	.	.
20318937	C	T	.	.	.
20319163	T	C	.	.	.
20319408	G	A	.	.	.
20319834	C	T	.	.	.
20319835	C	T	.	.	.
20319851	T	C	.	.	.
20319863	C	T	.	.	.
20319868	G	A	.	.	.
20319896	T	G	.	.	.
20319900	T	C	.	.	.
20319948	A	G	.	.	.
20320198	T	G	.	.	.
20320206	C	T	.	.	.
20320229	C	A	.	.	.
20320230	G	T	.	.	.
20320284	G	A	.	.	.
20320291	G	A	.	.	.
20320300	G	T	.	.	.
20320355	A	G	.	.	.
20320379	C	G	.	.	.
20320380	G	A	.	.	.
20320438	C	T	.	.	.
20320677	A	G	.	.	.
20320690	G	C	.	.	.
20320731	A	G	.	.	.
20320748	C	T	.	.	.
20320763	T	G	.	.	.
20320938	C	G	.	.	.
20321016	T	C	.	.	.
20321035	C	T	.	.	.
20321036	G	A	.	.	.
20321183	G	A	.	.	.
20321215	C	G	.	.	.
20321401	T	C	.	.	.
20321579	G	A	.	.	.
20321801	C	G	.	.	.
20321834	T	G	.	.	.
20321889	A	G	.	.	.
20322079	C	T	.	.	.
20322084	C	T	.	.	.
20322117	A	T	.	.	.
20322122	C	T	.	.	.
20322175	A	C	.	.	.
20322359	C	A	.	.	.
20322494	T	C	.	.	.
20322510	G	A	.	.	.
20322728	C	G	.	.	.
20322741	C	T	.	.	.
20322837	C	T	.	.	.
20322874	T	C	.	.	.
20322875	G	A	.	.	.
20322881	C	T	.	.	.
20323147	C	A	.	.	.
20323169	G	A	.	.	.
20323239	A	G	.	.	.
20323250	G	A	.	.	.
20323257	A	C	.	.	.
20323308	T	C	.	.	.
20323316	T	C	.	.	.
20323502	G	A	.	.	.
20323529	T	C	.	.	.
20323555	G	C	.	.	.
20323563	C	A	.	.	.
20323564	T	G	.	.	.
20323601	C	T	.	.	.
20323618	G	A	.	.	.
20323625	G	T	.	.	.
20323638	G	C	.	.	.
20323714	T	C	.	.	.
20323720	A	C	.	.	.
20323724	A	G	.	.	.
20323742	G	T	.	.	.
20323744	T	C	.	.	.
20323752	A	G	.	.	.
20323762	T	C	.	.	.
20323776	T	C	.	.	.
20323778	T	C	.	.	.
20323780	T	C	.	.	.
20323811	A	G	.	.	.
20323812	T	A	.	.	.
20323930	T	C	.	.	.
20323937	T	A	.	.	.
20323976	T	C	.	.	.
20323985	A	G	.	.	.
20323990	G	C	.	.	.
20323999	C	T	.	.	.
20324049	C	A	.	.	.
20324070	T	C	.	.	.
20324099	C	T	.	.	.
20324102	T	A	.	.	.
20324163	A	T	.	.	.
20324209	T	C	.	.	.
20324210	T	G	.	.	.
20324211	A	G	.	.	.
20324216	C	T	.	.	.
20324217	T	C	.	.	.
20324240	C	T	.	.	.
20324271	A	G	.	.	.
20324286	C	T	.	.	.
20324289	A	C	.	.	.
20324315	T	C	.	.	.
20324340	T	C	.	.	.
20324351	G	T	.	.	.
20324353	T	C	.	.	.
20324402	A	G	.	.	.
20324410	T	C	.	.	.
20324416	C	T	.	.	.
20324438	T	C	.	.	.
20324453	A	T	.	.	.
20324489	G	A	.	.	.
20324534	A	C	.	.	.
20324536	A	T	.	.	.
20324546	T	C	.	.	.
20324579	T	C	.	.	.
20324585	A	T	.	.	.
20324591	A	G	.	.	.
20324616	T	G	.	.	.
20324623	T	C	.	.	.
20324628	C	A	.	.	.
20324732	T	A	.	.	.
20324733	A	T	.	.	.
20324744	A	G	.	.	.
20324748	T	C	.	.	.
20324891	G	C	.	.	.
20324992	T	G	.	.	.
20325020	T	G	.	.	.
20325023	G	T	.	.	.
20325095	T	A	.	.	.
20325136	T	G	.	.	.
20325151	T	A	.	.	.
20325306	T	C	.	.	.
20325339	G	C	.	.	.
20325347	C	T	.	.	.
20325377	A	C	.	.	.
20325423	G	A	.	.	.
20325425	C	A	.	.	.
20325434	C	A	.	.	.
20325440	A	T	.	.	.
20325445	C	G	.	.	.
20325457	G	A	.	.	.
20325599	G	C	.	.	.
20325714	C	A	.	.	.
20325832	A	G	.	.	.
20325838	T	C	.	.	.
20325849	C	A	.	.	.
20325852	A	G	.	.	.
20325889	A	C	.	.	.
20325896	A	G	.	.	.
20325906	G	A	.	.	.
20325989	C	T	.	.	.
20326116	T	C	.	.	.
20326122	A	C	.	.	.
20326155	A	C	.	.	.
20326192	G	A	.	.	.
20326525	C	G	.	.	.
20326527	T	G	.	.	.
20326857	G	C	.	.	.
20326953	A	T	.	.	.
20326970	T	A	.	.	.
20328087	C	A	.	.	.
20328547	G	A	.	.	.
20328627	C	A	.	.	.
20328785	C	T	.	.	.
20328837	C	A	.	.	.
20328842	T	G	.	.	.
20328848	C	A	.	.	.
20329383	C	G	.	.	.
20329426	G	T	.	.	.
20329526	A	G	.	.	.
20329763	G	A	.	.	.
20329803	C	T	.	.	.
20330119	T	A	.	.	.
20330481	A	G	.	.	.
20330513	C	G	.	.	.
20330605	G	A	.	.	.
20330744	C	T	.	.	.
20330747	A	T	.	.	.
20330764	C	T	.	.	.
20330797	C	G	.	.	.
20330823	C	G	.	.	.
20330899	G	A	.	.	.
20330913	C	T	.	.	.
20331082	T	C	.	.	.
20331099	C	G	.	.	.
20331798	C	T	.	.	.
20332164	T	C	.	.	.
20332165	G	A	.	.	.
20332453	A	G	.	.	.
20332636	G	A	.	.	.
20332806	C	G	.	.	.
20333436	T	A	.	.	.
20333494	C	G	.	.	.
20333495	A	C	.	.	.
20333876	A	C	.	.	.
20334010	T	A	.	.	.
20334073	T	C	.	.	.
20334175	G	A	.	.	.
20334970	A	G	.	.	.
20335224	C	A	.	.	.
20335225	A	G	.	.	.
20335321	T	C	.	.	.
20335414	A	T	.	.	.
20335469	C	T	.	.	.
20335806	G	C	.	.	.
20335815	C	T	.	.	.
20335953	A	G	.	.	.
20335991	C	T	.	.	.
20337155	T	C	.	.	.
20337568	C	T	.	.	.
20338331	T	C	.	.	.
20338364	G	A	.	.	.
20339046	C	G	.	.	.
20339345	G	C	.	.	.
20340271	G	A	.	.	.
20340323	G	A	.	.	.
20340329	T	A	.	.	.
20340348	C	T	.	.	.
20340407	C	G	.	.	.
20340609	G	A	.	.	.
20340990	A	C	.	.	.
20341138	G	A	.	.	.
20341142	G	A	.	.	.
20341154	G	A	.	.	.
20341430	T	A	.	.	.
20341446	C	T	.	.	.
20341918	G	A	.	.	.
20341961	A	T	.	.	.
20341968	C	T	.	.	.
20341977	C	T	.	.	.
20342010	C	G	.	.	.
20342076	C	G	.	.	.
20342103	C	G	.	.	.
20342118	G	C	.	.	.
20342139	C	T	.	.	.
20342145	C	T	.	.	.
20342172	C	T	.	.	.
20342178	T	C	.	.	.
20342193	C	A	.	.	.
20342199	C	T	.	.	.
20342214	G	A	.	.	.
20342234	C	T	.	.	.
20342256	C	G	.	.	.
20342288	A	C	.	.	.
20342335	T	C	.	.	.
20342336	T	C	.	.	.
20342364	G	A	.	.	.
20342370	A	G	.	.	.
20342390	C	G	.	.	.
20342427	G	A	.	.	.
20342547	C	T	.	.	.
20342548	G	A	.	.	.
20342574	C	T	.	.	.
20342678	C	T	.	.	.
20342717	C	T	.	.	.
20343163	C	G	.	.	.
20343182	T	C	.	.	.
20343215	C	T	.	.	.
20343257	C	G	.	.	.
20343491	G	A	.	.	.
20343518	T	C	.	.	.
20343524	C	T	.	.	.
20343528	G	A	.	.	.
20343564	C	G	.	.	.
20345802	C	A	.	.	.
20345859	G	A	.	.	.
20345876	T	A	.	.	.
20345933	T	G	.	.	.
20346229	T	A	.	.	.
20347811	G	C	.	.	.
20348056	G	T	.	.	.
20348332	C	T	.	.	.
20348834	A	T	.	.	.
20348906	G	A	.	.	.
20348995	A	C	.	.	.
20349107	C	A	.	.	.
20349423	T	G	.	.	.
20349568	C	T	.	.	.
20349578	A	G	.	.	.
20349696	G	A	.	.	.
20350021	A	G	.	.	.
20350052	A	G	.	.	.
20350057	A	T	.	.	.
20350075	C	T	.	.	.
20350092	T	C	.	.	.
20350352	T	C	.	.	.
20350934	G	A	.	.	.
20350972	C	T	.	.	.
20351052	G	A	.	.	.
20351142	G	A	.	.	.
20351329	C	T	.	.	.
20351583	C	T	.	.	.
20351704	T	C	.	.	.
20351747	C	T	.	.	.
20351773	A	G	.	.	.
20351792	C	G	.	.	.
20351819	C	T	.	.	.
20351820	G	A	.	.	.
20351893	T	G	.	.	.
20351942	A	G	.	.	.
20353107	C	G	.	.	.
20353108	G	A	.	.	.
20353258	G	A	.	.	.
20353379	T	C	.	.	.
20353381	C	T	.	.	.
20353383	G	A	.	.	.
20353441	G	C	.	.	.
20353475	T	A	.	.	.
20353525	A	C	.	.	.
20353534	G	A	.	.	.
20353600	G	A	.	.	.
20353796	C	T	.	.	.
20353834	A	G	.	.	.
20353872	T	C	.	.	.
20353879	A	G	.	.	.
20353886	A	T	.	.	.
20353959	G	A	.	.	.
20354192	C	T	.	.	.
20354268	T	G	.	.	.
20357911	A	G	.	.	.
20357918	G	C	.	.	.
20358193	A	G	.	.	.
20358288	G	A	.	.	.
20358406	A	C	.	.	.
20358652	G	A	.	.	.
20359070	G	A	.	.	.
20360459	G	C	.	.	.
20360856	G	A	.	.	.
20360881	G	A	.	.	.
20360886	T	C	.	.	.
20360928	T	C	.	.	.
20360974	C	T	.	.	.
20361004	G	A	.	.	.
20361043	C	T	.	.	.
20361065	C	T	.	.	.
20361073	G	A	.	.	.
20361150	A	G	.	.	.
20361211	T	C	.	.	.
20361223	C	T	.	.	.
20361254	C	T	.	.	.
20361277	G	A	.	.	.
20361299	G	A	.	.	.
20361317	C	A	.	.	.
20361375	C	A	.	.	.
20361402	C	A	.	.	.
20361411	C	A	.	.	.
20361417	C	T	.	.	.
20361439	C	T	.	.	.
20361443	G	A	.	.	.
20361455	C	G	.	.	.
20361489	A	T	.	.	.
20361501	A	T	.	.	.
20361524	T	C	.	.	.
20361621	A	C	.	.	.
20361622	A	T	.	.	.
20361646	A	T	.	.	.
20361662	T	C	.	.	.
20361753	C	T	.	.	.
20361757	C	A	.	.	.
20361793	C	T	.	.	.
20362072	A	G	.	.	.
20362444	G	A	.	.	.
20362699	G	C	.	.	.
20362829	A	G	.	.	.
20362844	G	A	.	.	.
20362878	T	G	.	.	.
20362882	G	T	.	.	.
20362925	C	T	.	.	.
20363673	G	A	.	.	.
20363727	A	G	.	.	.
20363730	G	C	.	.	.
20363876	C	T	.	.	.
20363883	G	A	.	.	.
20363895	C	A	.	.	.
20364632	G	A	.	.	.
20366405	G	A	.	.	.
20366428	C	T	.	.	.
20366490	G	A	.	.	.
20367254	G	A	.	.	.
20367362	G	A	.	.	.
20367781	T	C	.	.	.
20367926	A	G	.	.	.
20368008	C	T	.	.	.
20368020	G	A	.	.	.
20368169	G	A	.	.	.
20368264	G	T	.	.	.
20368284	A	G	.	.	.
20368340	A	G	.	.	.
20368387	A	G	.	.	.
20368442	A	G	.	.	.
20368451	T	C	.	.	.
20368455	C	G	.	.	.
20368499	G	A	.	.	.
20368500	G	C	.	.	.
20368501	G	A	.	.	.
20368507	G	A	.	.	.
20368582	G	T	.	.	.
20369014	T	C	.	.	.
20369107	G	A	.	.	.
20369118	G	A	.	.	.
20369211	C	G	.	.	.
20369490	G	C	.	.	.
20369658	G	T	.	.	.
20369791	C	T	.	.	.
20369982	G	A	.	.	.
20370507	A	G	.	.	.
20370620	T	C	.	.	.
20370732	C	T	.	.	.
20370750	G	A	.	.	.
20370791	C	A	.	.	.
20370793	C	G	.	.	.
20371149	A	C	.	.	.
20371156	G	T	.	.	.
20371215	G	A	.	.	.
20371297	A	G	.	.	.
20371354	C	T	.	.	.
20371367	G	C	.	.	.
20371527	G	A	.	.	.
20371570	G	C	.	.	.
20371965	T	C	.	.	.
20374704	C	T	.	.	.
20374705	T	A	.	.	.
20374707	A	T	.	.	.
20374715	G	T	.	.	.
20375542	T	C	.	.	.
20375604	T	C	.	.	.
20375611	C	G	.	.	.
20375652	A	G	.	.	.
20375654	T	C	.	.	.
20375660	T	G	.	.	.
20375663	A	G	.	.	.
20375665	C	T	.	.	.
20375666	G	A	.	.	.
20375671	A	G	.	.	.
20375744	A	G	.	.	.
20375748	A	G	.	.	.
20376198	C	T	.	.	.
20376408	A	G	.	.	.
20376435	G	A	.	.	.
20376436	A	G	.	.	.
20376707	C	A	.	.	.
20376895	G	A	.	.	.
20376962	T	C	.	.	.
20377081	T	C	.	.	.
20377122	G	T	.	.	.
20377251	T	C	.	.	.
20377321	C	T	.	.	.
20377439	T	C	.	.	.
20377457	C	A	.	.	.
20377484	C	T	.	.	.
20377585	C	T	.	.	.
20377592	G	A	.	.	.
20377662	A	G	.	.	.
20378103	C	T	.	.	.
20378199	G	A	.	.	.
20378353	T	C	.	.	.
20378381	C	A	.	.	.
20378438	G	A	.	.	.
20378499	G	C	.	.	.
20378501	G	A	.	.	.
20378504	G	A	.	.	.
20378532	C	A	.	.	.
20378540	G	A	.	.	.
20378550	G	T	.	.	.
20378558	G	C	.	.	.
20378559	A	G	.	.	.
20378565	A	G	.	.	.
20378584	G	T	.	.	.
20378593	A	G	.	.	.
20378645	G	A	.	.	.
20378674	C	G	.	.	.
20378808	T	C	.	.	.
20378835	T	C	.	.	.
20378905	C	T	.	.	.
20378965	T	C	.	.	.
20379793	G	C	.	.	.
20379809	C	T	.	.	.
20379892	G	C	.	.	.
20379904	T	G	.	.	.
20380063	G	A	.	.	.
20380082	G	A	.	.	.
20380392	C	T	.	.	.
20380609	C	T	.	.	.
20380617	T	C	.	.	.
20380645	A	G	.	.	.
20380871	A	G	.	.	.
20380885	T	C	.	.	.
20380927	A	C	.	.	.
20380951	G	C	.	.	.
20381029	C	T	.	.	.
20381089	C	T	.	.	.
20381323	T	A	.	.	.
20381412	G	A	.	.	.
20381526	A	C	.	.	.
20381534	G	A	.	.	.
20381640	C	T	.	.	.
20381646	A	T	.	.	.
20382386	T	C	.	.	.
20382537	C	T	.	.	.
20382604	T	C	.	.	.
20382624	G	A	.	.	.
20382642	G	A	.	.	.
20382645	C	T	.	.	.
20382732	G	A	.	.	.
20382887	C	T	.	.	.
20383052	C	T	.	.	.
20383609	A	G	.	.	.
20383674	C	T	.	.	.
20383703	T	C	.	.	.
20383707	C	G	.	.	.
20383712	G	A	.	.	.
20383720	C	T	.	.	.
20383752	C	T	.	.	.
20383769	C	A	.	.	.
20383793	G	A	.	.	.
20383801	C	T	.	.	.
20383839	A	G	.	.	.
20383863	C	A	.	.	.
20383997	C	T	.	.	.
20384016	T	C	.	.	.
20384064	C	G	.	.	.
20384095	G	A	.	.	.
20384151	C	A	.	.	.
20384206	A	G	.	.	.
20384361	T	C	.	.	.
20384362	G	A	.	.	.
20384363	G	C	.	.	.
20384450	A	G	.	.	.
20384840	C	G	.	.	.
20385008	G	A	.	.	.
20385145	A	G	.	.	.
20385146	T	C	.	.	.
20385200	A	G	.	.	.
20385202	A	G	.	.	.
20385235	C	T	.	.	.
20385320	G	C	.	.	.
20385356	C	T	.	.	.
20385392	A	G	.	.	.
20385422	G	C	.	.	.
20385441	C	T	.	.	.
20385490	C	T	.	.	.
20385587	T	C	.	.	.
20385589	G	A	.	.	.
20385617	G	C	.	.	.
20385750	C	T	.	.	.
20385756	C	T	.	.	.
20385778	T	C	.	.	.
20385783	G	A	.	.	.
20385797	G	A	.	.	.
20385837	C	T	.	.	.
20385845	A	T	.	.	.
20385850	C	A	.	.	.
20385863	T	A	.	.	.
20385933	C	T	.	.	.
20385969	C	T	.	.	.
20385992	G	A	.	.	.
20385996	T	C	.	.	.
20386020	G	A	.	.	.
20386056	C	T	.	.	.
20386295	G	A	.	.	.
20386361	G	T	.	.	.
20386372	G	A	.	.	.
20386486	C	T	.	.	.
20386500	T	C	.	.	.
20386563	G	A	.	.	.
20386583	C	T	.	.	.
20386623	G	A	.	.	.
20386650	C	T	.	.	.
20386700	G	C	.	.	.
20386708	G	A	.	.	.
20386738	T	C	.	.	.
20386758	A	G	.	.	.
20386825	T	C	.	.	.
20386907	C	A	.	.	.
20387201	C	T	.	.	.
20387276	A	G	.	.	.
20387335	C	T	.	.	.
20387831	T	A	.	.	.
20388112	G	A	.	.	.
20388149	G	A	.	.	.
20388212	A	G	.	.	.
20388262	G	A	.	.	.
20388278	G	A	.	.	.
20388374	G	A	.	.	.
20388380	G	A	.	.	.
20388527	C	T	.	.	.
20388638	G	A	.	.	.
20388698	A	C	.	.	.
20389068	G	T	.	.	.
20389942	T	C	.	.	.
20390001	C	G	.	.	.
20390063	T	C	.	.	.
20390126	C	T	.	.	.
20390136	G	A	.	.	.
20390198	A	G	.	.	.
20390252	C	A	.	.	.
20390292	C	A	.	.	.
20390328	G	C	.	.	.
20390417	G	A	.	.	.
20390434	G	A	.	.	.
20390444	A	G	.	.	.
20390449	G	A	.	.	.
20390471	C	T	.	.	.
20390487	T	C	.	.	.
20390490	A	G	.	.	.
20390588	T	A	.	.	.
20390688	G	A	.	.	.
20390711	G	A	.	.	.
20390721	A	G	.	.	.
20390813	G	A	.	.	.
20390984	C	T	.	.	.
20391127	G	A	.	.	.
20391184	C	G	.	.	.
20391761	G	A	.	.	.
20391788	G	A	.	.	.
20391847	C	T	.	.	.
20391872	C	T	.	.	.
20391891	T	C	.	.	.
20391937	T	C	.	.	.
20391952	T	C	.	.	.
20392102	T	C	.	.	.
20392668	T	C	.	.	.
20392984	G	A	.	.	.
20393035	C	A	.	.	.
20393204	T	C	.	.	.
20393215	C	T	.	.	.
20393238	T	C	.	.	.
20393275	G	C	.	.	.
20393279	G	C	.	.	.
20393281	G	A	.	.	.
20393297	C	A	.	.	.
20393335	A	G	.	.	.
20393352	G	A	.	.	.
20393396	G	A	.	.	.
20393413	T	G	.	.	.
20393475	G	A	.	.	.
20393566	A	T	.	.	.
20393585	G	C	.	.	.
20393616	G	T	.	.	.
20393654	A	G	.	.	.
20393701	C	T	.	.	.
20393787	C	T	.	.	.
20393881	C	T	.	.	.
20393919	T	C	.	.	.
20393923	T	G	.	.	.
20394031	T	A	.	.	.
20394038	C	A	.	.	.
20394040	T	C	.	.	.
20394054	G	A	.	.	.
20394070	A	G	.	.	.
20394075	C	A	.	.	.
20394296	C	T	.	.	.
20394326	G	A	.	.	.
20394327	A	G	.	.	.
20394335	C	G	.	.	.
20394383	A	G	.	.	.
20394402	C	A	.	.	.
20394403	T	C	.	.	.
20394502	C	T	.	.	.
20394517	A	T	.	.	.
20394526	C	T	.	.	.
20394537	T	C	.	.	.
20394584	C	T	.	.	.
20394593	C	G	.	.	.
20394630	C	A	.	.	.
20394701	A	G	.	.	.
20394785	T	C	.	.	.
20394866	C	A	.	.	.
20394953	C	T	.	.	.
20394994	A	G	.	.	.
20395128	T	C	.	.	.
20395271	T	C	.	.	.
20395293	C	T	.	.	.
20395773	G	A	.	.	.
20396241	C	T	.	.	.
20396306	G	A	.	.	.
20396428	C	A	.	.	.
20396584	C	T	.	.	.
20396611	C	G	.	.	.
20396614	C	A	.	.	.
20397728	C	T	.	.	.
20397814	C	T	.	.	.
20397868	G	C	.	.	.
20397927	G	A	.	.	.
20398211	A	G	.	.	.
20398238	A	G	.	.	.
20398444	G	A	.	.	.
20398519	C	T	.	.	.
20398536	C	T	.	.	.
20398567	G	A	.	.	.
20399142	G	T	.	.	.
20399411	C	G	.	.	.
20399699	A	C	.	.	.
20399865	G	A	.	.	.
20399868	A	G	.	.	.
20399959	G	C	.	.	.
20400013	G	T	.	.	.
20400016	G	A	.	.	.
20400037	G	A	.	.	.
20400074	T	C	.	.	.
20400075	C	G	.	.	.
20400103	G	A	.	.	.
20400114	G	A	.	.	.
20400164	G	A	.	.	.
20400353	A	T	.	.	.
20400371	G	A	.	.	.
20400613	G	A	.	.	.
20400682	T	C	.	.	.
20400716	T	C	.	.	.
20400882	C	G	.	.	.
20400904	G	A	.	.	.
20400907	C	T	.	.	.
20400910	A	C	.	.	.
20400929	G	T	.	.	.
20400940	C	T	.	.	.
20400954	G	A	.	.	.
20400969	A	G	.	.	.
20400973	T	G	.	.	.
20401066	T	C	.	.	.
20401090	C	T	.	.	.
20401419	C	T	.	.	.
20401548	G	A	.	.	.
20401573	G	A	.	.	.
20401620	C	T	.	.	.
20401719	C	T	.	.	.
20402134	G	A	.	.	.
20402151	T	G	.	.	.
20402156	C	T	.	.	.
20402192	G	A	.	.	.
20402269	G	T	.	.	.
20402305	G	A	.	.	.
20402316	G	A	.	.	.
20402341	A	G	.	.	.
20402366	G	A	.	.	.
20402387	G	A	.	.	.
20402404	C	G	.	.	.
20402485	G	A	.	.	.
20402634	G	A	.	.	.
20402650	A	G	.	.	.
20402671	C	G	.	.	.
20402934	G	A	.	.	.
20403013	C	T	.	.	.
20404091	G	A	.	.	.
20404114	C	G	.	.	.
20404121	C	T	.	.	.
20405237	G	A	.	.	.
20406011	T	C	.	.	.
20406251	T	C	.	.	.
20406308	T	A	.	.	.
20406323	C	T	.	.	.
20406577	G	A	.	.	.
20406579	G	A	.	.	.
20406630	A	G	.	.	.
20406794	A	G	.	.	.
20406968	T	C	.	.	.
20407333	A	G	.	.	.
20407352	G	A	.	.	.
20408117	C	T	.	.	.
20409611	C	G	.	.	.
20409626	C	T	.	.	.
20411650	A	C	.	.	.
20411670	T	C	.	.	.
20411704	G	A	.	.	.
20411798	C	T	.	.	.
20412187	T	A	.	.	.
20412486	T	C	.	.	.
20412902	C	T	.	.	.
20412903	A	G	.	.	.
20412982	A	G	.	.	.
20413024	G	A	.	.	.
20413282	G	A	.	.	.
20413301	A	C	.	.	.
20413860	A	G	.	.	.
20413934	G	A	.	.	.
20414041	C	T	.	.	.
20414085	C	T	.	.	.
20414098	C	T	.	.	.
20414158	T	C	.	.	.
20414223	T	G	.	.	.
20414418	T	C	.	.	.
20414436	C	T	.	.	.
20414559	C	T	.	.	.
20414604	G	A	.	.	.
20414653	A	C	.	.	.
20414706	C	T	.	.	.
20414824	T	A	.	.	.
20414836	A	T	.	.	.
20415085	C	G	.	.	.
20415368	G	T	.	.	.
20415427	C	A	.	.	.
20416485	G	A	.	.	.
20416503	T	G	.	.	.
20418722	A	C	.	.	.
20418785	C	T	.	.	.
20418807	C	G	.	.	.
20418876	A	G	.	.	.
20418957	G	C	.	.	.
20419023	A	C	.	.	.
20419226	G	A	.	.	.
20419243	G	A	.	.	.
20419419	C	T	.	.	.
20419711	G	A	.	.	.
20420540	G	A	.	.	.
20420557	A	C	.	.	.
20421156	T	C	.	.	.
20421290	T	C	.	.	.
20421530	C	T	.	.	.
20421552	C	T	.	.	.
20421613	C	T	.	.	.
20421817	C	G	.	.	.
20421897	T	C	.	.	.
20422567	A	G	.	.	.
20423298	C	A	.	.	.
20423526	C	A	.	.	.
20423557	C	T	.	.	.
20423568	T	G	.	.	.
20423694	G	C	.	.	.
20423802	C	T	.	.	.
20423808	G	A	.	.	.
20423887	C	G	.	.	.
20424756	A	G	.	.	.
20424802	C	A	.	.	.
20426624	T	G	.	.	.
20428725	A	C	.	.	.
20430300	T	A	.	.	.
20430563	T	C	.	.	.
20430625	G	A	.	.	.
20430718	A	C	.	.	.
20431156	G	T	.	.	.
20431233	C	T	.	.	.
20431416	C	T	.	.	.
20431477	G	A	.	.	.
20431658	T	C	.	.	.
20431661	G	A	.	.	.
20432173	T	C	.	.	.
20432451	A	G	.	.	.
20432571	A	G	.	.	.
20432733	A	T	.	.	.
20432778	A	G	.	.	.
20433013	G	A	.	.	.
20433150	A	T	.	.	.
20433345	C	T	.	.	.
20434269	T	A	.	.	.
20435590	G	A	.	.	.
20436162	C	T	.	.	.
20436196	C	A	.	.	.
20436201	C	G	.	.	.
20436777	A	T	.	.	.
20436788	T	C	.	.	.
20437004	T	A	.	.	.
20437015	T	A	.	.	.
20438372	G	T	.	.	.
20438379	C	T	.	.	.
20438402	G	A	.	.	.
20438403	C	A	.	.	.
20438710	G	A	.	.	.
20438733	T	C	.	.	.
20439027	A	G	.	.	.
20439157	G	T	.	.	.
20439549	C	T	.	.	.
20440173	T	A	.	.	.
20441490	A	C	.	.	.
20441549	A	C	.	.	.
20441837	T	C	.	.	.
20442237	G	T	.	.	.
20445091	C	G	.	.	.
20445100	C	T	.	.	.
20445178	C	T	.	.	.
20445205	C	A	.	.	.
20445214	C	T	.	.	.
20447582	G	T	.	.	.
20447611	G	A	.	.	.
20447833	C	A	.	.	.
20447861	G	A	.	.	.
20447922	C	T	.	.	.
20447986	T	C	.	.	.
20448062	C	A	.	.	.
20448124	A	G	.	.	.
20448458	T	A	.	.	.
20448501	G	T	.	.	.
20448807	A	G	.	.	.
20448825	A	T	.	.	.
20448834	A	T	.	.	.
20448853	C	T	.	.	.
20449043	A	G	.	.	.
20449100	A	G	.	.	.
20449384	A	G	.	.	.
20449546	G	A	.	.	.
20450101	G	A	.	.	.
20450217	A	G	.	.	.
20451657	C	T	.	.	.
20451775	C	T	.	.	.
20451794	T	C	.	.	.
20452441	C	T	.	.	.
20452442	G	C	.	.	.
20452873	A	G	.	.	.
20454254	C	T	.	.	.
20454582	C	T	.	.	.
20455204	G	A	.	.	.
20455218	G	C	.	.	.
20456634	G	A	.	.	.
20456765	G	A	.	.	.
20456920	G	C	.	.	.
20457062	C	T	.	.	.
20457076	C	T	.	.	.
20457150	C	T	.	.	.
20457170	C	T	.	.	.
20457171	G	A	.	.	.
20457189	A	G	.	.	.
20457203	C	T	.	.	.
20457310	C	T	.	.	.
20457348	G	A	.	.	.
20457383	G	T	.	.	.
20457734	G	A	.	.	.
20457784	G	A	.	.	.
20457789	A	G	.	.	.
20457803	T	C	.	.	.
20457835	G	T	.	.	.
20457837	C	T	.	.	.
20457884	C	T	.	.	.
20457905	G	A	.	.	.
20457909	A	G	.	.	.
20457930	G	A	.	.	.
20457933	G	A	.	.	.
20457967	A	G	.	.	.
20457980	G	A	.	.	.
20457996	G	C	.	.	.
20458004	G	A	.	.	.
20458015	C	T	.	.	.
20458016	G	A	.	.	.
20458035	C	T	.	.	.
20458037	G	A	.	.	.
20458044	G	A	.	.	.
20458072	G	A	.	.	.
20458077	G	A	.	.	.
20458090	G	T	.	.	.
20458145	G	A	.	.	.
20458158	G	A	.	.	.
20458161	G	A	.	.	.
20458164	C	T	.	.	.
20458201	G	A	.	.	.
20458216	C	T	.	.	.
20458232	C	T	.	.	.
20458235	C	A	.	.	.
20458331	C	G	.	.	.
20458333	C	G	.	.	.
20458339	G	T	.	.	.
20458390	C	T	.	.	.
20458407	C	T	.	.	.
20458433	C	T	.	.	.
20458439	C	T	.	.	.
20458460	C	G	.	.	.
20458467	G	T	.	.	.
20458473	C	T	.	.	.
20458520	C	T	.	.	.
20458527	A	C	.	.	.
20458538	G	T	.	.	.
20458551	T	C	.	.	.
20458609	G	A	.	.	.
20458633	G	A	.	.	.
20458646	G	A	.	.	.
20458685	C	A	.	.	.
20459512	C	T	.	.	.
20459533	T	C	.	.	.
20459599	C	T	.	.	.
20460013	C	A	.	.	.
20460057	C	T	.	.	.
20460092	C	T	.	.	.
20461065	C	G	.	.	.
20461131	C	T	.	.	.
20461916	T	G	.	.	.
20461952	C	T	.	.	.
20461966	C	G	.	.	.
20462033	G	T	.	.	.
20462251	C	T	.	.	.
20462285	C	T	.	.	.
20462490	C	T	.	.	.
20462549	C	T	.	.	.
20462855	T	C	.	.	.
20462869	G	A	.	.	.
20463207	T	C	.	.	.
20463316	G	C	.	.	.
20463375	G	T	.	.	.
20463420	C	T	.	.	.
20463465	C	T	.	.	.
20464318	G	A	.	.	.
20464665	T	A	.	.	.
20464948	G	C	.	.	.
20465130	G	C	.	.	.
20465275	A	G	.	.	.
20465809	T	C	.	.	.
20465815	A	G	.	.	.
20465977	C	T	.	.	.
20466461	C	T	.	.	.
20466571	A	C	.	.	.
20466602	G	A	.	.	.
20466680	A	G	.	.	.
20466862	G	A	.	.	.
20466890	A	C	.	.	.
20466893	A	C	.	.	.
20466896	C	A	.	.	.
20466907	C	A	.	.	.
20466939	A	T	.	.	.
20466946	T	C	.	.	.
20466985	C	T	.	.	.
20466993	G	T	.	.	.
20467267	C	A	.	.	.
20467320	C	T	.	.	.
20467324	A	T	.	.	.
20467335	A	C	.	.	.
20467392	C	T	.	.	.
20467393	G	A	.	.	.
20467447	A	G	.	.	.
20467531	C	A	.	.	.
20467619	T	C	.	.	.
20467690	C	T	.	.	.
20467715	G	A	.	.	.
20467765	C	A	.	.	.
20467780	T	C	.	.	.
20467874	T	G	.	.	.
20468502	G	C	.	.	.
20468674	T	C	.	.	.
20468729	T	G	.	.	.
20468938	G	C	.	.	.
20468977	C	T	.	.	.
20469497	C	T	.	.	.
20469660	A	G	.	.	.
20469982	C	G	.	.	.
20470009	A	G	.	.	.
20470197	C	T	.	.	.
20470573	T	C	.	.	.
20470616	T	G	.	.	.
20470951	C	T	.	.	.
20471040	A	G	.	.	.
20471236	T	C	.	.	.
20471438	T	A	.	.	.
20471504	A	G	.	.	.
20471535	A	G	.	.	.
20471568	C	T	.	.	.
20471611	A	T	.	.	.
20471729	G	A	.	.	.
20471784	A	C	.	.	.
20471819	C	T	.	.	.
20471888	T	A	.	.	.
20471978	G	A	.	.	.
20472041	C	T	.	.	.
20472135	C	T	.	.	.
20472202	T	C	.	.	.
20472216	G	C	.	.	.
20472247	C	T	.	.	.
20472301	T	C	.	.	.
20472321	T	A	.	.	.
20472399	C	G	.	.	.
20472631	G	A	.	.	.
20472838	C	T	.	.	.
20473006	G	C	.	.	.
20473045	C	T	.	.	.
20473051	C	T	.	.	.
20473052	C	T	.	.	.
20473066	G	A	.	.	.
20473192	C	T	.	.	.
20473196	C	T	.	.	.
20473215	G	A	.	.	.
20473230	G	A	.	.	.
20473301	A	T	.	.	.
20473304	C	T	.	.	.
20473418	A	G	.	.	.
20473421	G	T	.	.	.
20473464	G	A	.	.	.
20473481	C	T	.	.	.
20473576	G	A	.	.	.
20473625	C	T	.	.	.
20473982	T	A	.	.	.
20474554	G	A	.	.	.
20474593	T	C	.	.	.
20474614	A	G	.	.	.
20474859	C	T	.	.	.
20474861	G	A	.	.	.
20474933	C	G	.	.	.
20474992	T	C	.	.	.
20475021	G	A	.	.	.
20475047	G	T	.	.	.
20475050	T	C	.	.	.
20475056	G	C	.	.	.
20475059	C	T	.	.	.
20475112	G	A	.	.	.
20475215	G	A	.	.	.
20475264	G	A	.	.	.
20475292	C	T	.	.	.
20475719	G	T	.	.	.
20475801	G	A	.	.	.
20475878	G	T	.	.	.
20477378	G	T	.	.	.
20477424	C	T	.	.	.
20477448	A	G	.	.	.
20477482	T	C	.	.	.
20477545	C	T	.	.	.
20477556	C	T	.	.	.
20477571	G	A	.	.	.
20477835	A	G	.	.	.
20478133	G	C	.	.	.
20478155	G	A	.	.	.
20478436	G	T	.	.	.
20478586	C	T	.	.	.
20478642	C	T	.	.	.
20478749	C	T	.	.	.
20478750	G	A	.	.	.
20479022	T	C	.	.	.
20479122	C	T	.	.	.
20479175	C	T	.	.	.
20479194	A	G	.	.	.
20479219	A	G	.	.	.
20479336	C	T	.	.	.
20479569	T	G	.	.	.
20480563	G	A	.	.	.
20480574	T	C	.	.	.
20480594	G	A	.	.	.
20480596	C	T	.	.	.
20480602	C	T	.	.	.
20481076	C	T	.	.	.
20481179	A	G	.	.	.
20481195	C	T	.	.	.
20481201	C	T	.	.	.
20481210	C	G	.	.	.
20481324	G	T	.	.	.
20481334	C	T	.	.	.
20481341	C	T	.	.	.
20481342	G	A	.	.	.
20481360	C	T	.	.	.
20481389	C	T	.	.	.
20481410	C	T	.	.	.
20481432	G	C	.	.	.
20481682	G	A	.	.	.
20481831	G	C	.	.	.
20481951	G	A	.	.	.
20482037	C	G	.	.	.
20482043	C	G	.	.	.
20482044	C	G	.	.	.
20482048	C	G	.	.	.
20482446	G	C	.	.	.
20482480	G	A	.	.	.
20484723	G	C	.	.	.
20484770	G	A	.	.	.
20484806	G	A	.	.	.
20485391	G	A	.	.	.
20485819	C	T	.	.	.
20486305	A	G	.	.	.
20486326	G	A	.	.	.
20486336	C	T	.	.	.
20486381	G	A	.	.	.
20486608	T	C	.	.	.
20486641	A	G	.	.	.
20486653	A	C	.	.	.
20486678	G	A	.	.	.
20486708	C	T	.	.	.
20486827	G	C	.	.	.
20486836	A	G	.	.	.
20486885	G	A	.	.	.
20486914	A	G	.	.	.
20486983	G	T	.	.	.
20487000	C	T	.	.	.
20487031	C	T	.	.	.
20487056	C	A	.	.	.
20487066	A	T	.	.	.
20487086	C	A	.	.	.
20487133	A	T	.	.	.
20487186	C	T	.	.	.
20487258	G	A	.	.	.
20487262	G	T	.	.	.
20487295	C	T	.	.	.
20487313	T	C	.	.	.
20487347	G	T	.	.	.
20487351	A	G	.	.	.
20487367	C	T	.	.	.
20487421	C	A	.	.	.
20487555	C	T	.	.	.
20487949	G	C	.	.	.
20487966	G	A	.	.	.
20488001	C	T	.	.	.
20488608	G	A	.	.	.
20488614	G	A	.	.	.
20488645	G	C	.	.	.
20488658	G	A	.	.	.
20488692	G	A	.	.	.
20488778	G	C	.	.	.
20488845	T	G	.	.	.
20488925	T	C	.	.	.
20488957	C	G	.	.	.
20488958	C	G	.	.	.
20488962	A	C	.	.	.
20489030	C	T	.	.	.
20489035	A	G	.	.	.
20489062	C	T	.	.	.
20489121	C	T	.	.	.
20489180	G	A	.	.	.
20489202	G	A	.	.	.
20489219	G	A	.	.	.
20489260	A	G	.	.	.
20489343	G	A	.	.	.
20489383	A	G	.	.	.
20489402	G	C	.	.	.
20489456	G	A	.	.	.
20489460	G	A	.	.	.
20489537	G	A	.	.	.
20489579	T	C	.	.	.
20489712	C	T	.	.	.
20490128	C	A	.	.	.
20490203	G	C	.	.	.
20490223	C	A	.	.	.
20490266	A	C	.	.	.
20490327	C	T	.	.	.
20490447	T	G	.	.	.
20490461	G	A	.	.	.
20490507	A	T	.	.	.
20490568	C	A	.	.	.
20490661	G	C	.	.	.
20490712	T	G	.	.	.
20490889	C	A	.	.	.
20490948	C	T	.	.	.
20490949	G	A	.	.	.
20490953	G	C	.	.	.
20491060	A	G	.	.	.
20491374	C	G	.	.	.
20491380	A	G	.	.	.
20491456	G	T	.	.	.
20491570	C	T	.	.	.
20491572	C	T	.	.	.
20491594	C	T	.	.	.
20491726	C	T	.	.	.
20491805	C	T	.	.	.
20491806	A	G	.	.	.
20492202	C	T	.	.	.
20492578	T	C	.	.	.
20492634	A	G	.	.	.
20492647	C	T	.	.	.
20492670	G	A	.	.	.
20492850	A	G	.	.	.
20492962	A	G	.	.	.
20493176	A	G	.	.	.
20493186	G	C	.	.	.
20493240	G	A	.	.	.
20493259	G	T	.	.	.
20493415	C	T	.	.	.
20493798	C	T	.	.	.
20494062	G	T	.	.	.
20494065	T	C	.	.	.
20495705	A	G	.	.	.
20496367	G	A	.	.	.
20497349	C	T	.	.	.
20497422	G	C	.	.	.
20498695	A	T	.	.	.
20498721	T	G	.	.	.
20499048	T	G	.	.	.
20499061	T	A	.	.	.
20499088	C	T	.	.	.
20499296	G	C	.	.	.
20499475	C	G	.	.	.
20499488	T	C	.	.	.
20499510	C	T	.	.	.
20499738	G	A	.	.	.
20499750	A	G	.	.	.
20499760	G	A	.	.	.
20499776	C	G	.	.	.
20499839	C	T	.	.	.
20499869	G	A	.	.	.
20499914	G	A	.	.	.
20499919	T	C	.	.	.
20499924	C	T	.	.	.
20499947	C	T	.	.	.
20499994	A	G	.	.	.
20500042	C	T	.	.	.
20501519	C	T	.	.	.
20501541	C	T	.	.	.
20501553	C	A	.	.	.
20501631	G	A	.	.	.
20502346	C	G	.	.	.
20502382	T	C	.	.	.
20502440	G	A	.	.	.
20502474	G	T	.	.	.
20502476	G	A	.	.	.
20502477	T	C	.	.	.
20502561	T	C	.	.	.
20502598	G	T	.	.	.
20502683	A	G	.	.	.
20502701	T	G	.	.	.
20502719	C	G	.	.	.
20502771	T	G	.	.	.
20502805	C	G	.	.	.
20502806	G	T	.	.	.
20502846	C	T	.	.	.
20502870	C	T	.	.	.
20502892	C	T	.	.	.
20502899	G	A	.	.	.
20502957	A	G	.	.	.
20503002	A	G	.	.	.
20503032	C	G	.	.	.
20503047	G	A	.	.	.
20503051	G	C	.	.	.
20503184	G	A	.	.	.
20503213	C	T	.	.	.
20503222	G	C	.	.	.
20503359	C	A	.	.	.
20503436	C	G	.	.	.
20503437	C	G	.	.	.
20503446	C	T	.	.	.
20503488	G	A	.	.	.
20505468	C	T	.	.	.
20505652	C	T	.	.	.
20505673	C	T	.	.	.
20505677	C	T	.	.	.
20505740	T	A	.	.	.
20505868	G	T	.	.	.
20507786	C	A	.	.	.
20507901	A	C	.	.	.
20508015	C	T	.	.	.
20508041	G	A	.	.	.
20508093	G	A	.	.	.
20508235	C	T	.	.	.
20508292	T	A	.	.	.
20508425	T	C	.	.	.
20508463	C	T	.	.	.
20508497	A	G	.	.	.
20508516	G	T	.	.	.
20508531	C	T	.	.	.
20508639	A	G	.	.	.
20508676	T	C	.	.	.
20508681	C	T	.	.	.
20508741	T	G	.	.	.
20508978	A	T	.	.	.
20508981	A	G	.	.	.
20508983	T	A	.	.	.
20508984	A	G	.	.	.
20509038	T	C	.	.	.
20509075	G	C	.	.	.
20509125	A	T	.	.	.
20509126	T	C	.	.	.
20609618	A	G	.	.	.
20609664	C	T	.	.	.
20609767	C	T	.	.	.
20610444	C	T	.	.	.
20610483	G	A	.	.	.
20610505	G	A	.	.	.
20610519	G	A	.	.	.
20610637	G	A	.	.	.
20611357	G	A	.	.	.
20611394	A	T	.	.	.
20611422	G	C	.	.	.
20611780	C	G	.	.	.
20611797	C	T	.	.	.
20611842	C	A	.	.	.
20611964	A	G	.	.	.
20612035	G	A	.	.	.
20612056	T	C	.	.	.
20612115	A	C	.	.	.
20612171	C	A	.	.	.
20612358	A	G	.	.	.
20612962	G	C	.	.	.
20613310	G	A	.	.	.
20613396	C	T	.	.	.
20613429	C	G	.	.	.
20613589	C	G	.	.	.
20613683	C	G	.	.	.
20613738	T	G	.	.	.
20614092	C	T	.	.	.
20614104	C	T	.	.	.
20614115	C	T	.	.	.
20614126	C	T	.	.	.
20614521	T	G	.	.	.
20614814	T	C	.	.	.
20614831	A	G	.	.	.
20614837	G	A	.	.	.
20614839	T	G	.	.	.
20614868	G	A	.	.	.
20614887	G	A	.	.	.
20614898	G	A	.	.	.
20614900	C	T	.	.	.
20616503	T	C	.	.	.
20616504	G	T	.	.	.
20616508	G	A	.	.	.
20617389	T	A	.	.	.
20617390	T	A	.	.	.
20617633	T	G	.	.	.
20617641	G	A	.	.	.
20617814	G	C	.	.	.
20617838	G	A	.	.	.
20621231	T	C	.	.	.
20621268	G	A	.	.	.
20623122	C	T	.	.	.
20623141	A	G	.	.	.
20623152	A	G	.	.	.
20623186	A	G	.	.	.
20623199	A	T	.	.	.
20623400	C	T	.	.	.
20623935	A	G	.	.	.
20624062	C	T	.	.	.
20624109	C	T	.	.	.
20624132	A	G	.	.	.
20625023	C	T	.	.	.
20625362	A	C	.	.	.
20625429	T	C	.	.	.
20625762	G	A	.	.	.
20626106	A	G	.	.	.
20626129	C	A	.	.	.
20626207	G	A	.	.	.
20626390	C	G	.	.	.
20626417	T	G	.	.	.
20626469	C	A	.	.	.
20626472	G	A	.	.	.
20626496	G	A	.	.	.
20626630	G	C	.	.	.
20626635	G	A	.	.	.
20626660	A	G	.	.	.
20626664	A	G	.	.	.
20626670	T	A	.	.	.
20626732	C	G	.	.	.
20626759	G	A	.	.	.
20626760	C	T	.	.	.
20626761	G	A	.	.	.
20626892	C	T	.	.	.
20626952	C	G	.	.	.
20626954	G	A	.	.	.
20626962	A	G	.	.	.
20626976	T	C	.	.	.
20627040	A	G	.	.	.
20627062	C	T	.	.	.
20627071	A	G	.	.	.
20627116	G	C	.	.	.
20627183	G	A	.	.	.
20627187	C	T	.	.	.
20627209	G	T	.	.	.
20627218	C	A	.	.	.
20627222	C	A	.	.	.
20627265	A	G	.	.	.
20627274	A	G	.	.	.
20627288	C	T	.	.	.
20627338	G	C	.	.	.
20627356	A	G	.	.	.
20627361	T	C	.	.	.
20627363	C	T	.	.	.
20627375	G	A	.	.	.
20627392	T	C	.	.	.
20627412	G	C	.	.	.
20627414	A	C	.	.	.
20627430	G	C	.	.	.
20627440	G	A	.	.	.
20627495	G	A	.	.	.
20627501	G	A	.	.	.
20627527	C	A	.	.	.
20627541	C	G	.	.	.
20627612	G	A	.	.	.
20627626	C	T	.	.	.
20627661	C	A	.	.	.
20627675	C	G	.	.	.
20627756	C	T	.	.	.
20627822	A	G	.	.	.
20627874	C	A	.	.	.
20627903	T	C	.	.	.
20627996	C	T	.	.	.
20628050	T	C	.	.	.
20628051	G	A	.	.	.
20628055	G	A	.	.	.
20628062	C	T	.	.	.
20628096	A	T	.	.	.
20628303	T	A	.	.	.
20628336	T	C	.	.	.
20628346	G	C	.	.	.
20628359	A	G	.	.	.
20629019	T	G	.	.	.
20629048	G	A	.	.	.
20629050	T	C	.	.	.
20629063	C	T	.	.	.
20629098	T	C	.	.	.
20629154	G	A	.	.	.
20629157	C	T	.	.	.
20629225	G	T	.	.	.
20629332	G	A	.	.	.
20629387	G	A	.	.	.
20630382	A	C	.	.	.
20630386	A	C	.	.	.
20630387	A	C	.	.	.
20630500	G	A	.	.	.
20630612	A	C	.	.	.
20630754	T	A	.	.	.
20630760	G	A	.	.	.
20630780	C	T	.	.	.
20630923	A	C	.	.	.
20630947	G	A	.	.	.
20630977	G	A	.	.	.
20634835	C	T	.	.	.
20638850	G	A	.	.	.
20639002	G	C	.	.	.
20639013	T	G	.	.	.
20639014	G	C	.	.	.
20639047	G	A	.	.	.
20639052	C	T	.	.	.
20639101	C	G	.	.	.
20639156	G	A	.	.	.
20639157	T	C	.	.	.
20639184	T	C	.	.	.
20639230	A	G	.	.	.
20639233	C	T	.	.	.
20639269	T	C	.	.	.
20639271	T	C	.	.	.
20639288	G	C	.	.	.
20639314	G	A	.	.	.
20639324	G	A	.	.	.
20639332	T	A	.	.	.
20639337	C	T	.	.	.
20639368	G	A	.	.	.
20639373	C	T	.	.	.
20639413	G	A	.	.	.
20639421	C	T	.	.	.
20639449	T	A	.	.	.
20639503	T	C	.	.	.
20639512	A	G	.	.	.
20639528	C	T	.	.	.
20639529	G	A	.	.	.
20639571	C	T	.	.	.
20639584	C	T	.	.	.
20639586	C	G	.	.	.
20639588	C	G	.	.	.
20639589	C	T	.	.	.
20639629	C	T	.	.	.
20639630	C	T	.	.	.
20639729	C	T	.	.	.
20639734	T	A	.	.	.
20639760	G	A	.	.	.
20639782	G	T	.	.	.
20639820	T	C	.	.	.
20639832	C	T	.	.	.
20639874	T	C	.	.	.
20639877	C	T	.	.	.
20639883	G	C	.	.	.
20639895	C	T	.	.	.
20639902	G	A	.	.	.
20639953	A	G	.	.	.
20639971	G	A	.	.	.
20639975	T	G	.	.	.
20639986	C	T	.	.	.
20639994	G	A	.	.	.
20639999	C	T	.	.	.
20640005	C	T	.	.	.
20640033	G	A	.	.	.
20640044	C	T	.	.	.
20640051	C	A	.	.	.
20640060	G	A	.	.	.
20640066	G	A	.	.	.
20640068	G	T	.	.	.
20640074	C	T	.	.	.
20640079	A	G	.	.	.
20640082	A	T	.	.	.
20640100	A	G	.	.	.
20640114	C	T	.	.	.
20640122	G	A	.	.	.
20640147	C	T	.	.	.
20640154	A	G	.	.	.
20640193	G	A	.	.	.
20640201	T	G	.	.	.
20640202	G	A	.	.	.
20640211	G	A	.	.	.
20640222	C	T	.	.	.
20640230	G	A	.	.	.
20640232	G	A	.	.	.
20640249	C	T	.	.	.
20640276	C	T	.	.	.
20640277	G	A	.	.	.
20640285	C	T	.	.	.
20640291	C	T	.	.	.
20640292	G	A	.	.	.
20640297	C	T	.	.	.
20640375	A	G	.	.	.
20640381	G	A	.	.	.
20640411	C	G	.	.	.
20640413	G	A	.	.	.
20640439	G	A	.	.	.
20640462	T	C	.	.	.
20640490	A	G	.	.	.
20640505	G	A	.	.	.
20640507	C	T	.	.	.
20640509	G	T	.	.	.
20640510	C	T	.	.	.
20640511	T	G	.	.	.
20640512	T	C	.	.	.
20640539	T	C	.	.	.
20640548	T	C	.	.	.
20640559	A	G	.	.	.
20640606	C	T	.	.	.
20640612	T	C	.	.	.
20640623	C	T	.	.	.
20640635	C	T	.	.	.
20640661	G	C	.	.	.
20640662	C	T	.	.	.
20640669	G	A	.	.	.
20640696	G	A	.	.	.
20640714	A	G	.	.	.
20640717	A	G	.	.	.
20640732	A	G	.	.	.
20640739	T	C	.	.	.
20640750	G	A	.	.	.
20640756	G	A	.	.	.
20640759	G	A	.	.	.
20640770	C	G	.	.	.
20640786	G	A	.	.	.
20640798	G	A	.	.	.
20640824	C	T	.	.	.
20640836	C	A	.	.	.
20640846	G	A	.	.	.
20640862	G	A	.	.	.
20640868	T	A	.	.	.
20640891	G	A	.	.	.
20640900	G	T	.	.	.
20640901	T	C	.	.	.
20640920	C	T	.	.	.
20640932	C	T	.	.	.
20640933	G	A	.	.	.
20640980	C	T	.	.	.
20641051	A	G	.	.	.
20641090	G	A	.	.	.
20641109	C	T	.	.	.
20641150	G	A	.	.	.
20641151	G	T	.	.	.
20641459	G	T	.	.	.
20641735	C	T	.	.	.
20641742	T	C	.	.	.
20641782	T	A	.	.	.
20641867	T	G	.	.	.
20641924	A	G	.	.	.
20642445	G	T	.	.	.
20642518	T	C	.	.	.
20642523	C	T	.	.	.
20642538	G	C	.	.	.
20642543	G	C	.	.	.
20642599	G	T	.	.	.
20642624	C	T	.	.	.
20643649	C	T	.	.	.
20643678	A	C	.	.	.
20645520	A	G	.	.	.
20645524	C	G	.	.	.
20645569	T	C	.	.	.
20646847	A	G	.	.	.
20646865	T	C	.	.	.
20646866	G	A	.	.	.
20646913	G	A	.	.	.
20647020	A	G	.	.	.
20647134	A	G	.	.	.
20647724	A	C	.	.	.
20647731	C	T	.	.	.
20647756	G	C	.	.	.
20647777	A	T	.	.	.
20647783	C	T	.	.	.
20647833	C	A	.	.	.
20647887	T	C	.	.	.
20650772	C	A	.	.	.
20650816	G	A	.	.	.
20650831	T	G	.	.	.
20650840	A	G	.	.	.
20650914	C	T	.	.	.
20650955	T	C	.	.	.
20650969	C	A	.	.	.
20651048	A	G	.	.	.
20651355	T	G	.	.	.
20651380	T	C	.	.	.
20651571	C	T	.	.	.
20651753	G	A	.	.	.
20651882	G	T	.	.	.
20652013	G	T	.	.	.
20652015	A	T	.	.	.
20652036	T	C	.	.	.
20652086	G	C	.	.	.
20652088	G	T	.	.	.
20652368	C	A	.	.	.
20652378	C	A	.	.	.
20652388	C	G	.	.	.
20652658	C	T	.	.	.
20653099	C	T	.	.	.
20653101	G	C	.	.	.
20653139	G	A	.	.	.
20653266	G	A	.	.	.
20653311	T	C	.	.	.
20653431	A	G	.	.	.
20653434	A	T	.	.	.
20653537	C	A	.	.	.
20653695	C	G	.	.	.
20653709	G	A	.	.	.
20655306	G	A	.	.	.
20655792	A	T	.	.	.
20655820	C	A	.	.	.
20655853	A	G	.	.	.
20655875	G	C	.	.	.
20655905	T	C	.	.	.
20655910	T	G	.	.	.
20655919	T	C	.	.	.
20655932	A	T	.	.	.
20655958	T	C	.	.	.
20656391	T	C	.	.	.
20656399	C	G	.	.	.
20656438	C	T	.	.	.
20656806	C	G	.	.	.
20656825	A	T	.	.	.
20656841	C	T	.	.	.
20656976	C	T	.	.	.
20657057	T	C	.	.	.
20657058	A	G	.	.	.
20657059	A	G	.	.	.
20657061	T	G	.	.	.
20657078	A	G	.	.	.
20657080	A	C	.	.	.
20657081	G	T	.	.	.
20657082	T	C	.	.	.
20657099	T	A	.	.	.
20657100	A	T	.	.	.
20657214	G	T	.	.	.
20657227	T	C	.	.	.
20657258	C	A	.	.	.
20657262	G	C	.	.	.
20657336	G	A	.	.	.
20657345	C	G	.	.	.
20657381	A	T	.	.	.
20657402	T	C	.	.	.
20657519	C	G	.	.	.
20657563	G	A	.	.	.
20657602	T	C	.	.	.
20657611	A	T	.	.	.
20657629	C	G	.	.	.
20657642	G	C	.	.	.
20657646	G	C	.	.	.
20657762	A	G	.	.	.
20657763	G	A	.	.	.
20657764	T	G	.	.	.
20657767	A	C	.	.	.
20657769	G	A	.	.	.
20657772	G	T	.	.	.
20657818	C	G	.	.	.
20658150	C	A	2	2	.
20658156	C	T	2	2	.
20658165	G	T	2	.	.
20658375	G	A	2	.	.
20658435	C	T	.	.	.
20658495	T	G	.	.	.
20658620	C	A	.	.	.
20658775	A	G	.	.	.
20658796	G	T	.	.	.
20658924	T	C	.	.	.
20658958	A	C	.	.	.
20659016	T	G	.	.	.
20659068	A	T	.	.	.
20659120	T	A	.	.	.
20659158	A	G	.	.	.
20659274	A	G	.	.	.
20659284	T	C	.	.	.
20659321	A	G	.	.	.
20659332	A	G	.	.	.
20659406	C	T	0	0	.
20659423	A	G	0	0	.
20659448	C	T	2	2	.
20659499	G	A	.	.	.
20659522	A	G	.	.	.
20659557	C	A	.	.	.
20659597	G	A	0	0	0
20659604	G	T	.	.	.
20659607	G	C	.	.	.
20659613	G	C	.	.	.
20659636	C	T	.	.	.
20659637	C	A	.	.	.
20659639	C	G	.	.	.
20659664	C	A	.	.	.
20659705	C	T	.	.	.
20659727	A	C	.	.	.
20659733	C	T	.	.	.
20659747	C	G	.	.	.
20659751	C	T	.	.	.
20659752	C	T	.	.	.
20659770	C	A	.	.	.
20659777	C	G	.	.	.
20659778	C	G	.	.	.
20659805	G	A	.	.	.
20659814	G	T	.	.	.
20659841	A	G	.	.	.
20659850	C	A	.	.	.
20659965	T	C	.	.	.
20659992	C	T	.	.	.
20660071	G	A	.	.	.
20660074	G	C	.	.	.
20660080	A	G	.	.	.
20660128	G	A	.	.	.
20660132	C	T	.	.	.
20660162	C	T	.	.	.
20660231	G	A	.	.	.
20660266	A	T	.	.	.
20660401	A	G	.	.	.
20660461	T	C	.	.	.
20660488	T	C	.	.	.
20660517	G	T	.	.	.
20660521	C	T	.	.	.
20660532	C	T	.	.	.
20660537	C	T	.	.	.
20660765	C	T	.	.	.
20660795	G	A	.	.	.
20661898	G	A	.	.	.
20662144	G	C	.	.	.
20662145	G	T	.	.	.
20662652	C	T	.	.	.
20662688	A	G	.	.	.
20662697	C	A	.	.	.
20663144	G	A	.	.	.
20663250	C	A	.	.	.
20663359	G	A	.	.	.
20663360	C	T	.	.	.
20663641	C	T	.	.	.
20663980	G	T	.	.	.
20664318	T	C	.	.	.
20664463	A	G	.	.	.
20664808	A	T	.	.	.
20664850	G	A	.	.	.
20664866	T	C	.	.	.
20664900	C	G	.	.	.
20667755	A	G	.	.	.
20667789	A	C	.	.	.
20667848	A	G	.	.	.
20667901	G	C	.	.	.
20668207	T	C	.	.	.
20668277	A	T	.	.	.
20668419	G	A	.	.	.
20668424	T	C	.	.	.
20668499	A	T	.	.	.
20668509	A	C	.	.	.
20668547	A	T	.	.	.
20669865	T	G	.	.	.
20670929	C	T	.	.	.
20670988	G	A	.	.	.
20671009	G	A	.	.	.
20671529	C	G	.	.	.
20672458	C	T	.	.	.
20677121	C	G	.	.	.
20679112	C	T	.	.	.
20679376	T	C	.	.	.
20679388	G	A	.	.	.
20679402	T	C	.	.	.
20679439	T	C	.	.	.
20679466	G	C	.	.	.
20679472	C	T	.	.	.
20679670	A	T	.	.	.
20684065	C	A	.	.	.
20688269	C	A	.	.	.
20688271	G	C	.	.	.
20688413	A	T	.	.	.
20688423	A	C	.	.	.
20688425	A	T	.	.	.
20688596	A	C	.	.	.
20688713	G	A	.	.	.
20688841	G	A	.	.	.
20688847	C	T	.	.	.
20690675	C	T	.	.	.
20690786	T	A	.	.	.
20690903	G	T	.	.	.
20691058	T	A	.	.	.
20691532	C	G	.	.	.
20691533	A	C	.	.	.
20691927	A	G	.	.	.
20691931	T	G	.	.	.
20692171	T	A	.	.	.
20692243	T	C	.	.	.
20692455	G	C	.	.	.
20693180	T	A	.	.	.
20699222	T	C	.	.	.
20699450	G	A	.	.	.
20699591	C	T	.	.	.
20704208	A	G	.	.	.
20704319	A	T	.	.	.
20704531	T	C	.	.	.
20705052	G	A	.	.	.
20705053	T	A	.	.	.
20705125	C	G	.	.	.
20705185	C	T	.	.	.
20705342	T	C	.	.	.
20705465	A	T	.	.	.
20705657	T	A	.	.	.
20705714	C	G	.	.	.
20705753	C	A	.	.	.
20705764	G	C	.	.	.
20705767	G	A	.	.	.
20705773	A	G	.	.	.
20705862	G	A	.	.	.
20705902	T	C	.	.	.
20706104	G	A	.	.	.
20706257	G	A	.	.	.
20706274	C	T	.	.	.
20706372	G	A	.	.	.
20706390	C	T	.	.	.
20706459	G	A	.	.	.
20706474	G	A	.	.	.
20706754	C	G	.	.	.
20706831	C	T	.	.	.
20706869	A	C	.	.	.
20706926	C	T	.	.	.
20706928	C	G	.	.	.
20706939	G	C	.	.	.
20706945	G	A	.	.	.
20706956	C	T	.	.	.
20707052	A	G	.	.	.
20707081	G	A	.	.	.
20707129	G	T	.	.	.
20707204	T	C	.	.	.
20707383	C	T	.	.	.
20707400	A	C	.	.	.
20707403	A	C	.	.	.
20707412	C	A	.	.	.
20707544	T	A	.	.	.
20707639	G	A	.	.	.
20707897	G	A	.	.	.
20707911	C	T	.	.	.
20707935	T	C	.	.	.
20707958	A	G	.	.	.
20707966	C	A	.	.	.
20707997	T	C	.	.	.
20708001	C	G	.	.	.
20708002	G	A	.	.	.
20708016	G	A	.	.	.
20708068	G	T	.	.	.
20708111	A	G	.	.	.
20708115	T	C	.	.	.
20708155	A	C	.	.	.
20708174	T	G	.	.	.
20708214	T	C	.	.	.
20708227	T	C	.	.	.
20708270	T	A	.	.	.
20708271	T	G	.	.	.
20708311	T	C	.	.	.
20708330	A	T	.	.	.
20708337	A	C	.	.	.
20708366	A	G	.	.	.
20708401	C	T	.	.	.
20708417	A	G	0	0	0
20708425	G	A	0	0	0
20708436	A	C	0	0	0
20708507	T	C	.	.	.
20708526	C	T	.	.	.
20708536	A	G	.	.	.
20708641	G	T	.	.	.
20708652	C	T	0	0	0
20708685	T	C	.	.	.
20708697	C	T	0	0	0
20708704	T	C	0	0	0
20708712	C	T	.	.	.
20708726	C	T	.	.	.
20708751	C	T	.	.	.
20708752	G	A	.	.	.
20708754	C	T	.	.	.
20708755	G	A	.	.	.
20708759	A	G	.	.	.
20708777	A	G	.	.	.
20708790	C	T	0	0	0
20708817	A	C	0	0	0
20708826	C	T	.	.	.
20708832	C	T	.	.	.
20708853	C	G	.	.	.
20708854	G	A	.	.	.
20708869	G	A	0	0	0
20708875	G	A	0	0	0
20708881	G	C	0	0	0
20708896	G	T	0	0	0
20708916	C	T	0	0	0
20708917	G	A	0	0	0
20708921	A	G	0	0	0
20708928	C	T	.	.	.
20708933	A	T	.	.	.
20708949	C	T	.	.	.
20708950	G	C	.	.	.
20708983	G	C	.	.	.
20708988	C	T	.	.	.
20708994	C	T	.	.	.
20709010	G	C	0	0	0
20709022	G	A	0	0	0
20709025	G	T	0	0	0
20709048	C	T	.	.	.
20709060	C	T	.	.	.
20709066	A	C	.	.	.
20709077	C	G	.	.	.
20709091	G	A	.	.	.
20709105	C	T	.	.	.
20709106	G	A	.	.	.
20709118	G	A	.	.	.
20709123	C	T	.	.	.
20709129	C	T	.	.	.
20709171	C	T	.	.	.
20709177	C	G	.	.	.
20709231	C	G	.	.	.
20709237	T	C	.	.	.
20709242	C	T	.	.	.
20709250	A	G	.	.	.
20709252	C	T	.	.	.
20709258	G	C	.	.	.
20709268	G	A	.	.	.
20709279	C	T	.	.	.
20709286	G	A	.	.	.
20709293	C	T	.	.	.
20709303	C	T	.	.	.
20709307	A	G	.	.	.
20709308	A	C	.	.	.
20709320	C	T	.	.	.
20709344	A	G	.	.	.
20709348	C	G	.	.	.
20709349	G	A	.	.	.
20709360	C	T	.	.	.
20709373	C	G	.	.	.
20709385	G	A	.	.	.
20709387	C	T	.	.	.
20709400	G	C	.	.	.
20709401	C	G	.	.	.
20709412	A	G	.	.	.
20709414	C	G	.	.	.
20709453	C	T	.	.	.
20709464	G	T	.	.	.
20709483	C	T	.	.	.
20709484	G	A	.	.	.
20709495	C	T	.	.	.
20709507	C	G	.	.	.
20709550	G	A	.	.	.
20709556	G	C	.	.	.
20709562	G	A	.	.	.
20709567	C	T	.	.	.
20709574	A	G	.	.	.
20709581	A	C	.	.	.
20709583	G	A	.	.	.
20709601	G	A	.	.	.
20709610	G	A	.	.	.
20709618	C	T	.	.	.
20709647	T	C	.	.	.
20709651	G	C	.	.	.
20709669	C	T	.	.	.
20709675	C	T	.	.	.
20709697	A	G	.	.	.
20709700	G	A	.	.	.
20709703	C	T	.	.	.
20709705	C	T	.	.	.
20709712	G	A	.	.	.
20709717	C	G	.	.	.
20709735	T	C	.	.	.
20709744	C	T	.	.	.
20709778	G	A	.	.	.
20709784	G	A	.	.	.
20709791	C	T	.	.	.
20709807	C	T	.	.	.
20709808	G	A	.	.	.
20709810	C	T	.	.	.
20709814	C	A	.	.	.
20709838	G	A	.	.	.
20709840	G	C	2	.	.
20709843	G	C	.	.	.
20709855	C	T	.	.	.
20709896	C	T	.	.	.
20709910	C	T	.	.	.
20709954	G	A	.	.	.
20709956	C	T	.	.	.
20709983	C	A	.	.	.
20709993	A	G	.	.	.
20710011	A	G	.	.	.
20710025	T	C	.	.	.
20710034	C	T	.	.	.
20710038	A	G	.	.	.
20710051	A	T	.	.	.
20710052	C	T	.	.	.
20710053	G	A	.	.	.
20710061	G	C	.	.	.
20710065	G	A	.	.	.
20710073	C	G	.	.	.
20710074	G	C	.	.	.
20710078	T	A	.	.	.
20710079	C	T	.	.	.
20710080	G	T	.	.	.
20710091	C	T	.	.	.
20710092	G	A	.	.	.
20710095	G	A	.	.	.
20710105	A	T	.	.	.
20710133	C	T	.	.	.
20710134	G	A	.	.	.
20710143	G	A	.	.	.
20710187	C	T	.	.	.
20710192	C	T	.	.	.
20710219	C	T	.	.	.
20710223	G	C	.	.	.
20710226	C	A	.	.	.
20710232	T	G	.	.	.
20710241	C	T	.	.	.
20710263	G	A	.	.	.
20710272	G	A	.	.	.
20710279	G	A	.	.	.
20710281	A	G	.	.	.
20710295	C	T	.	.	.
20710313	T	G	.	.	.
20710316	C	A	.	.	.
20710317	G	C	.	.	.
20710325	C	T	.	.	.
20710332	G	C	.	.	.
20710349	C	T	.	.	.
20710350	G	A	.	.	.
20710351	C	T	.	.	.
20710354	C	A	.	.	.
20710370	C	T	.	.	.
20710376	C	T	.	.	.
20710383	C	G	.	.	.
20710386	G	T	.	.	.
20710397	C	T	.	.	.
20710407	G	T	.	.	.
20710412	G	C	.	.	.
20710415	C	A	.	.	.
20710416	A	G	.	.	.
20710421	T	A	.	.	.
20710424	C	T	.	.	.
20710430	C	T	.	.	.
20710440	G	A	.	.	.
20710460	C	T	.	.	.
20710484	C	T	.	.	.
20710497	A	G	.	.	.
20710503	A	G	.	.	.
20710511	C	G	.	.	.
20710512	C	G	.	.	.
20710516	T	C	.	.	.
20710520	G	C	.	.	.
20710532	C	A	.	.	.
20710537	A	T	.	.	.
20710538	C	A	.	.	.
20710544	C	A	.	.	.
20710547	G	C	.	.	.
20710550	C	T	.	.	.
20710557	A	G	.	.	.
20710559	C	G	.	.	.
20710581	G	T	.	.	.
20710592	C	T	.	.	.
20710594	C	T	.	.	.
20710596	G	A	.	.	.
20710600	A	G	.	.	.
20710611	A	T	.	.	.
20710613	C	T	.	.	.
20710619	C	T	.	.	.
20710622	C	T	.	.	.
20710637	G	C	.	.	.
20710645	T	A	.	.	.
20710667	C	T	.	.	.
20710673	C	T	.	.	.
20710677	G	A	.	.	.
20710704	G	A	.	.	.
20710709	G	A	.	.	.
20710716	G	A	.	.	.
20710730	C	T	.	.	.
20710736	G	T	.	.	.
20710745	T	G	.	.	.
20710754	C	T	.	.	.
20710755	G	A	.	.	.
20710759	T	C	.	.	.
20710767	A	G	.	.	.
20710837	C	T	.	.	.
20710840	T	A	.	.	.
20710848	G	T	.	.	.
20710868	C	G	.	.	.
20710874	C	T	.	.	.
20710883	C	T	.	.	.
20710890	G	A	.	.	.
20710902	A	T	.	.	.
20710953	G	A	.	.	.
20710970	C	T	.	.	.
20710985	A	C	.	.	.
20710991	T	C	.	0	.
20711000	C	T	.	.	.
20711012	C	T	.	.	.
20711024	C	T	.	.	.
20711052	G	A	.	.	.
20711066	C	G	.	.	.
20711067	G	A	.	.	.
20711084	C	A	.	.	.
20711088	G	T	.	.	.
20711089	C	A	.	.	.
20711093	C	A	.	.	.
20711109	G	A	.	.	.
20711112	C	A	.	.	.
20711118	A	G	.	.	.
20711138	C	A	.	.	.
20711147	C	T	.	.	.
20711163	G	C	.	.	.
20711167	A	G	.	.	.
20711168	C	T	.	.	.
20711180	T	C	.	.	.
20711191	C	T	.	.	.
20711195	C	T	.	.	.
20711199	G	A	.	.	.
20711202	G	T	.	.	.
20711214	A	G	.	.	.
20711228	C	T	.	.	.
20711240	C	T	.	.	.
20711253	G	A	.	.	.
20711256	G	A	.	.	.
20711261	C	T	.	.	.
20711262	G	A	.	.	.
20711272	T	C	.	.	.
20711282	C	T	.	.	.
20711286	G	A	.	.	.
20711299	C	T	.	.	.
20711300	C	A	.	.	.
20711304	C	A	.	.	.
20711312	C	T	.	.	.
20711321	G	A	.	.	.
20711324	C	A	.	.	.
20711335	G	T	.	.	.
20711336	C	T	.	.	.
20711346	G	A	.	.	.
20711360	C	T	.	.	.
20711373	G	C	.	.	.
20711374	A	C	.	.	.
20711378	C	T	.	.	.
20711382	G	T	.	.	.
20711406	G	A	.	.	.
20711435	T	C	.	.	.
20711448	G	T	.	.	.
20711459	C	T	.	.	.
20711460	G	A	.	.	.
20711477	G	A	.	.	.
20711478	A	C	.	.	.
20711481	G	A	.	.	.
20711502	G	A	.	.	.
20711516	C	T	.	.	.
20711517	G	C	.	.	.
20711528	C	G	.	.	.
20711540	C	T	.	.	.
20711541	G	A	.	.	.
20711544	G	A	.	.	.
20711549	C	G	.	.	.
20711576	C	T	.	.	.
20711598	G	A	.	.	.
20711599	C	A	.	.	.
20711605	C	T	.	.	.
20711609	C	T	.	.	.
20711622	G	A	.	.	.
20711627	C	T	.	.	.
20711628	C	T	.	.	.
20711630	C	T	.	.	.
20711637	G	A	.	.	.
20711648	T	C	.	.	.
20711664	G	T	.	.	.
20711697	A	G	.	.	.
20711729	C	T	.	.	.
20711738	C	T	.	.	.
20711750	C	G	.	.	.
20711751	G	C	.	.	.
20711752	A	C	.	.	.
20711756	T	C	.	.	.
20711759	C	G	.	.	.
20711772	G	A	.	.	.
20711778	C	A	.	.	.
20711791	A	G	.	.	.
20711792	C	G	.	.	.
20711793	G	A	.	.	.
20711811	G	T	.	.	.
20711837	T	C	.	.	.
20711844	G	C	.	.	.
20711859	G	A	.	.	.
20711869	C	T	.	.	.
20711896	C	T	.	.	.
20711903	C	T	.	.	.
20711907	G	A	.	.	.
20711913	G	C	.	.	.
20711918	C	T	.	.	.
20711923	T	C	.	.	.
20711927	G	C	.	.	.
20711948	C	T	.	.	.
20711955	G	A	.	.	.
20711957	C	T	.	.	.
20711958	G	A	.	.	.
20711966	C	G	.	.	.
20711967	G	A	.	.	.
20711972	C	T	.	.	.
20711985	G	A	.	.	.
20711988	G	A	.	.	.
20711993	A	C	.	.	.
20712004	C	T	.	.	.
20712008	C	T	.	.	.
20712047	T	C	.	.	.
20712063	A	G	.	.	.
20712065	C	A	.	.	.
20712069	T	G	.	.	.
20712071	C	T	.	.	.
20712083	T	C	.	.	.
20712119	T	C	.	.	.
20712131	C	T	.	.	.
20712135	G	A	.	.	.
20712138	G	A	.	.	.
20712154	G	C	.	.	.
20712167	T	C	.	.	.
20712169	C	T	.	.	.
20712179	C	T	.	.	.
20712192	G	A	.	.	.
20712194	C	A	.	.	.
20712205	T	A	.	.	.
20712233	C	T	.	.	.
20712245	C	T	.	.	.
20712248	C	T	.	.	.
20712290	G	A	.	.	.
20712357	G	A	.	.	.
20712376	A	G	.	.	.
20712380	C	T	.	.	.
20712389	C	T	.	.	.
20712393	G	A	.	.	.
20712395	C	T	.	.	.
20712402	G	A	.	.	.
20712422	C	T	.	.	.
20712459	G	A	.	.	.
20712483	G	A	.	.	.
20712488	C	T	.	.	.
20712506	T	G	.	.	.
20712509	C	T	.	.	.
20712524	C	G	.	.	.
20712528	A	G	.	.	.
20712531	G	A	.	.	.
20712532	C	T	.	.	.
20712533	T	G	.	.	.
20712536	C	T	.	.	.
20712555	G	A	.	.	.
20712559	C	T	.	.	.
20712560	G	T	.	.	.
20712568	A	C	.	.	.
20712574	C	T	.	.	.
20712584	C	T	.	.	.
20712595	A	T	.	.	.
20712600	G	A	.	.	.
20712601	C	T	.	.	.
20712605	G	C	.	.	.
20712609	G	A	.	.	.
20712614	T	G	.	.	.
20712617	C	A	.	.	.
20712618	G	C	.	.	.
20712625	C	T	.	.	.
20712627	G	A	.	.	.
20712628	T	C	.	.	.
20712632	C	G	.	.	.
20712644	C	A	.	.	.
20712663	G	A	.	.	.
20712670	A	T	.	.	.
20712686	C	G	.	.	.
20712693	A	G	.	.	.
20712694	C	T	.	.	.
20712699	G	C	.	.	.
20712704	C	G	.	.	.
20712719	C	T	.	.	.
20712740	T	G	.	.	.
20712744	G	A	.	.	.
20712786	G	C	.	.	.
20712789	A	G	.	.	.
20712790	G	C	.	.	.
20712809	C	G	.	.	.
20712810	G	C	.	.	.
20712846	G	A	.	.	.
20712858	G	A	.	.	.
20712861	A	G	.	.	.
20712863	C	T	.	.	.
20712864	G	A	.	.	.
20712878	G	A	.	.	.
20712904	T	C	.	.	.
20712905	G	A	.	.	.
20712944	G	A	.	.	.
20712952	C	T	.	.	.
20712962	G	A	.	.	.
20712974	G	C	.	.	.
20712976	G	A	.	.	.
20712995	G	C	.	.	.
20712996	C	T	.	.	.
20713036	C	G	.	.	.
20713048	C	T	.	.	.
20713060	C	T	.	.	.
20713064	G	A	.	.	.
20713065	C	T	.	.	.
20713069	C	G	.	.	.
20713074	T	C	.	.	.
20713096	G	C	.	.	.
20713099	C	T	.	.	.
20713100	A	G	.	.	.
20713109	G	A	.	.	.
20713110	A	T	.	.	.
20713115	G	A	.	.	.
20713118	A	G	.	.	.
20713141	C	T	.	.	.
20713158	C	T	.	.	.
20713171	C	T	.	.	.
20713202	C	T	.	.	.
20713213	A	T	.	.	.
20713214	C	A	.	.	.
20713226	G	C	.	.	.
20713237	T	C	.	.	.
20713250	G	A	.	.	.
20713262	G	A	.	.	.
20713266	C	T	.	.	.
20713315	C	T	.	.	.
20713329	A	T	.	.	.
20713330	C	T	.	.	.
20713331	G	A	.	.	.
20713332	C	A	.	.	.
20713333	C	A	.	.	.
20713342	C	T	.	.	.
20713406	G	A	.	.	.
20713427	G	A	.	.	.
20713429	T	G	.	.	.
20713432	C	G	.	.	.
20713438	C	T	.	.	.
20713496	G	A	.	.	.
20713628	G	A	.	.	.
20713630	C	T	.	.	.
20713648	C	T	.	.	.
20713710	C	T	.	.	.
20713761	T	A	.	.	.
20713765	C	T	.	.	.
20714017	G	C	.	.	.
20714158	T	C	.	.	.
20714300	G	A	.	.	.
20714308	C	T	.	.	.
20714359	C	T	.	.	.
20714381	G	T	.	.	.
20714417	G	C	.	.	.
20714507	G	A	.	.	.
20714578	C	T	.	.	.
20714618	G	C	.	.	.
20714629	C	T	.	.	.
20714630	G	A	.	.	.
20714658	C	T	.	.	.
20714726	G	T	.	.	.
20714746	G	C	.	.	.
20714775	G	T	.	.	.
20714809	T	G	.	.	.
20714827	C	G	.	.	.
20714829	G	A	.	.	.
20714836	C	G	.	.	.
20714848	T	C	.	.	.
20714850	C	T	.	.	.
20714889	C	T	.	.	.
20714894	G	A	.	.	.
20714912	A	G	.	.	.
20714941	C	T	.	.	.
20714956	C	G	.	.	.
20714965	C	T	.	.	.
20714968	C	T	.	.	.
20714993	G	A	.	.	.
20714996	G	A	.	.	.
20715003	A	C	.	.	.
20715019	C	T	.	.	.
20715047	A	T	.	.	.
20715052	T	G	.	.	.
20715077	G	A	.	.	.
20715089	G	A	.	.	.
20715091	C	T	.	.	.
20715101	A	G	.	.	.
20715107	A	C	.	.	.
20715130	C	T	.	.	.
20715168	A	T	.	.	.
20715172	C	T	.	.	.
20715206	G	A	.	.	.
20715214	T	C	.	.	.
20715239	G	A	.	.	.
20715260	G	A	.	.	.
20715266	G	A	.	.	.
20715280	C	T	.	.	.
20715281	G	C	.	.	.
20715326	G	A	.	.	.
20715347	G	A	.	.	.
20715352	C	A	.	.	.
20715357	A	T	.	.	.
20715384	A	T	.	.	.
20715385	T	C	.	.	.
20715386	G	A	.	.	.
20715388	C	G	.	.	.
20715415	C	T	.	.	.
20715433	T	C	.	.	.
20715454	C	G	.	.	.
20715459	A	T	.	.	.
20715487	C	G	.	.	.
20715508	G	A	.	.	.
20715547	G	A	.	.	.
20715606	C	T	.	.	.
20715614	C	T	.	.	.
20715657	C	T	.	.	.
20715673	A	G	.	.	.
20715716	C	T	.	.	.
20715720	C	G	.	.	.
20715721	G	A	.	.	.
20715737	T	A	.	.	.
20715741	C	T	.	.	.
20715747	C	G	.	.	.
20715792	C	T	.	.	.
20715793	G	T	.	.	.
20715801	G	C	.	.	.
20715886	A	G	.	.	.
20715902	C	T	.	.	.
20715913	A	G	.	.	.
20715931	G	A	.	.	.
20715943	G	A	.	.	.
20715975	C	T	.	.	.
20715991	G	A	.	.	.
20715993	C	T	.	.	.
20716007	A	T	.	.	.
20716050	C	T	.	.	.
20716055	A	G	.	.	.
20716061	A	T	.	.	.
20716070	A	T	.	.	.
20716110	C	T	.	.	.
20716116	C	T	.	.	.
20716147	G	A	.	.	.
20716154	A	G	.	.	.
20716164	C	T	.	.	.
20716168	G	C	.	.	.
20716170	C	T	.	.	.
20716173	C	T	.	.	.
20716175	C	T	.	.	.
20716176	C	A	.	.	.
20716186	G	A	.	.	.
20716191	C	T	.	.	.
20716225	T	G	.	.	.
20716231	T	C	.	.	.
20716245	T	C	.	.	.
20716254	C	G	.	.	.
20716266	C	G	.	.	.
20716289	C	G	.	.	.
20716364	C	T	.	.	.
20716397	C	T	.	.	.
20716443	C	A	.	.	.
20716458	G	T	.	.	.
20716474	A	G	.	.	.
20716499	A	G	.	.	.
20716500	C	T	.	.	.
20716556	C	T	.	.	.
20716568	G	C	.	.	.
20716582	C	A	.	.	.
20716616	T	C	.	.	.
20716623	A	G	.	.	.
20716682	G	A	.	.	.
20716683	G	A	.	.	.
20716701	G	C	.	.	.
20716726	C	T	.	.	.
20716727	G	T	.	.	.
20716747	C	G	.	.	.
20716765	A	G	.	.	.
20716839	C	T	.	.	.
20716854	T	C	.	.	.
20716858	C	T	.	.	.
20716865	G	A	.	.	.
20716891	C	G	.	.	.
20716904	G	A	0	0	0
20716907	G	T	0	0	0
20717032	C	T	.	.	.
20717103	G	A	.	.	.
20717163	C	G	.	.	.
20717181	T	A	.	.	.
20717190	A	G	.	.	.
20717192	A	T	.	.	.
20717198	G	A	.	.	.
20717245	C	T	.	.	.
20717246	G	A	.	.	.
20717286	G	A	.	.	.
20717340	C	T	.	.	.
20717351	G	A	.	.	.
20717358	C	T	.	.	.
20717416	T	C	.	.	.
20717433	G	A	.	.	.
20717443	T	C	.	.	.
20717586	C	T	.	.	.
20717594	G	A	.	.	.
20717606	C	T	.	.	.
20717621	C	T	.	.	.
20717625	A	T	.	.	.
20717629	G	T	.	.	.
20717651	C	T	.	.	.
20717751	T	A	.	.	.
20717755	A	T	.	.	.
20717803	A	G	.	.	.
20717807	A	G	.	.	.
20717840	C	T	.	.	.
20717856	C	A	.	.	.
20717914	C	G	.	.	.
20717934	C	T	.	.	.
20718006	C	G	.	.	.
20718036	T	C	.	.	.
20718081	G	A	.	.	.
20718094	C	T	.	.	.
20718097	C	T	.	.	.
20718116	G	A	.	.	.
20718147	T	A	.	.	.
20718160	A	G	.	.	.
20718186	A	G	.	.	.
20718329	A	G	.	.	.
20718410	T	A	.	.	.
20718435	C	G	.	.	.
20718502	A	G	.	.	.
20718505	A	T	.	.	.
20718525	T	C	.	.	.
20718529	G	A	.	.	.
20718550	C	T	.	.	.
20718551	G	A	.	.	.
20718594	T	C	.	.	.
20718642	C	G	.	.	.
20718692	G	A	.	.	.
20718726	T	C	.	.	.
20718766	T	C	.	.	.
20718779	T	C	.	.	.
20718786	T	C	.	.	.
20718794	C	G	.	.	.
20719003	G	A	.	.	.
20719013	G	A	.	.	.
20719019	C	T	.	.	.
20719248	A	G	.	.	.
20719256	T	C	.	.	.
20719303	G	C	.	.	.
20719325	A	G	.	.	.
20719368	T	C	.	.	.
20719396	G	A	.	.	.
20719412	A	G	.	.	.
20719438	A	C	.	.	.
20719483	C	A	.	.	.
20719552	G	A	.	.	.
20719613	G	C	.	.	.
20719628	G	A	.	.	.
20719639	A	G	.	.	.
20719697	G	A	.	.	.
20719729	G	A	.	.	.
20719739	G	C	.	.	.
20719793	A	G	.	.	.
20719817	G	A	.	.	.
20719867	G	A	.	.	.
20719886	C	T	.	.	.
20719928	T	C	.	.	.
20719996	A	G	.	.	.
20720025	G	A	.	.	.
20720153	G	A	.	.	.
20720162	C	T	.	.	.
20720169	A	G	.	.	.
20720170	C	T	.	.	.
20720184	C	A	.	.	.
20720318	G	A	.	.	.
20720409	A	C	.	.	.
20720709	T	C	.	.	.
20720782	G	T	.	.	.
20720814	T	G	.	.	.
20720911	C	T	.	.	.
20721004	C	A	.	.	.
20721092	C	T	.	.	.
20721129	C	T	.	.	.
20721152	C	G	0	0	0
20721164	T	G	.	.	.
20721192	A	G	.	.	.
20721197	T	G	.	.	.
20721203	T	C	.	.	.
20721224	C	A	.	.	.
20721258	G	T	.	.	.
20721269	C	T	.	.	.
20721305	C	T	.	.	.
20721310	C	T	0	0	0
20721311	G	A	0	0	0
20721328	C	T	0	0	0
20721367	T	C	.	.	.
20721453	C	A	.	.	.
20721487	C	G	.	.	.
20721491	C	T	.	.	.
20721504	G	T	.	.	.
20721539	C	A	.	.	.
20721572	G	A	.	.	.
20721605	C	G	.	.	.
20721624	C	T	.	.	.
20721684	C	T	.	.	.
20721713	G	A	.	.	.
20721756	G	T	.	.	.
20721783	A	G	.	.	.
20721795	T	A	.	.	.
20721803	G	A	.	.	.
20721827	G	C	.	.	.
20721848	C	T	.	.	.
20721850	G	C	.	.	.
20721880	T	C	.	.	.
20721898	C	T	.	.	.
20721926	G	A	.	.	.
20721928	G	A	.	.	.
20721967	G	C	.	.	.
20722010	A	G	.	.	.
20722021	A	G	.	.	.
20722083	C	T	.	.	.
20722121	C	T	.	.	.
20722136	A	G	.	.	.
20722166	G	C	.	.	.
20722171	A	G	.	.	.
20722220	A	G	.	.	.
20722239	G	A	.	.	.
20722254	C	T	.	.	.
20722271	C	T	.	.	.
20722318	G	A	.	.	.
20722341	T	C	.	.	.
20722472	C	A	.	.	.
20722518	T	C	.	.	.
20722523	C	T	.	.	.
20722650	A	C	.	.	.
20722663	A	G	.	.	.
20722670	C	T	.	.	.
20722671	C	T	.	.	.
20722672	C	T	.	.	.
20722739	C	T	.	.	.
20722804	G	A	.	.	.
20722820	G	A	.	.	.
20722850	A	C	.	.	.
20722890	C	T	.	.	.
20722901	A	C	.	.	.
20722923	A	G	.	.	.
20722933	C	T	.	.	.
20722999	C	T	.	.	.
20723006	C	G	.	.	.
20723135	G	T	.	.	.
20723146	T	C	.	.	.
20723165	G	A	.	.	.
20723201	G	A	.	.	.
20723247	G	A	.	.	.
20723269	G	A	.	.	.
20723278	G	A	.	.	.
20723285	G	A	.	.	.
20723290	C	T	.	.	.
20723331	A	G	.	.	.
20723369	C	T	.	.	.
20723370	G	A	.	.	.
20723374	T	C	.	.	.
20723387	C	T	.	.	.
20723396	G	A	.	.	.
20723447	A	G	.	.	.
20723485	C	T	.	.	.
20723494	A	G	.	.	.
20723511	C	T	.	.	.
20723536	C	T	.	.	.
20723557	C	T	.	.	.
20723630	T	G	.	.	.
20723639	T	C	.	.	.
20723690	T	G	.	.	.
20723750	A	G	.	.	.
20723782	G	A	.	.	.
20723808	C	T	.	.	.
20723826	C	T	.	.	.
20723832	T	C	0	0	0
20723840	A	G	.	.	.
20723859	T	C	.	.	.
20724006	A	G	.	.	.
20724020	T	C	.	.	.
20724022	G	A	.	.	.
20724075	C	T	.	.	.
20724092	G	A	.	.	.
20724129	C	T	.	.	.
20724173	C	T	.	.	.
20724174	G	A	.	.	.
20724185	C	T	.	.	.
20724187	C	A	.	.	.
20724202	G	T	.	.	.
20724220	A	G	.	.	.
20724231	G	A	.	.	.
20724253	T	C	.	.	.
20724264	C	T	.	.	.
20724267	G	A	.	.	.
20724273	C	A	.	.	.
20724274	C	A	.	.	.
20724295	C	A	.	.	.
20724308	G	A	.	.	.
20724338	C	T	.	.	.
20724355	T	C	.	.	.
20724368	C	T	.	.	.
20724385	G	A	.	.	.
20724386	A	C	.	.	.
20724413	G	A	.	.	.
20724424	C	T	.	.	.
20724483	A	G	.	.	.
20724527	C	A	.	.	.
20724536	C	G	.	.	.
20724622	C	T	.	.	.
20724656	G	C	.	.	.
20724708	C	T	.	.	.
20724745	C	T	.	.	.
20724768	G	A	.	.	.
20724804	A	G	.	.	.
20724805	T	C	.	.	.
20724806	A	G	.	.	.
20724816	C	T	.	.	.
20724855	G	A	.	.	.
20724886	G	A	.	.	.
20724963	G	A	.	.	.
20724965	G	C	.	.	.
20725028	G	A	.	.	.
20725031	G	A	.	.	.
20725035	G	C	.	.	.
20725040	A	G	.	.	.
20725047	C	T	.	.	.
20725085	A	T	.	.	.
20725091	A	G	.	.	.
20725177	G	T	.	.	.
20725264	A	C	.	.	.
20725293	G	A	.	.	.
20725299	C	T	.	.	.
20725341	G	A	.	.	.
20725384	T	G	.	.	.
20725441	A	G	.	.	.
20725537	A	G	.	.	.
20725541	T	C	.	.	.
20725569	A	G	.	.	.
20725575	A	G	.	.	.
20725585	G	A	.	.	.
20725641	G	A	.	.	.
20725651	G	T	.	.	.
20725686	T	G	.	.	.
20725720	T	C	.	.	.
20725723	A	C	.	.	.
20725728	C	T	.	.	.
20725998	C	T	.	.	.
20726048	G	A	.	.	.
20726089	T	A	.	.	.
20726234	C	T	.	.	.
20726319	G	A	.	.	.
20726325	A	G	.	.	.
20726478	A	C	.	.	.
20726507	C	T	.	.	.
20726797	A	C	.	.	.
20726871	G	C	.	.	.
20727026	C	T	.	.	.
20727030	A	G	.	.	.
20727041	C	T	.	.	.
20727090	T	C	.	.	.
20727101	A	G	.	.	.
20727184	C	T	.	.	.
20727248	C	A	.	.	.
20727251	C	A	.	.	.
20727289	T	C	.	.	.
20727306	C	T	.	.	.
20727327	T	C	.	.	.
20727332	A	G	.	.	.
20727334	C	T	.	.	.
20727338	C	T	.	.	.
20727339	G	A	.	.	.
20727384	G	A	.	.	.
20727393	A	G	.	.	.
20727444	C	T	.	.	.
20727445	G	A	.	.	.
20727591	C	T	.	.	.
20727634	G	C	.	.	.
20727653	A	G	.	.	.
20727658	C	T	.	.	.
20727665	T	C	.	.	.
20727675	C	T	.	.	.
20727786	A	G	.	.	.
20727899	G	A	.	.	.
20727915	A	G	.	.	.
20727975	G	T	0	0	0
20727990	C	T	.	.	.
20728020	C	T	.	.	.
20728039	G	A	.	.	.
20728102	C	T	.	.	.
20728113	G	A	.	.	.
20728162	C	G	.	.	.
20728163	G	A	.	.	.
20728218	C	G	.	.	.
20728265	G	A	.	.	.
20728383	T	C	.	.	.
20728434	C	A	.	.	.
20728479	G	A	.	.	.
20728590	G	T	.	.	.
20728697	A	C	.	.	.
20728862	C	G	.	.	.
20728882	A	C	.	.	.
20728904	C	T	.	.	.
20728907	T	C	.	.	.
20728916	G	A	.	.	.
20728950	T	C	.	.	.
20729025	G	A	.	.	.
20729044	T	A	.	.	.
20729173	C	T	.	.	.
20729195	G	T	.	.	.
20729235	A	G	.	.	.
20729294	T	C	.	.	.
20729358	T	A	.	.	.
20729418	A	T	.	.	.
20729480	T	C	.	.	.
20729601	A	G	.	.	.
20729628	G	C	.	.	.
20729652	A	G	.	.	.
20729677	T	G	.	.	.
20729683	C	T	.	.	.
20729769	G	A	.	.	.
20729779	C	T	.	.	.
20729783	G	A	.	.	.
20729825	A	G	.	.	.
20729839	C	T	.	.	.
20729885	C	T	.	.	.
20729919	C	T	.	.	.
20729920	G	A	.	.	.
20729941	A	G	.	.	.
20729978	G	A	.	.	.
20730024	G	A	.	.	.
20730062	G	A	.	.	.
20730074	G	A	.	.	.
20730231	C	T	.	.	.
20730277	C	T	.	.	.
20730339	G	A	.	.	.
20730361	T	G	.	.	.
20730457	A	G	.	.	.
20730650	G	A	.	.	.
20730654	C	G	.	.	.
20730704	G	A	.	.	.
20730705	A	G	.	.	.
20730802	C	A	.	.	.
20730860	G	A	.	.	.
20731023	G	A	.	.	.
20731088	T	C	.	.	.
20731111	G	C	.	.	.
20731116	G	A	.	.	.
20731142	C	T	.	.	.
20731167	T	C	.	.	.
20731183	G	C	.	.	.
20731201	G	A	.	.	.
20731207	A	G	.	.	.
20731255	A	G	.	.	.
20731263	G	A	.	.	.
20731281	C	T	.	.	.
20731282	G	A	.	.	.
20731298	A	G	.	.	.
20731302	T	G	.	.	.
20731304	G	A	.	.	.
20731313	C	T	.	.	.
20731314	G	A	.	.	.
20731344	G	A	.	.	.
20731346	G	A	.	.	.
20731354	C	A	.	.	.
20731436	C	T	.	.	.
20731473	T	G	.	.	.
20731480	A	G	.	.	.
20731515	G	A	.	.	.
20731561	A	C	.	.	.
20731566	C	G	.	.	.
20731646	C	T	.	.	.
20731655	C	T	.	.	.
20731656	G	A	.	.	.
20731668	G	T	.	.	.
20731670	C	T	.	.	.
20731671	G	A	.	.	.
20731709	G	A	.	.	.
20731738	G	A	.	.	.
20731790	T	C	.	.	.
20731845	G	A	.	.	.
20731851	A	G	.	.	.
20731902	G	T	.	.	.
20731913	G	A	.	.	.
20731914	G	T	.	.	.
20731925	A	G	.	.	.
20731931	A	T	.	.	.
20731939	C	G	.	.	.
20731965	G	A	.	.	.
20731974	C	T	.	.	.
20732045	A	T	0	0	0
20732061	C	T	.	.	.
20732064	C	T	.	.	.
20732110	G	A	.	.	.
20732124	G	T	.	.	.
20732155	C	G	.	.	.
20732229	C	T	.	.	.
20732236	A	G	.	.	.
20732246	C	T	.	.	.
20732258	T	A	.	.	.
20732260	T	A	.	.	.
20732265	G	T	0	0	0
20732317	A	G	.	.	.
20732324	A	C	.	.	.
20732350	A	G	.	.	.
20732407	C	T	0	0	0
20732419	G	A	0	0	2
20732497	C	T	0	0	0
20732576	C	T	0	0	0
20732577	G	A	.	.	.
20732601	C	T	.	.	.
20732661	C	G	.	.	.
20732709	T	C	.	.	.
20732732	G	A	.	.	.
20732752	A	T	.	.	.
20732809	C	T	2	2	2
20732826	A	G	.	.	.
20732858	C	T	.	.	.
20732894	G	T	.	.	.
20732913	G	T	.	.	.
20733019	T	A	.	.	.
20733030	C	T	.	.	.
20733034	T	A	.	.	.
20733089	T	C	.	.	.
20733121	G	T	.	.	.
20733171	G	T	.	.	.
20733232	A	G	.	.	.
20733283	C	A	.	.	.
20733447	T	C	0	0	0
20733495	T	G	0	0	0
20733599	G	A	.	.	.
20733628	C	T	0	0	0
20733640	C	A	0	0	2
20733642	C	T	0	0	0
20733667	C	T	0	0	0
20733714	T	C	0	0	0
20733752	G	A	.	.	.
20733863	C	A	.	.	.
20733904	C	T	.	.	.
20733957	G	A	.	.	.
20733974	T	G	.	.	.
20734008	G	A	.	.	.
20734011	A	G	.	.	.
20734024	C	T	.	.	.
20734052	T	C	.	.	.
20734069	T	C	.	.	.
20734144	C	T	0	0	0
20734155	T	C	0	0	0
20734187	A	G	.	.	.
20734258	A	G	0	0	0
20734354	A	G	.	.	.
20734494	G	T	.	.	.
20734609	G	A	.	.	.
20734672	C	T	.	.	.
20734693	G	A	.	.	.
20734735	T	C	0	0	0
20734797	G	A	0	0	0
20734838	A	G	.	.	.
20734875	A	G	0	0	0
20734931	A	G	0	0	0
20734981	T	C	0	0	0
20735089	G	A	0	0	0
20735187	C	T	.	.	.
20735224	A	G	.	.	.
20735229	G	A	.	.	.
20735253	C	T	.	.	.
20735450	T	C	.	.	.
20735475	G	A	.	.	.
20735479	C	T	.	.	.
20735486	T	C	.	.	.
20735494	G	A	.	.	.
20735518	C	T	.	.	.
20735538	T	C	.	.	.
20735609	G	C	0	0	0
20735642	A	T	.	.	.
20735646	T	A	.	.	.
20735655	G	A	0	0	0
20735777	C	T	.	.	.
20735783	T	C	.	.	.
20735796	A	G	.	.	.
20735818	A	G	0	0	0
20735825	G	C	0	0	0
20735851	C	A	.	.	.
20735957	T	C	.	.	.
20735959	G	A	.	.	.
20735990	A	T	.	.	.
20735994	A	T	.	.	.
20735997	T	A	.	.	.
20735998	T	A	.	.	.
20736002	T	A	.	.	.
20736025	G	A	.	.	.
20736052	C	T	.	.	.
20736108	C	T	0	0	0
20736263	T	C	.	.	.
20736315	A	G	2	2	2
20736348	G	A	0	0	2
20736371	C	G	.	.	.
20736408	C	T	.	.	.
20736410	C	T	.	.	.
20736460	A	G	.	.	.
20736486	T	A	.	.	.
20736557	C	T	.	.	.
20736592	T	C	.	.	.
20736644	G	A	.	.	.
20736696	G	A	.	.	.
20736824	C	T	.	.	.
20736825	C	T	.	.	.
20736948	T	C	.	.	.
20737084	G	C	.	.	.
20737106	C	A	.	.	.
20737111	G	A	.	.	.
20737128	G	A	.	.	.
20737173	T	C	.	.	.
20737200	T	C	.	.	.
20737301	C	A	.	.	.
20737316	C	T	.	.	.
20737352	G	A	.	.	.
20737368	G	T	.	.	.
20737401	C	T	.	.	.
20737461	G	A	0	0	0
20737538	C	T	0	0	0
20737539	G	A	.	.	.
20737552	T	C	.	.	.
20737570	T	C	.	.	.
20737572	T	G	.	.	.
20737659	G	A	.	.	.
20737788	T	C	.	.	.
20737797	G	A	.	.	.
20737799	C	T	.	.	.
20737879	C	A	0	0	0
20737896	G	T	0	0	0
20737903	G	A	0	0	0
20737915	C	T	0	0	0
20737917	C	T	0	0	0
20737919	G	A	0	0	0
20737931	C	T	0	0	0
20737994	G	A	0	0	0
20738041	T	C	.	.	.
20738060	G	A	.	.	.
20738119	G	A	0	0	0
20738132	G	A	0	0	0
20738142	T	A	0	0	0
20738160	T	G	0	0	0
20738162	G	A	0	0	0
20738169	C	T	0	0	0
20738221	G	A	0	0	0
20738250	G	A	0	0	0
20738259	A	T	0	0	0
20738284	G	T	0	0	0
20738313	G	T	0	0	0
20738316	T	C	0	0	0
20738322	A	G	0	0	0
20738410	A	C	0	0	0
20738429	G	A	0	0	0
20738471	C	A	0	0	0
20738496	C	A	.	.	.
20738497	C	T	.	.	.
20738548	T	C	.	.	.
20738577	T	G	0	0	0
20738589	C	G	0	0	0
20738603	T	C	.	.	.
20738612	G	A	.	.	.
20738640	T	A	.	.	.
20738671	G	A	.	.	.
20738689	G	A	0	0	0
20738790	G	T	.	.	.
20738874	A	C	0	0	0
20738879	G	C	0	0	0
20738891	G	C	0	0	0
20738912	G	T	0	0	0
20738921	T	C	0	0	0
20739058	C	T	.	.	.
20739059	G	C	.	.	.
20739080	C	T	.	.	.
20739081	G	A	.	.	.
20739335	G	A	0	0	0
20739348	G	A	0	0	0
20739358	C	T	0	0	0
20739369	T	C	0	0	0
20739375	C	A	0	0	0
20739432	G	A	.	.	.
20739458	C	T	.	.	.
20739500	G	C	.	.	.
20739542	G	T	0	0	0
20739551	C	T	.	.	.
20739626	C	T	.	.	.
20739642	A	G	.	.	.
20739687	G	A	.	.	.
20739801	A	C	0	0	0
20739809	T	C	0	0	0
20739895	A	G	0	0	0
20739958	T	C	0	0	0
20740037	A	C	2	2	0
20740054	G	C	0	0	0
20740099	G	A	0	0	0
20740215	G	A	0	0	0
20740282	C	T	0	0	0
20740285	T	C	0	0	0
20740325	G	A	0	0	0
20740422	A	C	0	0	0
20740440	G	T	.	.	.
20740455	C	A	.	.	.
20740480	A	G	0	0	0
20740591	A	C	0	0	0
20740651	A	G	0	0	0
20740711	C	T	0	0	0
20740714	C	T	0	0	0
20740736	A	G	0	0	0
20740739	A	T	0	0	0
20740742	T	G	0	0	0
20740765	A	G	.	.	.
20740778	T	C	.	.	.
20740804	T	C	0	0	0
20740813	A	C	0	0	0
20740860	G	A	0	0	0
20740975	G	A	.	.	.
20741028	C	T	.	.	.
20741030	A	C	.	.	.
20741051	T	C	.	.	.
20741060	G	A	.	.	.
20741133	G	A	.	.	.
20741233	G	C	.	.	.
20741287	T	C	.	.	.
20741322	T	C	0	0	0
20741341	A	G	0	0	0
20741377	C	T	0	0	0
20741378	G	A	0	0	0
20741477	A	G	0	0	0
20741492	T	G	0	0	0
20741573	G	A	0	0	0
20741621	C	T	0	0	0
20741622	G	A	0	0	0
20741724	C	T	.	.	.
20741785	T	C	0	0	0
20741843	A	G	0	1	0
20741890	T	C	.	.	.
20741898	C	A	.	.	.
20741921	C	T	0	0	0
20742033	T	C	.	.	.
20742181	A	G	.	.	.
20742198	G	T	.	.	.
20742214	A	G	.	.	.
20742268	C	T	.	.	.
20742285	G	T	.	.	.
20742326	C	A	.	.	.
20742385	G	A	.	.	.
20742409	C	T	.	.	.
20742450	C	A	2	2	2
20742492	G	A	.	.	.
20742526	C	T	.	.	.
20742563	A	G	0	0	0
20742591	T	A	0	0	0
20742600	G	A	0	0	0
20742642	T	C	.	.	.
20742668	C	T	0	0	0
20742669	A	G	0	0	0
20742671	G	A	.	.	.
20742692	A	G	.	.	.
20742783	G	A	0	0	0
20742837	A	G	0	0	0
20742957	A	C	.	.	.
20742986	G	T	.	.	.
20743002	A	G	.	.	.
20743048	G	A	.	.	.
20743094	C	A	.	.	.
20743098	A	C	.	.	.
20743106	T	A	.	.	.
20743112	T	G	.	.	.
20743176	C	T	.	.	.
20743185	T	C	.	.	.
20743193	T	C	.	.	.
20743222	G	C	.	.	.
20743304	A	G	.	.	.
20743335	G	A	.	.	.
20743424	G	A	.	.	.
20743474	C	T	0	0	0
20743503	G	A	.	.	.
20743512	C	T	.	.	.
20743514	A	C	.	.	.
20743522	C	T	.	.	.
20743536	A	C	.	.	.
20743574	A	G	.	.	.
20743622	C	T	.	.	.
20743676	G	A	.	.	.
20743718	T	G	.	.	.
20743730	G	A	.	.	.
20743757	C	T	0	0	0
20743758	G	A	0	0	0
20743771	C	T	.	.	.
20743800	G	A	.	.	.
20743888	G	A	2	0	0
20743902	C	T	0	0	0
20743903	G	A	0	0	0
20743911	A	G	0	0	0
20743922	A	G	0	0	0
20744012	G	A	.	.	.
20744061	A	C	.	.	.
20744111	A	G	.	.	.
20744112	T	A	.	.	.
20744137	A	C	.	.	.
20744144	C	G	0	0	0
20744196	T	C	.	.	.
20744385	C	T	.	.	.
20744525	C	T	0	0	0
20744526	G	A	0	0	0
20744612	C	T	0	0	0
20744623	T	C	0	0	0
20744642	T	A	0	1	0
20744784	A	G	0	0	0
20744914	G	A	0	0	0
20744924	G	A	0	0	0
20744977	A	G	0	0	0
20745034	C	T	0	0	0
20745040	G	A	0	0	0
20745042	C	T	0	0	0
20745133	A	C	0	0	0
20745138	A	C	0	0	0
20745158	A	G	0	0	0
20745183	C	T	0	0	0
20745201	A	G	0	0	0
20745212	T	C	0	0	0
20745216	C	G	0	0	0
20745223	A	G	0	0	0
20745259	T	C	.	.	.
20745275	T	C	.	.	.
20745299	C	T	.	.	.
20745302	G	A	.	.	.
20745344	T	C	.	.	.
20745380	T	A	.	.	.
20745398	G	A	.	.	.
20745427	G	A	.	.	.
20745447	A	G	.	.	.
20745448	G	A	.	.	.
20745479	A	T	.	.	.
20745484	G	A	.	.	.
20745485	C	T	.	.	.
20745596	A	C	0	0	0
20745604	C	T	0	0	0
20745616	G	C	2	2	2
20745617	G	A	0	0	0
20745622	T	A	0	0	0
20745726	G	A	0	0	0
20745749	C	T	0	0	0
20745787	C	T	0	0	0
20745788	G	A	0	0	0
20745832	T	C	0	0	0
20745858	C	T	0	0	0
20745945	A	T	.	.	.
20745964	T	C	.	.	.
20745990	C	T	.	.	.
20745999	C	T	0	0	0
20746000	G	A	.	.	.
20746001	C	T	.	.	.
20746002	G	A	.	.	.
20746022	C	A	.	.	.
20746035	G	T	.	.	.
20746057	C	T	.	.	.
20746078	G	C	.	.	.
20746128	G	A	.	.	.
20746137	A	G	.	.	.
20746139	A	G	.	.	.
20746153	G	A	.	.	.
20746202	A	G	.	.	.
20746203	T	C	.	.	.
20746225	G	T	.	.	.
20746244	T	C	.	.	.
20746278	G	T	.	.	.
20746290	C	T	.	.	.
20746311	C	T	.	.	.
20746317	T	C	.	.	.
20746352	G	C	.	.	.
20746402	T	C	.	.	.
20746519	T	C	.	.	.
20746539	A	G	.	.	.
20746544	A	G	.	.	.
20746590	T	C	.	.	.
20746614	G	A	.	.	.
20746623	G	T	.	.	.
20746640	C	T	.	.	.
20746656	G	A	.	.	.
20746693	T	C	.	.	.
20746699	C	A	.	.	.
20746737	G	A	.	.	.
20746739	C	T	.	.	.
20746750	G	A	.	.	.
20746753	C	T	.	.	.
20746774	G	A	.	.	.
20746785	G	A	.	.	.
20746814	T	C	.	.	.
20746845	C	T	.	.	.
20746868	G	C	.	.	.
20746876	G	A	.	.	.
20746879	C	T	.	.	.
20746916	G	T	.	.	.
20746975	C	T	.	.	.
20747028	C	T	.	.	.
20747055	G	A	.	.	.
20747106	G	A	.	.	.
20747108	G	A	.	.	.
20747255	G	A	.	.	.
20747265	G	A	.	.	.
20747330	C	T	0	0	0
20747347	C	T	.	.	.
20747391	C	A	.	.	.
20747507	G	A	0	0	0
20747533	G	A	0	0	0
20747562	C	T	0	0	0
20747640	C	T	0	0	0
20747651	C	T	0	0	2
20747682	A	T	0	0	0
20747685	A	G	0	0	0
20747763	T	G	2	2	2
20747846	T	A	0	0	2
20747863	C	T	0	0	0
20747906	G	A	.	.	.
20747914	T	G	0	0	0
20747925	T	C	0	0	0
20747970	C	T	0	0	0
20748009	C	T	0	0	0
20748051	G	A	0	0	0
20748053	G	A	0	0	0
20748069	C	A	0	0	1
20748177	A	G	0	0	0
20748202	C	T	0	0	2
20748253	T	C	2	2	2
20748262	G	A	0	0	0
20748269	C	A	0	0	0
20748276	G	C	0	0	0
20748277	G	A	0	0	0
20748287	C	T	0	0	0
20748339	A	C	0	0	0
20748391	C	T	0	0	0
20748421	T	A	0	0	0
20748446	G	T	0	0	0
20748457	G	T	0	0	0
20748544	C	T	0	0	0
20748573	C	A	0	0	0
20748616	C	A	0	0	2
20748617	G	A	0	0	0
20748621	G	A	0	0	0
20748659	G	A	0	0	0
20748667	A	G	0	0	0
20748675	G	A	0	0	0
20748703	G	A	0	0	2
20748775	T	A	0	0	0
20748843	C	T	0	0	0
20748907	G	T	0	0	0
20748909	C	T	0	0	0
20748934	C	T	0	0	0
20748967	T	G	0	0	0
20748994	A	G	0	0	0
20749042	A	G	.	.	.
20749098	A	G	.	.	.
20749109	G	A	.	.	.
20749131	A	C	.	.	.
20749192	A	G	.	.	.
20749237	G	C	.	.	.
20749298	C	T	.	.	.
20749335	T	C	.	.	.
20749358	C	A	0	0	0
20749369	A	G	0	0	0
20749446	G	A	0	0	0
20749479	G	A	0	0	0
20749501	C	T	0	0	0
20749554	C	T	0	0	0
20749607	A	C	0	0	0
20749694	G	A	0	0	0
20749765	A	G	0	0	0
20749767	C	T	0	0	0
20749813	G	A	0	0	0
20749875	C	T	0	0	0
20749897	C	T	0	0	0
20749987	T	C	0	0	2
20750023	A	G	0	0	0
20750028	G	T	0	0	0
20750030	C	T	0	0	0
20750031	G	A	0	0	0
20750044	A	C	0	0	0
20750046	G	A	0	0	0
20750141	T	C	0	0	0
20750165	G	C	0	0	0
20750172	G	A	0	0	0
20750203	A	G	2	2	2
20750260	C	G	0	0	0
20750284	T	A	0	0	0
20750339	C	T	0	0	0
20750419	A	T	0	0	0
20750429	G	C	0	0	0
20750430	T	C	.	.	.
20750458	G	T	.	.	.
20750460	T	G	.	.	.
20750547	G	A	0	0	0
20750552	T	C	0	0	0
20750562	T	C	0	0	0
20750583	C	T	0	0	0
20750594	A	C	2	2	0
20750603	A	G	0	0	0
20750909	G	A	0	0	0
20750972	C	A	0	0	0
20751075	A	G	0	0	0
20751101	C	G	0	0	0
20751119	C	A	0	0	0
20751136	A	G	.	.	.
20751158	T	C	.	.	.
20751167	C	A	0	0	0
20751196	G	A	0	0	0
20751215	A	G	0	0	0
20751255	C	T	2	2	2
20751280	C	T	0	0	0
20751339	G	C	.	.	.
20751398	G	C	.	.	.
20751411	G	C	.	.	.
20751420	G	A	.	.	.
20751431	A	G	.	.	.
20751491	T	G	.	.	.
20751497	G	A	0	0	0
20751530	T	A	0	0	0
20751601	T	A	0	0	0
20751666	G	A	.	.	.
20751678	T	C	0	0	0
20751758	T	C	0	0	0
20751788	C	T	0	0	0
20751917	G	T	0	0	0
20751952	G	A	0	0	0
20751970	A	G	0	0	0
20752058	G	A	0	0	0
20752080	A	G	.	.	.
20752119	A	G	.	.	.
20752159	C	T	.	.	.
20752172	A	G	.	.	.
20752217	T	G	.	.	.
20752234	C	T	.	.	.
20752269	A	G	0	0	0
20752286	T	C	0	0	0
20752320	C	G	.	.	.
20752333	G	T	.	.	.
20752354	A	T	.	.	.
20752384	G	C	.	.	.
20752396	G	A	.	.	.
20752425	T	C	.	.	.
20752476	T	G	.	.	.
20752480	G	A	.	.	.
20752519	A	C	.	.	.
20752542	G	T	.	.	.
20752564	A	T	.	.	.
20752647	C	G	2	2	2
20752648	A	G	2	2	2
20752664	G	A	0	0	0
20752687	T	G	2	2	2
20752725	C	T	0	0	0
20752877	G	A	0	0	0
20753032	A	G	0	0	0
20753041	T	A	0	0	0
20753065	G	T	.	.	.
20753070	G	C	.	.	.
20753072	T	A	.	.	.
20753099	C	T	0	0	0
20753100	G	A	0	0	0
20753101	T	C	2	2	2
20753135	T	C	0	0	0
20753152	C	T	2	2	2
20753203	G	A	2	2	2
20753205	A	G	2	2	2
20753208	C	T	2	2	.
20753211	C	T	2	0	2
20753213	G	A	0	2	0
20753214	C	T	2	2	2
20753215	C	G	2	2	2
20753241	T	C	0	0	0
20753252	T	A	0	0	0
20753271	A	T	2	2	2
20753280	T	C	0	0	0
20753305	A	G	0	0	0
20753330	G	A	0	0	0
20753331	T	C	0	0	0
20753399	G	A	.	.	.
20753432	C	G	0	0	0
20753457	A	G	0	0	0
20753477	G	A	.	.	.
20753481	G	A	.	.	.
20753615	G	A	.	.	.
20753661	G	T	.	.	.
20753681	T	A	.	.	.
20753697	G	A	0	0	0
20753771	G	T	2	2	2
20753793	C	T	0	0	0
20753795	T	G	0	0	0
20753821	G	A	0	0	0
20753848	G	A	.	.	.
20753942	C	T	.	.	.
20753966	T	C	.	.	.
20754039	G	A	.	.	.
20754083	C	T	0	0	0
20754163	T	A	0	0	0
20754190	A	G	0	0	0
20754220	A	G	0	0	0
20754239	T	G	0	0	0
20754269	G	A	0	0	0
20754288	T	C	0	0	0
20754370	T	C	0	0	0
20754377	G	A	0	0	0
20754446	G	C	0	0	0
20754447	G	A	0	0	0
20754469	A	G	0	0	0
20754472	A	G	0	0	0
20754489	C	T	0	0	0
20754490	G	A	0	0	0
20754501	C	T	0	0	0
20754504	T	G	0	0	0
20754506	C	G	2	2	2
20754507	T	G	0	0	0
20754550	T	A	0	0	0
20754591	C	G	0	0	0
20754597	A	G	0	0	0
20754615	A	G	0	0	0
20754618	C	G	0	0	0
20754622	T	A	0	0	0
20754654	C	T	0	0	0
20754655	G	T	0	0	0
20754678	G	A	0	0	0
20754689	C	T	0	0	0
20754741	C	T	.	.	.
20754743	C	G	.	.	.
20754744	C	G	.	.	.
20754802	G	T	0	0	0
20754824	G	C	0	0	0
20754836	C	T	0	0	0
20754844	G	C	0	0	0
20754851	A	G	0	0	0
20754872	A	G	0	0	0
20754927	G	A	0	0	0
20754997	G	A	0	0	0
20755006	C	T	0	0	0
20755055	T	C	.	.	.
20755067	C	G	0	0	0
20755076	C	T	0	0	0
20755097	T	C	0	0	0
20755098	A	G	2	2	2
20755132	C	T	0	0	0
20755182	G	A	0	0	0
20755211	C	T	0	0	0
20755212	G	A	0	0	0
20755226	A	G	0	0	0
20755235	G	A	0	0	0
20755241	G	A	0	0	0
20755283	A	G	0	0	0
20755340	A	G	0	0	0
20755366	T	A	0	0	0
20755375	G	A	0	0	0
20755380	G	T	0	0	0
20755422	C	T	0	0	0
20755501	G	A	0	0	0
20755513	C	T	0	0	0
20755514	G	A	0	0	0
20755519	G	A	0	0	0
20755527	G	A	2	2	0
20755529	G	T	0	0	0
20755631	G	A	0	0	0
20755674	C	G	0	0	0
20755754	C	T	0	0	0
20755783	G	A	0	0	0
20755858	A	G	0	0	0
20755865	A	G	0	0	0
20755907	G	A	0	0	0
20755959	G	A	0	0	0
20756023	G	T	0	0	0
20756066	G	A	0	0	0
20756131	T	C	0	0	0
20756184	G	T	0	0	0
20756192	G	A	0	0	0
20756252	C	T	0	0	0
20756266	G	T	0	0	2
20756299	C	T	0	0	0
20756322	T	C	0	0	0
20756370	T	C	0	0	0
20756405	G	A	0	0	0
20756407	G	A	0	0	0
20756450	G	A	0	0	0
20756471	C	A	0	0	0
20756474	G	A	0	0	0
20756476	G	A	0	0	0
20756480	C	T	0	0	0
20756512	A	G	2	2	2
20756574	T	G	0	0	0
20756602	C	T	0	0	0
20756677	A	G	0	0	0
20756728	G	A	0	0	0
20756751	T	C	0	0	0
20756785	C	T	0	0	0
20756858	G	A	.	.	.
20756930	A	G	.	.	.
20756964	G	A	.	.	.
20756968	G	A	.	.	.
20756983	T	C	.	.	.
20757000	A	T	.	.	.
20757004	T	C	.	.	.
20757032	G	C	.	.	.
20757033	G	A	.	.	.
20757049	C	G	.	.	.
20757117	C	G	.	.	.
20757123	G	A	.	.	.
20757175	T	C	.	.	.
20757187	G	A	.	.	.
20757255	C	G	.	.	.
20757425	T	G	.	.	.
20757466	C	G	0	0	0
20757487	G	C	0	0	0
20757497	T	G	0	0	0
20757518	T	C	2	0	0
20757559	A	G	0	0	0
20757570	C	T	0	0	0
20757573	G	C	0	0	0
20757629	A	G	0	0	0
20757792	C	T	0	0	0
20757866	C	G	0	0	0
20757885	C	G	0	0	0
20757922	A	G	0	0	0
20757974	A	G	.	.	.
20758042	G	T	.	.	.
20758057	C	A	.	.	.
20758059	C	T	.	.	.
20758082	C	T	.	.	.
20758109	C	T	0	0	0
20758135	C	T	0	0	0
20758136	G	A	0	1	0
20758137	G	C	0	0	0
20758217	G	A	0	0	0
20758244	C	T	0	0	0
20758300	C	T	0	0	0
20758305	C	A	0	0	0
20758314	C	G	0	0	0
20758341	G	A	0	0	0
20758350	C	G	0	0	0
20758361	T	G	0	0	0
20758402	T	G	0	0	0
20758539	T	C	0	0	0
20758551	G	A	0	0	0
20758604	A	G	.	.	.
20758707	C	T	.	.	.
20758724	C	T	.	.	.
20758730	A	G	.	.	.
20758731	C	T	.	.	.
20758751	G	A	.	.	.
20758767	A	T	.	.	.
20758849	G	T	.	.	.
20758873	G	A	.	.	.
20758950	T	C	0	0	0
20758951	C	G	0	0	0
20758954	C	T	0	0	0
20758959	G	A	0	0	0
20759001	C	T	0	0	0
20759049	T	A	.	.	.
20759089	C	G	0	0	0
20759092	T	C	0	0	0
20759137	G	A	.	.	.
20759200	G	T	.	.	.
20759224	G	T	.	.	.
20759246	C	G	.	.	.
20759264	C	A	0	0	0
20759289	G	A	0	0	0
20759325	C	T	0	0	0
20759400	C	T	0	0	0
20759404	C	A	0	0	0
20759405	C	T	2	2	2
20759445	C	T	0	0	0
20759486	G	A	0	0	0
20759517	C	T	0	0	0
20759534	A	G	2	2	2
20759551	C	T	0	0	0
20759580	T	G	0	0	0
20759604	C	G	0	0	0
20759606	A	G	0	0	0
20759620	G	A	0	0	0
20759624	G	T	0	0	0
20759626	T	C	0	0	0
20759672	G	A	2	2	0
20759745	G	T	0	0	0
20759787	C	G	0	0	0
20759804	G	A	0	0	0
20759825	C	A	0	0	0
20759891	C	G	.	.	.
20759897	C	A	.	.	.
20759967	C	T	0	0	0
20759999	C	G	0	0	0
20760033	G	T	0	0	0
20760043	G	A	0	0	0
20760053	G	A	0	0	0
20760068	G	A	0	0	0
20760074	G	T	0	0	0
20760096	G	A	0	0	0
20760106	C	T	0	0	0
20760178	C	T	0	0	0
20760220	C	T	.	.	.
20760301	C	T	.	.	.
20760304	G	A	.	.	.
20760373	C	A	0	0	0
20760503	G	A	0	0	0
20760516	C	A	0	0	0
20760538	G	T	0	0	0
20760633	C	T	0	0	0
20760691	C	G	0	0	0
20760794	C	T	.	.	.
20760795	G	A	.	.	.
20760798	G	T	.	.	.
20760817	G	C	.	.	.
20760942	A	G	0	0	0
20760977	G	A	0	0	0
20761018	C	T	0	0	0
20761028	T	C	0	0	0
20761029	C	T	0	0	0
20761033	C	A	0	0	0
20761052	C	G	0	0	0
20761063	G	A	0	0	0
20761079	A	G	0	0	0
20761099	G	C	0	0	0
20761111	C	T	0	0	0
20761112	T	A	0	0	0
20761115	G	A	0	0	0
20761155	G	A	0	0	0
20761192	G	T	.	.	.
20761193	C	T	.	.	.
20761202	G	C	.	.	.
20761252	A	C	0	0	0
20761319	G	A	0	0	0
20761384	C	A	2	2	2
20761429	A	G	0	0	0
20761474	T	C	0	0	0
20761493	T	C	0	0	0
20761565	C	T	0	0	0
20761566	G	A	0	0	0
20761641	G	A	.	.	.
20761665	G	A	.	.	.
20761676	G	A	.	.	.
20761712	C	T	.	.	.
20761713	G	A	.	.	.
20761779	C	G	.	.	.
20761789	G	A	.	.	.
20761811	G	A	.	.	.
20761815	T	C	.	.	.
20761833	G	A	.	.	.
20761873	T	C	0	0	0
20761882	C	T	0	0	0
20761899	C	T	2	2	2
20761909	C	T	0	0	0
20761937	T	C	0	0	0
20761963	T	C	0	0	0
20761976	T	G	0	0	0
20761994	A	T	0	0	0
20761996	A	C	0	0	0
20762004	A	G	0	0	0
20762022	G	A	0	0	0
20762054	G	A	2	2	0
20762116	G	A	0	0	0
20762127	G	C	0	0	0
20762140	G	A	0	0	1
20762149	T	C	0	0	0
20762168	A	G	0	0	0
20762203	G	A	0	0	0
20762219	T	G	0	0	0
20762231	G	T	0	0	0
20762253	G	A	0	0	0
20762346	G	A	0	0	0
20762400	C	G	0	0	0
20762411	G	A	0	0	0
20762421	A	C	0	0	0
20762423	C	A	0	0	0
20762429	C	A	0	0	0
20762621	G	A	0	0	0
20762691	C	T	0	0	0
20762805	A	G	.	.	.
20762873	C	T	.	.	.
20762874	G	A	.	.	.
20762894	A	T	.	.	.
20762920	G	A	.	.	.
20762955	C	T	.	.	.
20763032	C	G	.	.	.
20763040	C	T	.	.	.
20763043	C	T	.	.	.
20763119	C	T	.	.	.
20763120	G	A	.	.	.
20763121	A	G	.	.	.
20763128	G	A	.	.	.
20763143	G	A	.	.	.
20763203	A	G	0	0	0
20763230	T	C	0	0	0
20763267	G	T	.	.	.
20763278	G	A	.	.	.
20763313	C	G	.	.	.
20763315	C	G	.	.	.
20763316	A	T	.	.	.
20763368	G	C	.	.	.
20763397	T	G	.	.	.
20763398	G	T	.	.	.
20763428	C	T	.	.	.
20763457	C	T	.	.	.
20763458	G	A	.	.	.
20763538	A	C	0	0	0
20763636	T	C	0	0	0
20763652	T	A	0	0	0
20763685	C	A	0	0	0
20763778	A	G	.	.	.
20763838	C	T	.	.	.
20763844	G	A	.	.	.
20763847	C	A	.	.	.
20763894	G	A	.	.	.
20764000	G	A	0	0	0
20764028	C	T	0	0	0
20764063	T	C	.	.	.
20764080	A	C	.	.	.
20764109	C	T	.	.	.
20764123	G	A	.	.	.
20764220	A	G	.	.	.
20764374	T	C	.	.	.
20764390	A	T	.	.	.
20764431	T	C	0	0	0
20764522	T	C	0	0	0
20764523	T	C	0	0	0
20764538	C	G	0	0	0
20764559	T	C	0	0	0
20764560	G	A	0	0	0
20764592	T	G	0	0	0
20764595	T	G	2	2	2
20764606	A	G	0	0	0
20764623	C	T	0	0	0
20764662	A	G	0	0	0
20764744	T	C	0	0	0
20764756	C	T	0	0	0
20764765	C	G	0	0	0
20764791	C	T	0	0	0
20764797	T	C	0	0	0
20764816	C	T	0	0	0
20764819	T	C	0	0	0
20764821	C	T	0	0	0
20764822	G	A	0	0	0
20764841	G	A	0	0	0
20764916	G	A	0	0	0
20764917	T	C	0	0	0
20764994	T	C	0	0	0
20765021	T	C	2	2	2
20765022	G	A	0	0	0
20765169	C	G	.	.	.
20765192	G	A	.	.	.
20765201	T	C	.	.	.
20765240	G	A	.	.	.
20765302	C	T	.	.	.
20765331	G	C	.	.	.
20765373	T	C	.	.	.
20765380	C	T	.	.	.
20765390	G	A	.	.	.
20765395	G	C	.	.	.
20765418	G	A	.	.	.
20765434	G	A	.	.	.
20765457	C	G	0	0	0
20765476	G	A	0	0	0
20765481	G	T	0	0	0
20765484	A	C	0	0	0
20765532	T	A	.	.	.
20765538	A	C	.	.	.
20765552	A	C	.	.	.
20765582	A	C	.	.	.
20765615	C	T	.	.	.
20765647	A	C	.	.	.
20765655	A	G	.	.	.
20765685	A	C	.	.	.
20765720	C	G	.	.	.
20765776	G	A	.	.	.
20765814	A	G	.	.	.
20765825	C	T	.	.	.
20765842	A	T	.	.	.
20765917	G	A	0	0	0
20765919	T	C	0	0	0
20765936	G	A	0	0	0
20765977	C	T	0	0	0
20765989	C	A	.	.	.
20766003	C	T	.	.	.
20766004	G	A	.	.	.
20766007	G	T	.	.	.
20766011	C	T	.	.	.
20766018	C	T	.	.	.
20766041	G	T	.	.	.
20766084	T	C	.	.	.
20766121	T	C	.	.	.
20766150	T	C	.	.	.
20766192	C	T	.	.	.
20766194	C	A	.	.	.
20766209	T	C	.	.	.
20766210	G	A	.	.	.
20766226	C	T	.	.	.
20766246	C	T	.	.	.
20766267	G	T	.	.	.
20766273	G	A	.	.	.
20766277	C	T	.	.	.
20766278	G	A	.	.	.
20766284	C	A	.	.	.
20766292	G	A	.	.	.
20766295	G	A	0	0	0
20766343	G	T	0	0	0
20766369	C	T	0	0	0
20766372	T	C	0	0	0
20766375	C	T	0	0	0
20766398	G	A	0	0	0
20766456	G	A	0	0	0
20766479	G	A	0	0	0
20766544	G	T	0	0	0
20766659	G	A	0	0	0
20766660	C	T	0	0	0
20766687	C	T	0	0	0
20766710	A	T	0	0	0
20766730	G	A	0	0	0
20766736	G	T	0	0	0
20766907	T	G	0	0	0
20766938	G	C	0	0	0
20766945	T	C	0	0	0
20766957	A	G	0	0	0
20766960	G	T	0	0	0
20766962	C	A	0	0	0
20766963	G	A	0	0	0
20767020	A	G	0	0	0
20767022	T	C	.	.	.
20767029	T	C	.	.	.
20767089	G	A	.	.	.
20767103	C	T	2	2	0
20767115	T	C	0	0	0
20767132	G	A	.	.	.
20767164	C	T	0	0	0
20767165	G	A	0	0	0
20767213	A	G	.	.	.
20767233	A	G	0	0	0
20767303	G	A	2	2	2
20767333	C	G	0	0	0
20767341	C	T	0	0	0
20767350	A	G	0	0	0
20767357	A	G	0	0	2
20767380	T	C	0	0	0
20767561	A	G	.	.	.
20767572	G	T	.	.	.
20767634	G	A	0	0	0
20767689	T	C	0	0	0
20767707	G	A	0	0	0
20767717	G	A	0	0	0
20767791	C	T	0	0	0
20767835	A	G	.	.	.
20767851	C	A	.	.	.
20767861	T	G	.	.	.
20767868	A	G	.	.	.
20767933	C	G	.	.	.
20767940	G	C	.	.	.
20768030	G	A	.	.	.
20768038	G	T	.	.	.
20768051	G	T	.	.	.
20768073	T	C	.	.	.
20768075	G	A	.	.	.
20768095	C	T	.	.	.
20768096	T	C	.	.	.
20768207	C	G	0	0	0
20768266	C	G	.	.	.
20768284	C	T	0	0	0
20768287	G	A	0	0	0
20768294	G	T	0	0	0
20768296	A	G	2	2	0
20768301	T	G	0	0	0
20768334	G	A	0	0	0
20768342	C	T	0	0	0
20768352	T	A	0	0	0
20768358	C	T	0	0	0
20768359	G	C	0	0	0
20768407	G	A	0	0	0
20768409	G	A	0	0	0
20768443	G	A	0	0	0
20768460	G	T	0	0	0
20768475	T	C	0	0	0
20768518	G	A	0	0	0
20768560	C	A	0	0	0
20768596	T	G	0	0	2
20768610	C	A	0	0	0
20768635	T	C	0	0	0
20768666	C	A	0	0	0
20768680	C	T	0	0	0
20768702	C	G	2	2	0
20768729	A	G	0	0	1
20768782	G	A	0	0	0
20768821	C	A	0	0	0
20768884	G	A	0	0	0
20768891	C	T	2	2	2
20768895	C	T	.	.	.
20768955	T	C	0	0	0
20769004	C	A	0	0	0
20769050	C	G	0	0	0
20769055	C	T	0	0	0
20769189	T	C	.	.	.
20769204	A	G	.	.	.
20769383	T	A	.	.	.
20769412	A	G	.	.	.
20769417	T	C	.	.	.
20769443	T	C	.	.	.
20769485	C	T	.	.	.
20769494	G	T	.	.	.
20769511	G	C	.	.	.
20769564	A	T	.	.	.
20769570	C	T	.	.	.
20769702	C	T	.	.	.
20769723	A	G	.	.	.
20769729	T	G	.	.	.
20769761	G	A	.	.	.
20769799	A	G	.	.	.
20769858	T	C	.	.	.
20769898	T	C	.	.	.
20769966	C	T	.	.	.
20769967	G	A	.	.	.
20770030	C	T	.	.	.
20770054	A	G	.	.	.
20770082	C	T	.	.	.
20770083	G	A	.	.	.
20770167	A	G	.	.	.
20770191	T	C	.	.	.
20770251	T	A	.	.	.
20770295	C	T	.	.	.
20770313	C	T	.	.	.
20770323	T	A	.	.	.
20770377	T	C	.	.	.
20770410	C	A	.	.	.
20770411	G	A	.	.	.
20770439	T	C	.	.	.
20770466	C	T	.	.	.
20770620	C	T	.	.	.
20770743	A	G	.	.	.
20770753	A	G	.	.	.
20770790	C	T	.	.	.
20770890	A	C	.	.	.
20770906	C	T	.	.	.
20770907	G	A	.	.	.
20770919	G	A	.	.	.
20770968	T	C	.	.	.
20771044	C	T	.	.	.
20771045	G	A	.	.	.
20771085	A	G	.	.	.
20771086	T	A	.	.	.
20771100	G	A	.	.	.
20771136	C	G	0	0	0
20771144	A	T	2	2	2
20771152	C	T	.	.	.
20771153	G	A	.	.	.
20771318	C	A	0	0	0
20771334	A	G	.	.	.
20771438	C	T	.	.	.
20771453	T	C	.	.	.
20771463	G	A	.	.	.
20771515	A	G	.	.	.
20771523	C	T	.	.	.
20771530	C	T	.	.	.
20771590	G	A	.	.	.
20771613	A	T	.	.	.
20771619	G	A	.	.	.
20771721	C	T	.	.	.
20771748	G	T	.	.	.
20771783	G	A	.	.	.
20771825	T	G	.	.	.
20771837	G	A	.	.	.
20771846	G	T	.	.	.
20771851	G	A	.	.	.
20771860	C	T	.	.	.
20771862	C	A	.	.	.
20771980	T	C	0	0	0
20771999	C	A	0	0	0
20772003	G	T	0	0	0
20772017	C	T	0	0	0
20772018	G	A	0	0	0
20772066	C	G	0	0	0
20772099	C	A	.	.	.
20772153	A	G	.	.	.
20772158	A	C	.	.	.
20772172	G	A	.	.	.
20772185	C	T	.	.	.
20772194	A	T	.	.	.
20772250	C	T	.	.	.
20772280	A	G	.	.	.
20772303	G	A	.	.	.
20772325	C	A	.	.	.
20772331	T	C	.	.	.
20772357	G	A	.	.	.
20772365	G	C	.	.	.
20772369	A	G	.	.	.
20772418	C	T	.	.	.
20772420	C	G	.	.	.
20772524	G	A	0	0	0
20772535	T	C	.	.	.
20772563	A	G	.	.	.
20772598	G	A	0	0	2
20772640	C	A	0	0	0
20772675	T	G	1	0	0
20772684	A	G	0	0	0
20772722	G	T	.	.	.
20772773	G	A	0	0	0
20772880	A	G	0	0	0
20772909	C	G	0	0	0
20772910	T	C	0	0	0
20772921	C	T	0	0	0
20772979	C	G	0	0	0
20772987	G	A	.	.	.
20773029	T	C	.	.	.
20773039	C	G	.	.	.
20773107	T	A	.	.	.
20773157	C	G	.	.	.
20773166	C	T	.	.	.
20773167	A	G	.	.	.
20773168	G	A	.	.	.
20773182	C	T	.	.	.
20773213	T	A	.	.	.
20773315	T	C	0	0	0
20773422	C	T	0	0	0
20773480	G	C	0	0	0
20773521	G	C	2	2	2
20773527	G	A	0	0	0
20773536	C	T	0	0	0
20773537	G	A	0	0	0
20773711	C	T	0	0	0
20773748	C	T	0	0	0
20773832	C	T	0	0	0
20773859	C	T	0	0	0
20773860	T	C	0	0	0
20773971	C	T	0	0	0
20774066	T	C	2	2	2
20774095	G	T	.	.	.
20774123	G	A	.	.	.
20774137	A	T	.	.	.
20774348	C	T	.	.	.
20774384	G	T	.	.	.
20774434	C	A	0	0	0
20774440	G	A	0	0	0
20774454	A	G	0	0	0
20774465	T	C	0	0	0
20774467	G	A	0	0	0
20774479	A	G	0	0	0
20774491	C	T	0	0	0
20774507	A	G	0	0	0
20774601	C	T	0	0	0
20774609	C	A	0	0	0
20774614	G	A	0	0	0
20774658	C	T	0	0	0
20774659	G	A	0	0	0
20774666	G	A	0	0	0
20774676	G	A	0	0	0
20774678	G	A	0	0	0
20774754	T	G	.	.	.
20774808	G	A	0	0	0
20774880	G	A	0	0	0
20774897	G	A	0	0	0
20774965	C	T	0	0	0
20774992	T	C	0	1	0
20775000	A	C	0	0	0
20775018	C	T	0	0	0
20775039	G	A	0	0	0
20775061	G	A	0	0	0
20775082	G	C	0	0	0
20775138	G	T	0	0	0
20775142	C	A	0	0	0
20775148	G	A	0	0	0
20775157	T	A	0	0	0
20775167	C	T	0	0	0
20775200	T	C	.	.	.
20775218	A	T	.	.	.
20775247	C	T	0	0	0
20775261	T	C	0	0	0
20775274	C	T	0	0	0
20775282	T	G	0	0	0
20775306	G	A	0	0	0
20775375	C	T	0	0	1
20775376	G	A	0	0	0
20775394	G	T	0	0	0
20775405	G	T	0	0	0
20775495	G	A	.	.	.
20775529	G	T	.	.	.
20775550	A	G	.	.	.
20775556	G	T	.	.	.
20775622	A	G	.	.	.
20775627	C	T	.	.	.
20775632	T	C	.	.	.
20775636	G	A	.	.	.
20775661	A	G	.	.	.
20775688	C	G	.	.	.
20775741	C	T	.	.	.
20775742	G	A	.	.	.
20775782	G	C	.	.	.
20775789	G	A	.	.	.
20775791	T	G	.	.	.
20775796	C	A	.	.	.
20775837	A	G	.	.	.
20775852	C	T	.	.	.
20775879	G	A	.	.	.
20775933	T	C	0	0	0
20775971	G	A	0	0	0
20776020	G	A	0	0	0
20776086	T	C	.	.	.
20776087	C	T	.	.	.
20776129	T	C	.	.	.
20776154	C	T	.	.	.
20776160	G	A	.	.	.
20776199	G	A	.	.	.
20776220	C	A	.	.	.
20776258	G	A	.	.	.
20776266	C	G	.	.	.
20776363	C	T	.	.	.
20776393	C	T	.	.	.
20776406	A	G	.	.	.
20776413	C	T	.	.	.
20776414	G	A	.	.	.
20776418	G	A	0	0	0
20776433	T	C	0	0	0
20776450	C	T	0	0	0
20776453	T	C	0	0	0
20776471	G	A	0	0	0
20776523	C	T	0	0	0
20776598	T	A	0	0	0
20776612	T	C	0	0	0
20776671	T	A	0	0	0
20776681	C	T	0	0	0
20776713	T	C	0	0	0
20776734	C	T	0	0	0
20776735	G	A	0	0	0
20776752	G	A	0	0	0
20776797	G	A	0	0	0
20776819	T	C	0	0	0
20776843	G	A	0	0	0
20776859	G	A	0	0	0
20776865	G	A	0	0	0
20776869	C	T	0	0	0
20776874	T	C	0	0	0
20776963	G	A	0	0	0
20777014	A	G	.	.	.
20777027	C	T	.	.	.
20777058	A	C	0	0	0
20777154	G	T	0	0	0
20777159	C	T	0	0	0
20777160	C	T	0	0	0
20777199	G	T	0	0	0
20777260	C	T	.	.	.
20777289	G	A	.	.	.
20777304	G	A	.	.	.
20777313	C	T	0	0	0
20777357	G	A	0	0	0
20777359	G	C	0	0	0
20777432	C	T	0	0	2
20777433	G	A	0	0	0
20777465	A	G	0	0	0
20777469	G	A	0	0	0
20777480	G	A	0	0	0
20777512	A	G	.	.	.
20777533	C	T	0	0	0
20777534	G	A	2	2	0
20777558	C	T	0	0	0
20777586	C	T	0	0	0
20777616	G	A	0	0	0
20777620	G	A	0	0	0
20777656	G	A	0	0	0
20777672	A	G	0	0	2
20777677	G	C	0	0	0
20777697	C	T	0	0	0
20777774	G	A	0	0	0
20777781	C	T	0	0	2
20777822	G	A	0	0	0
20777832	G	A	0	0	0
20777875	C	G	0	0	0
20777912	C	T	0	0	0
20777941	C	T	0	0	0
20777942	G	A	0	0	0
20777950	C	G	0	0	0
20777959	A	G	0	0	0
20777961	C	T	0	0	0
20777971	A	G	0	0	0
20777986	C	T	0	0	0
20777987	G	A	0	0	0
20778015	A	C	0	0	0
20778066	A	G	2	2	2
20778087	G	A	0	0	0
20778144	A	G	0	0	0
20778146	C	T	0	0	0
20778151	G	A	0	0	0
20778216	G	A	0	0	0
20778219	T	G	0	0	0
20778235	C	T	0	0	0
20778261	C	A	0	0	0
20778271	G	A	0	0	0
20778299	C	G	0	0	0
20778301	C	T	0	0	0
20778323	C	T	0	0	0
20778388	G	A	0	0	0
20778426	G	A	0	0	0
20778447	G	A	0	0	0
20778448	C	A	0	0	0
20778470	G	C	.	.	.
20778624	C	T	0	0	0
20778656	G	C	0	0	0
20778770	C	T	2	2	0
20778829	G	A	.	.	.
20778875	G	C	0	0	0
20778888	T	G	0	0	0
20778901	G	C	0	0	0
20778920	C	T	0	0	0
20778949	G	A	.	.	.
20779008	C	T	0	0	0
20779021	C	T	0	0	0
20779043	G	T	0	0	0
20779080	C	T	0	0	0
20779085	G	A	0	0	0
20779097	G	A	0	0	0
20779130	C	A	0	0	0
20779131	G	T	0	0	0
20779189	G	A	0	0	0
20779209	T	C	0	0	0
20779215	C	G	0	0	0
20779216	G	A	0	0	0
20779228	G	C	0	0	0
20779259	G	C	0	0	0
20779260	G	C	0	0	0
20779302	A	G	0	0	0
20779320	C	G	0	0	0
20779482	C	T	0	0	0
20779563	C	T	2	2	2
20779604	T	G	0	0	0
20779610	G	T	0	0	0
20779619	G	A	0	0	0
20779641	T	G	0	0	0
20779687	C	T	0	0	0
20779744	G	A	.	.	.
20779768	G	C	0	0	0
20779797	C	T	0	0	0
20779822	G	C	0	0	0
20779892	C	T	0	0	0
20779946	C	G	2	2	2
20779947	G	C	2	2	2
20780002	C	T	0	0	0
20780031	G	C	2	2	2
20780079	C	T	.	.	.
20780130	G	A	0	0	0
20780183	G	C	0	0	0
20780230	C	G	0	0	1
20780235	T	G	0	0	1
20780296	G	A	0	0	0
20780416	T	C	0	0	0
20780427	C	T	0	0	0
20780468	C	G	0	0	0
20780474	C	T	0	0	0
20780497	G	A	0	0	0
20780656	C	T	0	0	0
20780661	C	T	0	0	0
20780665	C	T	0	0	0
20780710	A	G	0	0	0
20780754	G	A	0	0	0
20780785	T	G	0	0	0
20780802	C	A	0	0	0
20780883	G	C	0	0	0
20780916	C	T	0	0	0
20780944	G	A	.	.	.
20780989	C	T	.	.	.
20780990	G	C	.	.	.
20781006	G	T	.	.	.
20781102	T	G	.	.	.
20781150	G	T	.	.	.
20781200	G	C	.	.	.
20781236	G	T	.	.	.
20781267	C	T	0	0	0
20781312	C	T	0	0	0
20781321	C	G	0	0	0
20781347	C	G	0	0	0
20781348	A	C	0	0	0
20781371	C	T	0	0	0
20781373	C	G	0	0	0
20781445	A	G	0	0	0
20781475	G	A	0	0	0
20781493	A	T	2	2	0
20781494	C	G	2	2	0
20781495	C	A	.	2	0
20781496	T	A	2	.	0
20781500	T	G	0	0	0
20781502	C	T	0	0	0
20781529	A	G	0	0	0
20781590	C	T	0	0	0
20781668	G	C	0	0	0
20781670	T	C	2	2	2
20781725	G	A	0	0	0
20781731	C	T	0	0	0
20781732	G	A	0	0	0
20781778	G	A	0	0	0
20781792	T	C	0	0	0
20781827	G	A	0	0	0
20781869	T	C	0	0	0
20781872	A	T	0	0	0
20781874	T	C	0	0	0
20781885	C	T	0	0	0
20781886	G	A	0	0	0
20781888	T	C	0	0	0
20781944	A	G	0	0	0
20781982	A	G	0	0	0
20782011	G	A	0	0	0
20782017	A	G	0	0	0
20782039	T	C	0	0	0
20782049	A	G	0	0	0
20782084	G	A	0	0	0
20782094	A	G	0	0	0
20782102	G	C	0	1	0
20782108	G	T	0	0	0
20782121	G	A	0	0	0
20782139	G	C	0	0	0
20782173	C	T	0	0	0
20782179	C	T	0	0	0
20782240	G	A	0	0	0
20782345	G	A	0	0	0
20782391	A	G	0	0	0
20782396	C	T	0	0	0
20782399	C	T	0	0	0
20782404	A	G	0	0	0
20782454	T	C	0	0	0
20782464	C	T	0	0	0
20782469	T	G	0	0	0
20782479	C	T	0	0	2
20782491	G	A	0	0	0
20782519	C	A	.	.	.
20782525	T	C	.	.	.
20782541	T	C	.	.	.
20782571	C	T	.	.	.
20782577	T	C	.	.	.
20782585	T	C	.	.	.
20782593	C	A	.	.	.
20782644	G	T	.	.	.
20782740	C	T	.	.	.
20782741	G	A	.	.	.
20782766	T	G	.	.	.
20782781	G	A	.	.	.
20782826	G	A	.	.	.
20782892	G	C	.	.	.
20782986	G	C	0	0	0
20783035	C	T	.	.	.
20783036	C	T	.	.	.
20783039	C	G	.	.	.
20783100	C	T	0	0	0
20783149	C	T	0	0	0
20783168	C	T	0	0	0
20783169	A	T	0	0	0
20783200	C	T	0	0	0
20783213	G	A	0	0	0
20783239	C	T	0	0	0
20783346	C	T	0	0	0
20783435	C	A	0	0	0
20783438	C	T	0	0	0
20783485	C	A	0	0	0
20783575	T	C	0	0	0
20783637	C	T	0	0	0
20783655	G	C	0	0	0
20783687	A	T	0	0	0
20783692	G	C	0	0	0
20783721	C	T	0	0	0
20783725	G	A	0	0	0
20783767	G	A	0	0	0
20783770	C	G	0	0	0
20783783	G	C	0	0	0
20783797	G	A	0	0	0
20783815	G	C	0	0	0
20783829	G	T	0	0	0
20783834	G	A	0	0	0
20783845	G	C	0	0	0
20783906	G	A	0	0	0
20783960	C	T	0	0	0
20783991	T	C	0	0	0
20784050	T	A	2	2	2
20784102	C	A	0	0	0
20784152	G	A	.	.	.
20784165	G	A	0	0	0
20784182	C	T	0	0	0
20784217	C	T	0	0	0
20784332	G	T	.	.	.
20784336	G	A	.	.	.
20784434	G	A	0	0	0
20784471	C	T	0	0	0
20784496	C	T	0	0	0
20784550	A	G	2	2	2
20784594	G	A	0	0	0
20784630	C	A	0	0	0
20784637	G	A	.	.	.
20784702	C	G	0	0	0
20784797	A	G	0	0	0
20784826	G	A	0	0	2
20784865	C	T	0	0	0
20784892	C	T	0	0	0
20784908	T	G	2	2	2
20784909	T	A	2	2	2
20784979	G	A	0	0	0
20785075	C	T	0	0	0
20785078	G	T	0	0	0
20785162	C	G	0	0	0
20785163	G	A	0	0	0
20785200	G	C	0	0	0
20785257	G	C	0	0	0
20785263	C	A	0	0	0
20785275	C	T	0	0	0
20785289	G	T	0	0	0
20785439	G	A	0	0	0
20785533	C	T	0	0	0
20785574	T	G	0	0	0
20785578	T	G	0	0	0
20785579	C	T	0	0	0
20785589	C	T	0	0	0
20785639	G	A	0	0	0
20785796	G	A	0	0	0
20785905	C	G	0	0	0
20785910	T	C	0	0	0
20785928	G	A	0	0	0
20785956	C	A	0	0	0
20785985	C	A	0	0	0
20785990	A	C	0	0	0
20785993	C	G	0	0	0
20786033	G	A	0	0	0
20786075	C	T	0	0	0
20786125	C	T	0	0	0
20786126	G	A	0	0	0
20786130	A	G	0	0	0
20786143	A	G	0	0	0
20786200	C	G	0	0	0
20786271	G	C	0	0	0
20786287	G	A	0	0	0
20786331	C	T	0	0	0
20786381	G	A	.	.	.
20786398	G	C	.	.	.
20786420	G	A	0	0	0
20786462	C	T	0	0	0
20786488	A	C	2	2	2
20786513	T	G	0	0	0
20786520	C	G	0	0	0
20786556	T	C	0	0	0
20786600	A	G	2	2	2
20786616	G	A	0	0	0
20786642	G	A	0	0	0
20786657	G	T	0	0	0
20786692	G	A	0	0	0
20786724	A	G	0	0	0
20786733	T	G	0	0	0
20786809	C	T	.	.	.
20786810	G	A	.	.	.
20786811	G	C	.	.	.
20786812	G	A	.	.	.
20786815	G	A	.	.	.
20786827	C	A	0	0	0
20786841	C	T	0	0	0
20786870	T	C	0	0	0
20786979	G	T	0	0	1
20786988	A	G	0	0	0
20787009	T	C	0	0	0
20787036	C	T	.	.	.
20787202	G	A	.	.	.
20787313	T	G	0	0	0
20787316	T	G	0	0	0
20787332	C	T	0	0	0
20787418	T	A	0	0	0
20787442	C	T	0	0	0
20787464	G	A	0	0	0
20787477	C	T	0	0	0
20787495	G	T	0	0	0
20787513	G	A	0	0	0
20787534	G	A	0	0	0
20787573	C	T	0	0	0
20787600	A	T	0	0	0
20787615	G	A	0	0	0
20787637	G	A	0	0	0
20787653	G	T	0	0	0
20787757	T	A	0	0	0
20787795	C	T	0	0	0
20787837	A	G	0	0	0
20787846	C	A	0	0	0
20787850	T	C	2	2	2
20787854	G	A	0	0	0
20787869	G	C	0	0	0
20787926	C	A	0	0	0
20787952	T	C	0	0	0
20787962	G	A	1	0	0
20787969	T	A	0	0	0
20787977	C	T	0	0	0
20788002	C	G	0	0	0
20788053	C	T	0	0	0
20788114	G	A	0	0	0
20788130	C	G	0	0	0
20788210	C	G	0	0	0
20788226	C	T	0	0	0
20788227	G	A	0	0	0
20788231	G	A	0	0	0
20788242	C	G	0	0	0
20788255	C	A	0	0	2
20788280	C	T	0	0	0
20788331	G	A	0	0	0
20788347	G	A	0	0	0
20788388	G	A	0	0	0
20788436	C	G	.	.	.
20788450	T	G	.	.	.
20788453	A	C	.	.	.
20788466	G	C	.	.	.
20788533	A	T	.	.	.
20788559	C	G	.	.	.
20788564	G	A	.	.	.
20788590	G	A	.	.	.
20788619	G	C	0	0	0
20788644	G	A	0	0	0
20788858	G	A	0	0	0
20788870	C	T	0	0	0
20788900	C	T	0	0	0
20788901	G	A	0	0	0
20788903	G	T	0	0	0
20788954	C	T	0	0	0
20788955	G	A	0	0	0
20788969	A	G	2	2	2
20789017	C	T	0	0	0
20789033	G	A	0	0	0
20789045	T	G	0	0	0
20789046	T	A	0	0	0
20789074	T	C	2	2	2
20789077	A	G	0	0	0
20789190	G	C	2	2	2
20789294	C	G	2	2	0
20789355	A	G	0	0	0
20789458	C	G	0	0	0
20789473	A	C	0	0	0
20789529	C	T	.	.	.
20789572	G	A	0	0	0
20789574	T	C	2	2	2
20789687	C	T	0	0	0
20789688	G	A	0	0	0
20789690	A	G	0	0	0
20789712	A	G	0	0	0
20789915	G	A	0	0	0
20789920	C	T	0	0	0
20789960	G	A	0	0	0
20789961	G	A	0	0	0
20790013	G	A	0	0	0
20790026	C	T	0	0	0
20790034	A	G	0	0	0
20790053	A	G	0	0	0
20790087	T	C	0	0	0
20790151	G	C	0	0	0
20790166	A	G	0	0	0
20790223	G	C	0	0	0
20790255	C	A	0	0	0
20790275	C	T	0	0	0
20790299	G	T	0	0	0
20790361	G	A	0	0	0
20790387	A	G	0	0	0
20790444	G	A	0	0	0
20790476	C	T	0	0	0
20790520	C	T	0	0	0
20790577	A	G	0	0	0
20790581	C	T	0	0	0
20790716	G	A	0	0	0
20790723	C	G	2	2	2
20790765	G	A	0	0	0
20790789	C	T	0	0	0
20790847	C	G	0	0	0
20790963	A	C	0	0	2
20791025	G	A	0	0	0
20791092	C	T	0	0	0
20791123	C	G	.	.	.
20791148	C	T	.	.	.
20791182	C	T	0	0	0
20791226	G	A	0	0	0
20791319	A	C	0	0	0
20791364	C	A	0	0	0
20791395	T	C	0	0	0
20791428	C	A	0	0	0
20791438	C	A	0	0	0
20791506	A	C	0	0	0
20791526	C	G	0	0	0
20791625	C	T	0	0	0
20791677	G	T	0	0	0
20791728	G	A	0	0	0
20791751	G	T	0	0	0
20791786	A	G	0	0	0
20791821	G	A	0	0	0
20791842	C	T	0	0	0
20791870	C	T	0	0	0
20791886	G	A	0	0	0
20791899	G	A	0	0	0
20792001	C	T	.	.	.
20792057	C	A	0	0	0
20792242	C	T	0	0	0
20792288	C	T	0	0	0
20792294	C	T	0	0	0
20792318	A	G	0	0	0
20792361	C	T	0	0	0
20792418	T	A	0	0	0
20792429	T	C	0	0	0
20792435	G	T	1	0	0
20792477	G	A	0	0	0
20792527	G	A	0	0	0
20792620	C	T	0	0	0
20792630	A	T	0	0	0
20792659	C	T	0	0	0
20792831	C	T	0	0	0
20792871	C	A	0	0	0
20792875	G	A	0	0	0
20792888	G	T	0	0	0
20792955	G	A	0	0	0
20792968	G	A	0	0	0
20792979	G	A	0	0	0
20793062	G	C	.	.	.
20793067	C	T	.	.	.
20793156	G	A	0	0	0
20793215	T	A	0	0	0
20793232	A	T	0	0	0
20793264	G	A	0	0	1
20793297	G	A	0	0	0
20793320	G	A	0	0	0
20793383	G	A	0	0	0
20793478	G	A	0	0	0
20793525	A	G	0	0	0
20793599	T	C	0	0	0
20793602	C	T	0	0	0
20793603	G	A	0	0	0
20793644	G	A	0	0	0
20793752	C	G	0	0	0
20793815	C	T	0	0	0
20793830	G	T	0	0	0
20793907	C	G	1	0	0
20793914	T	C	2	2	2
20793922	A	G	2	2	2
20793941	G	A	0	0	0
20793978	T	G	0	0	0
20793991	G	A	0	0	0
20794024	C	A	0	0	0
20794038	C	T	0	0	0
20794075	G	C	0	0	0
20794079	T	C	2	2	2
20794086	T	C	0	0	0
20794104	A	G	0	0	0
20794105	A	G	0	0	0
20794119	A	G	2	2	0
20794137	C	T	0	0	0
20794184	G	A	0	0	0
20794235	C	T	0	0	0
20794275	C	T	0	0	0
20794314	C	A	0	0	0
20794364	C	G	0	0	0
20794384	C	T	0	0	0
20794419	C	T	0	0	0
20794442	G	A	0	0	0
20794447	G	A	0	0	0
20794484	T	G	2	2	2
20794493	C	T	0	0	0
20794494	G	A	0	0	0
20794498	T	C	0	0	0
20794500	G	C	0	0	0
20794515	T	C	0	0	0
20794522	T	C	0	0	0
20794726	T	C	2	2	2
20794727	G	A	0	0	0
20794840	A	G	0	0	0
20794924	C	T	2	2	2
20794925	G	A	0	0	0
20794936	C	T	0	0	0
20794978	G	A	0	0	0
20795009	T	C	0	0	0
20795017	C	T	0	0	0
20795072	C	T	0	0	0
20795074	G	T	0	0	0
20795088	A	G	0	0	0
20795126	T	G	0	0	0
20795138	G	A	0	0	0
20795228	G	A	0	0	0
20795235	G	A	0	0	0
20795273	G	A	0	0	0
20795296	G	A	0	0	0
20795299	C	A	0	0	0
20795315	C	G	0	0	0
20795322	T	C	0	0	0
20795412	C	T	.	.	.
20795413	C	G	.	.	.
20795418	C	A	.	.	.
20795420	A	G	2	2	2
20795424	A	G	0	0	0
20795438	C	T	0	0	0
20795441	C	T	0	0	0
20795454	T	C	0	0	2
20795489	C	A	0	0	0
20795496	C	T	0	0	0
20795520	C	T	0	0	0
20795622	G	T	0	0	0
20795681	A	G	0	0	0
20795730	G	T	0	0	0
20795757	C	T	2	2	2
20795858	G	T	0	0	0
20795873	G	A	0	0	0
20795926	C	T	0	0	0
20795977	C	T	0	0	0
20796008	C	T	.	.	.
20796009	G	A	.	.	.
20796117	G	T	0	0	0
20796146	G	T	0	0	0
20796174	A	G	0	0	0
20796175	T	C	2	2	2
20796193	G	A	0	0	0
20796278	A	G	0	0	0
20796310	C	G	0	0	0
20796315	C	T	0	0	0
20796443	G	A	0	0	0
20796444	G	A	0	0	0
20796455	C	T	0	0	0
20796458	G	A	0	0	0
20796545	C	T	0	0	0
20796567	G	A	0	0	0
20796597	G	A	0	0	0
20796598	C	T	0	0	0
20796615	A	T	0	0	0
20796662	C	T	0	0	0
20796717	G	A	0	0	0
20796729	C	T	0	0	0
20796739	G	A	0	0	0
20796765	G	A	0	0	0
20796768	C	T	0	0	0
20796769	G	A	0	0	0
20796775	G	A	0	0	0
20796838	G	T	0	0	0
20796852	A	T	0	0	0
20796867	T	C	0	0	0
20796897	G	A	0	0	0
20796907	C	T	0	0	0
20796921	C	T	0	0	0
20797075	C	T	0	0	0
20797087	G	A	0	0	0
20797116	G	A	0	0	0
20797168	C	T	0	0	0
20797187	T	C	0	0	0
20797195	G	A	0	0	0
20797246	T	C	0	0	0
20797247	A	G	0	0	0
20797267	G	A	0	0	2
20797283	A	G	0	0	0
20797289	T	C	0	0	0
20797324	C	A	0	0	0
20797358	C	T	0	0	0
20797367	A	C	0	0	0
20797410	G	A	0	0	0
20797437	G	A	0	0	0
20797460	T	G	0	0	0
20797478	A	G	0	0	0
20797499	T	C	0	0	0
20797519	G	A	0	0	0
20797663	G	A	0	0	0
20797669	C	T	0	0	0
20797680	G	C	0	0	0
20797742	G	C	.	.	.
20797755	T	C	.	.	.
20797790	G	A	.	.	.
20797792	C	A	.	.	.
20797794	A	G	.	.	.
20797798	C	T	.	.	.
20797803	T	G	.	.	.
20797817	A	G	.	.	.
20797821	A	T	.	.	.
20797823	C	G	.	.	.
20797824	A	G	.	.	.
20797838	C	T	.	.	.
20797854	C	A	.	.	.
20797870	A	G	.	.	.
20797887	A	G	.	.	.
20797970	G	A	.	.	.
20798001	C	T	.	.	.
20798010	G	A	.	.	.
20798106	G	A	.	.	.
20798108	G	A	.	.	.
20798171	C	T	.	.	.
20798203	C	T	.	.	.
20798210	C	T	.	.	.
20798232	G	T	.	.	.
20798252	C	T	.	.	.
20798253	G	A	.	.	.
20798304	C	G	.	.	.
20798319	C	T	.	.	.
20798322	A	G	.	.	.
20798354	G	A	.	.	.
20798409	C	A	0	0	0
20798506	A	C	0	0	0
20798529	C	A	0	0	0
20798547	A	C	0	0	0
20798600	G	A	0	0	0
20798780	C	T	0	0	0
20798854	G	A	0	0	0
20798863	T	C	0	0	0
20798871	T	C	0	0	0
20798880	T	C	0	0	0
20798895	G	A	0	0	0
20798973	C	T	0	0	0
20798980	G	A	0	0	0
20798988	T	C	0	0	0
20799043	A	G	.	.	.
20799045	A	C	.	.	.
20799054	T	C	.	.	.
20799076	T	C	.	.	.
20799131	G	A	.	.	.
20799141	G	A	.	.	.
20799153	C	A	.	.	.
20799174	T	A	.	.	.
20799195	A	G	.	.	.
20799242	T	G	.	.	.
20799361	T	G	.	.	.
20799439	A	C	0	0	0
20799456	C	T	0	0	0
20799553	G	A	.	.	.
20799565	C	T	.	.	.
20799622	G	A	.	.	.
20799640	G	A	.	.	.
20799649	C	T	.	.	.
20799676	G	A	.	.	.
20799699	T	C	.	.	.
20799759	C	G	.	.	.
20799772	C	T	.	.	.
20799803	A	C	.	.	.
20799817	C	T	0	0	0
20799818	G	A	0	0	0
20799827	G	A	0	0	0
20799855	G	C	0	0	0
20799886	T	C	.	.	.
20799957	A	G	0	0	0
20799972	A	G	.	.	.
20799997	T	G	.	.	.
20800009	C	A	.	.	.
20800019	C	G	.	.	.
20800060	G	T	.	.	.
20800090	G	A	.	.	.
20800109	G	A	.	.	.
20800181	G	C	.	.	.
20800256	C	T	.	.	.
20800271	C	T	.	.	.
20800294	C	T	.	.	.
20800353	G	T	.	.	.
20800355	T	G	2	2	0
20800449	T	C	0	0	0
20800470	A	G	0	0	0
20800508	C	T	0	0	0
20800518	C	T	0	0	0
20800670	A	C	0	0	0
20800701	G	A	0	0	0
20800717	G	A	0	0	0
20800738	C	T	0	0	0
20800763	G	A	0	0	0
20800781	A	G	0	0	0
20800811	G	A	0	0	0
20800835	A	G	2	2	0
20800848	T	C	0	0	0
20800913	G	A	0	0	0
20800941	G	A	0	0	0
20800983	G	A	0	0	0
20801054	G	T	0	0	0
20801071	G	A	0	0	0
20801109	T	G	0	0	0
20801162	C	G	0	0	0
20801221	T	C	2	2	0
20801347	C	G	0	0	0
20801366	A	G	0	0	0
20801469	C	T	0	0	0
20801548	C	T	0	0	0
20801573	G	A	0	0	0
20801591	C	T	0	0	0
20801597	A	C	0	0	0
20801604	C	T	0	0	0
20801714	G	A	0	0	0
20801836	T	C	.	.	.
20801875	G	A	.	.	.
20801878	G	A	.	.	.
20801892	C	T	.	.	.
20801893	G	A	.	.	.
20801973	G	A	.	.	.
20801974	C	T	.	.	.
20801978	C	T	.	.	.
20802045	G	A	.	.	.
20802063	C	T	.	.	.
20802069	C	T	.	.	.
20802072	C	T	.	.	.
20802112	G	A	.	.	.
20802177	C	T	0	0	0
20802178	G	A	0	0	0
20802182	A	C	2	2	0
20802201	G	A	0	0	0
20802211	G	A	0	0	0
20802236	G	A	0	0	0
20802274	C	T	0	0	0
20802304	C	T	0	0	0
20802345	C	T	0	0	0
20802425	A	T	0	0	0
20802556	C	T	.	.	.
20802607	A	G	0	0	0
20802699	T	G	0	0	0
20802724	A	G	0	0	0
20802748	A	G	0	0	0
20802844	A	G	.	.	.
20802916	A	G	.	.	.
20803020	G	A	.	.	.
20803160	C	T	0	0	0
20803172	A	G	1	0	0
20803176	T	C	0	0	0
20803178	T	C	0	0	0
20803186	T	G	0	0	0
20803198	A	C	0	0	0
20803218	A	T	.	.	.
20803263	A	T	0	0	0
20803264	T	C	0	0	0
20803360	T	G	.	.	.
20803387	G	A	.	.	.
20803441	G	A	.	.	.
20803583	G	A	.	.	.
20803611	T	C	.	.	.
20803650	T	C	.	.	.
20803653	G	A	.	.	.
20803720	C	A	.	.	.
20803750	C	T	.	.	.
20803772	C	T	.	.	.
20803792	A	G	.	.	.
20803833	G	A	.	.	.
20803843	G	A	.	.	.
20803844	C	T	.	.	.
20803885	A	T	.	.	.
20803899	G	A	.	.	.
20803935	C	T	.	.	.
20804003	T	G	0	0	0
20804011	G	C	0	0	0
20804029	T	C	0	0	0
20804056	G	T	.	.	.
20804108	C	T	.	.	.
20804235	G	A	0	0	0
20804243	G	T	0	0	0
20804246	G	A	0	0	0
20804250	C	T	0	0	0
20804254	G	A	0	0	0
20804268	G	C	0	0	0
20804295	C	T	0	0	0
20804321	G	A	0	0	0
20804338	C	T	0	0	0
20804339	G	A	0	0	0
20804342	T	C	0	0	0
20804350	A	T	2	2	2
20804371	T	C	0	0	0
20804484	G	A	0	0	0
20804497	A	G	0	0	0
20804505	T	C	0	0	0
20804552	T	C	.	.	.
20804671	A	T	.	.	.
20804677	T	C	.	.	.
20804683	C	T	.	.	.
20804689	C	G	.	.	.
20804703	T	C	.	.	.
20804714	C	T	.	.	.
20804745	A	G	.	.	.
20804800	T	G	.	.	.
20804808	G	C	.	.	.
20804841	A	G	.	.	.
20804844	G	A	.	.	.
20804934	G	A	.	.	.
20804956	G	A	.	.	.
20804959	C	T	.	.	.
20804979	C	T	0	0	0
20805022	T	C	0	0	0
20805061	A	G	0	0	0
20805070	G	A	0	0	0
20805072	A	T	0	0	0
20805117	C	T	.	.	.
20805135	A	G	0	0	0
20805264	G	C	.	.	.
20805271	C	T	0	0	0
20805292	C	T	0	0	0
20805343	A	C	.	.	.
20805369	T	G	2	2	0
20805405	T	G	0	0	0
20805407	G	C	0	0	0
20805423	G	A	.	.	.
20805518	G	A	0	0	0
20805531	C	A	0	0	0
20805538	A	G	.	.	.
20805549	A	C	.	.	.
20805578	C	T	.	.	.
20805583	C	T	.	.	.
20805597	G	T	.	.	.
20805641	C	T	.	.	.
20805662	G	A	.	.	.
20805665	C	T	.	.	.
20805686	A	G	.	.	.
20805692	T	C	.	.	.
20805706	T	C	.	.	.
20805712	C	T	.	.	.
20805721	C	T	.	.	.
20805751	T	C	.	.	.
20805792	G	T	.	.	.
20805806	G	A	.	.	.
20805824	C	T	.	.	.
20805856	A	G	.	.	.
20805867	C	T	.	.	.
20805871	C	T	.	.	.
20805872	G	A	.	.	.
20805911	G	T	.	.	.
20805940	T	C	.	.	.
20806033	C	T	.	.	.
20806037	A	T	.	.	.
20806041	G	A	.	.	.
20806051	C	T	.	.	.
20806074	G	A	.	.	.
20806081	T	G	.	.	.
20806102	C	A	.	.	.
20806141	G	A	.	.	.
20806232	G	C	.	.	.
20806246	G	A	.	.	.
20806279	G	A	.	.	.
20806302	G	T	.	.	.
20806333	T	C	.	.	.
20806381	C	T	.	.	.
20806386	T	A	.	.	.
20806397	C	A	.	.	.
20806437	C	T	.	.	.
20806446	T	C	.	.	.
20806455	A	G	.	.	.
20806524	A	G	.	.	.
20806552	T	G	.	.	.
20806571	C	A	0	0	0
20806573	T	G	0	0	0
20806583	T	C	.	.	.
20806597	G	A	.	.	.
20806622	A	C	.	.	.
20806632	G	C	.	.	.
20806636	G	A	.	.	.
20806792	C	G	.	.	.
20806866	T	A	.	.	.
20806946	A	G	.	.	.
20806958	A	G	.	.	.
20806968	T	A	.	.	.
20807087	T	G	.	.	.
20807103	G	T	.	.	.
20807139	T	C	.	.	.
20807231	T	C	.	.	.
20807257	C	T	.	.	.
20807292	T	G	.	.	.
20807326	G	C	.	.	.
20807394	G	A	.	.	.
20807417	T	G	.	.	.
20807447	C	T	.	.	.
20807468	C	G	.	.	.
20807480	T	C	.	.	.
20807539	T	A	.	.	.
20807547	C	T	.	.	.
20807569	G	C	0	0	0
20807594	T	C	0	0	0
20807651	G	A	0	0	0
20807732	T	C	0	0	0
20807770	T	G	0	0	0
20807886	G	C	.	.	.
20807907	A	C	.	.	.
20807946	A	G	0	0	0
20808025	T	C	.	.	.
20808078	G	A	.	.	.
20808082	C	T	.	.	.
20808259	C	T	.	.	.
20808302	G	A	.	.	.
20808314	G	A	.	.	.
20808381	C	T	0	0	0
20808515	C	T	.	.	.
20808531	A	C	.	.	.
20808560	G	A	.	.	.
20808603	G	A	.	.	.
20808638	T	A	.	.	.
20808699	G	T	0	0	0
20808713	C	T	0	0	0
20808770	T	C	1	0	0
20808796	T	A	0	0	0
20808916	A	G	.	.	.
20809005	T	C	0	0	0
20809008	G	A	0	0	0
20809021	G	T	0	0	0
20809180	C	T	.	.	.
20809181	G	A	.	.	.
20809261	C	T	.	.	.
20809270	G	A	.	.	.
20809417	G	A	.	.	.
20809459	C	T	.	.	.
20809460	G	A	.	.	.
20809486	T	A	0	0	2
20809537	C	T	0	0	0
20809553	C	T	0	0	0
20809574	A	C	0	0	0
20809579	T	G	0	0	0
20809603	G	C	0	0	0
20809620	C	T	0	1	0
20809642	C	T	0	0	0
20809643	G	A	0	0	0
20809644	C	A	0	0	0
20809718	G	A	2	2	0
20809729	C	T	0	0	0
20809821	T	C	0	0	0
20809888	C	A	0	0	0
20809949	G	A	0	0	0
20809991	G	A	.	.	.
20810011	T	C	.	.	.
20810054	C	T	.	.	.
20810068	G	A	.	.	.
20810084	C	T	0	0	0
20810086	T	C	0	0	0
20810103	C	T	0	0	0
20810121	C	T	0	0	0
20810204	T	G	0	0	0
20810209	G	T	0	0	0
20810240	T	C	0	0	0
20810247	C	T	0	0	0
20810348	C	T	0	0	0
20810382	G	T	0	0	0
20810399	T	C	0	0	0
20810460	C	T	0	0	0
20810577	A	G	0	0	0
20810595	C	G	0	0	0
20810626	C	T	0	0	0
20810667	A	G	0	0	0
20810752	C	T	0	0	0
20810761	C	T	0	0	0
20810782	C	T	0	0	0
20810804	G	A	0	0	0
20810820	C	A	0	0	0
20810832	C	G	0	0	0
20810872	C	G	0	0	0
20810897	C	A	0	0	0
20810902	C	G	0	0	0
20810923	C	T	0	0	0
20811067	T	C	0	0	0
20811105	T	A	0	0	0
20811123	G	A	0	0	0
20811184	G	A	.	.	.
20811210	C	A	.	.	.
20811231	A	G	2	2	2
20811239	G	A	0	0	0
20811303	G	A	0	0	0
20811362	A	T	0	0	0
20811374	T	C	0	0	0
20811419	G	A	0	0	0
20811477	A	G	0	0	0
20811491	C	G	0	0	0
20811501	C	T	0	0	0
20811522	A	G	0	0	0
20811544	T	C	.	.	.
20811621	G	A	0	0	0
20811643	G	A	0	0	0
20811645	G	C	2	2	0
20811659	G	T	0	0	0
20811674	G	T	0	0	0
20811685	A	G	0	0	0
20811689	C	T	0	0	0
20811743	G	A	0	0	0
20811764	A	C	0	0	0
20811930	C	A	0	0	0
20811933	A	C	0	0	0
20811982	T	C	0	0	0
20812081	G	A	0	0	0
20812116	G	A	0	0	0
20812143	G	A	0	0	0
20812230	G	A	0	0	0
20812244	G	T	0	0	0
20812273	T	C	0	0	0
20812318	T	C	0	0	0
20812336	G	A	0	0	0
20812403	C	T	0	0	0
20812431	C	T	0	0	0
20812480	C	G	0	0	0
20812498	A	C	0	0	0
20812539	C	T	.	.	.
20812558	C	T	.	.	.
20812721	C	G	.	.	.
20812728	C	A	.	.	.
20812743	T	C	.	.	.
20812789	A	C	0	0	0
20812801	C	T	0	0	0
20812818	A	G	0	0	1
20812827	C	T	0	0	0
20812844	C	T	0	0	0
20812845	T	C	0	0	0
20812882	C	T	0	0	0
20812942	T	C	0	0	0
20813043	G	A	0	0	0
20813052	A	G	0	0	0
20813059	T	A	0	0	0
20813069	G	A	0	0	0
20813103	C	T	0	0	0
20813105	C	T	0	0	0
20813187	T	C	0	0	0
20813247	T	C	2	2	2
20813250	C	T	0	0	0
20813398	C	G	0	0	0
20813408	C	A	0	0	0
20813420	C	T	0	0	0
20813434	C	T	0	0	0
20813569	G	C	0	0	0
20813617	C	T	0	0	0
20813643	G	A	0	0	0
20813689	C	T	0	0	0
20813709	G	A	0	0	1
20813768	T	C	0	0	0
20813786	T	G	0	0	0
20813849	G	A	0	0	0
20813867	C	T	0	0	0
20813941	A	G	0	0	0
20813981	G	T	0	0	0
20813993	C	T	0	0	0
20814022	A	C	0	0	0
20814024	C	T	0	0	0
20814102	T	G	0	0	0
20814115	A	G	0	0	0
20814169	T	C	0	0	0
20814338	G	A	0	0	0
20814373	G	A	0	0	0
20814464	T	C	0	0	0
20814482	C	A	0	0	0
20814621	C	T	.	.	.
20814633	C	T	.	.	.
20814666	C	T	.	.	.
20814667	G	A	.	.	.
20814735	A	C	.	.	.
20814738	A	G	.	.	.
20814760	G	A	.	.	.
20814766	T	A	.	.	.
20814875	G	A	.	.	.
20814878	A	G	.	.	.
20814937	C	T	.	.	.
20815083	C	T	0	0	0
20815126	A	G	0	0	0
20815198	G	A	.	.	.
20815261	T	C	0	0	0
20815266	T	G	0	0	0
20815315	C	T	0	0	0
20815393	G	C	0	0	0
20815417	C	G	0	0	0
20815419	A	G	0	0	0
20815457	T	G	0	0	0
20815499	C	T	0	0	0
20815502	G	T	0	0	0
20815636	C	T	.	.	.
20815637	A	G	.	.	.
20815657	G	A	.	.	.
20815700	C	T	.	.	.
20815701	G	A	.	.	.
20815895	G	C	0	0	0
20815968	G	A	.	.	.
20815973	C	T	.	.	.
20815976	T	G	.	.	.
20816014	C	T	.	.	.
20816025	G	A	.	.	.
20816107	C	T	.	.	.
20816108	G	A	.	.	.
20816111	C	T	.	.	.
20816193	T	C	.	.	.
20816261	G	A	.	.	.
20816272	C	A	.	.	.
20816289	G	A	.	.	.
20816303	T	C	.	.	.
20816311	A	G	.	.	.
20816317	G	A	.	.	.
20816346	T	C	.	.	.
20816394	A	G	.	.	.
20816422	G	A	.	.	.
20816424	C	T	.	.	.
20816431	G	A	.	.	.
20816436	C	T	.	.	.
20816446	C	T	.	.	.
20816550	C	T	.	.	.
20816631	T	C	.	.	.
20816645	A	T	.	.	.
20816650	A	T	.	.	.
20816651	T	A	.	.	.
20816676	C	G	.	.	.
20816718	C	T	0	0	0
20816719	G	A	0	0	0
20816736	G	A	.	.	.
20816784	A	G	.	.	.
20816821	T	C	.	.	.
20816844	G	A	.	.	.
20816976	T	C	0	0	0
20816979	C	A	0	0	0
20817036	G	A	0	0	0
20817051	G	A	0	0	0
20817158	G	A	0	0	0
20817171	C	T	0	0	0
20817183	C	G	0	0	0
20817254	G	A	0	0	0
20817277	A	G	0	0	0
20817323	C	G	0	0	0
20817461	G	A	0	0	0
20817483	C	T	0	0	0
20817486	C	A	0	0	0
20817496	G	A	0	0	0
20817507	C	T	0	0	0
20817509	A	G	0	0	0
20817526	G	A	0	0	0
20817560	A	C	0	0	0
20817670	C	G	0	0	0
20817790	A	G	0	0	0
20817808	C	T	0	0	0
20817825	C	T	0	0	0
20817881	G	T	.	.	.
20817956	A	G	0	0	0
20817962	G	C	0	0	0
20818025	C	A	0	0	0
20818104	G	A	0	0	0
20818267	A	G	0	0	0
20818279	C	T	0	0	0
20818291	C	T	0	0	0
20818421	G	C	0	0	0
20818468	G	A	0	0	0
20818477	G	A	0	0	0
20818480	C	T	0	0	0
20818497	A	C	0	0	0
20818512	A	T	0	0	0
20818589	G	A	0	0	0
20818613	C	T	0	0	0
20818614	G	A	0	0	0
20818735	A	G	0	0	0
20818762	G	A	0	0	0
20818792	A	G	0	0	0
20818813	G	A	0	0	0
20818858	T	C	0	0	0
20818861	A	G	0	0	0
20818884	A	G	0	0	0
20818887	C	T	0	0	0
20818900	G	C	0	0	0
20818933	T	A	0	0	0
20818941	A	G	0	0	0
20818956	C	T	0	0	0
20818976	C	G	0	0	0
20818978	T	A	0	0	0
20819010	C	T	0	0	0
20819012	T	C	0	0	0
20819065	C	A	0	0	0
20819066	T	G	0	0	0
20819097	C	G	0	0	0
20819166	C	A	0	0	0
20819244	C	T	.	.	.
20819249	G	A	.	.	.
20819327	C	T	0	0	0
20819372	C	T	0	0	0
20819567	G	A	0	0	0
20819570	A	C	0	0	0
20819577	A	G	0	0	0
20819945	G	A	0	0	0
20820031	T	G	0	0	0
20820040	G	C	0	0	0
20820049	C	T	0	0	0
20820058	G	T	0	0	0
20820067	T	C	.	.	.
20820118	T	C	.	.	.
20820132	C	T	.	.	.
20820138	T	C	.	.	.
20820172	G	C	.	.	.
20820191	C	A	.	.	.
20820195	C	T	.	.	.
20820196	G	C	.	.	.
20820237	G	A	0	0	0
20820244	A	G	.	.	.
20820279	G	A	.	.	.
20820400	T	C	.	.	.
20820425	G	A	.	.	.
20820441	T	C	.	.	.
20820445	G	A	.	.	.
20820533	C	T	.	.	.
20820576	G	A	.	.	.
20820610	G	A	.	.	.
20820616	G	A	.	.	.
20820618	G	A	.	.	.
20820634	C	G	.	.	.
20820656	G	A	.	.	.
20820757	G	C	0	0	0
20820761	C	T	0	0	0
20820819	C	T	0	0	0
20820849	C	T	0	0	0
20820851	C	T	0	0	0
20820854	G	A	0	0	0
20820879	A	G	0	0	0
20820951	T	C	.	.	.
20821006	T	C	.	.	.
20821026	G	A	0	0	0
20821071	T	C	0	0	0
20821073	G	T	0	0	0
20821132	G	C	0	0	0
20821182	C	T	0	0	0
20821183	G	A	0	0	0
20821283	T	G	0	0	0
20821382	G	A	.	.	.
20821430	C	T	0	0	0
20821431	G	A	0	0	0
20821488	C	G	.	.	.
20821508	A	G	.	.	.
20821511	C	T	.	.	.
20821566	G	C	0	0	0
20821600	A	C	0	0	0
20821670	T	C	0	0	0
20821697	A	G	0	0	0
20821724	C	A	.	.	.
20821735	G	T	.	.	.
20821736	G	C	.	.	.
20821778	T	C	0	0	0
20821799	C	T	0	0	0
20821829	C	T	0	0	0
20821863	T	C	0	0	0
20821874	A	T	0	0	0
20822005	G	A	.	.	.
20822007	A	G	.	.	.
20822008	C	T	.	.	.
20822014	C	T	.	.	.
20822032	G	A	.	.	.
20822046	C	T	.	.	.
20822107	G	A	.	.	.
20822127	A	C	.	.	.
20822137	G	A	.	.	.
20822151	T	C	.	.	.
20822234	G	A	.	.	.
20822240	C	T	.	.	.
20822366	G	T	0	0	0
20822376	T	C	0	0	0
20822392	A	G	0	0	0
20822413	A	G	.	.	.
20822513	G	C	0	0	0
20822572	G	A	0	0	0
20822579	C	A	0	0	0
20822600	A	G	0	0	0
20822677	C	T	0	0	0
20822686	A	G	0	0	0
20822707	C	T	0	0	0
20822727	G	A	0	0	0
20822729	A	G	0	0	0
20822732	T	G	0	0	0
20822738	G	C	0	0	0
20822880	T	C	2	2	2
20822945	G	T	.	.	.
20822962	G	T	.	.	.
20823026	A	G	.	.	.
20823032	C	A	.	.	.
20823111	T	A	.	.	.
20823195	G	C	.	.	.
20823208	G	T	.	.	.
20823235	G	C	.	.	.
20823242	C	T	.	.	.
20823278	G	T	0	0	0
20823330	G	A	0	0	0
20823379	C	T	0	0	0
20823382	G	T	0	0	0
20823417	G	T	0	0	0
20823422	C	T	0	0	0
20823466	C	A	0	0	0
20823512	A	G	0	0	0
20823564	G	A	0	0	0
20823624	G	A	0	0	0
20823655	G	A	0	0	0
20823656	G	T	0	0	0
20823686	G	A	0	0	0
20823754	A	G	0	0	0
20823756	C	G	0	0	0
20823763	T	A	0	0	0
20823771	G	A	0	0	0
20823821	G	A	0	0	0
20823883	A	C	0	0	0
20823964	C	T	0	0	0
20824034	C	T	0	0	0
20824036	A	T	0	0	0
20824065	G	T	.	.	.
20824089	T	C	0	0	0
20824109	T	C	0	0	0
20824129	T	C	0	0	0
20824193	G	A	0	0	0
20824212	C	G	0	0	0
20824275	T	G	0	0	0
20824280	C	T	0	0	0
20824367	T	C	.	.	.
20824373	C	A	.	.	.
20824397	G	A	.	.	.
20824470	T	A	.	.	.
20824472	T	A	.	.	.
20824488	C	T	.	.	.
20824516	G	T	.	.	.
20824566	G	A	.	.	.
20824571	G	A	.	.	.
20824656	G	A	.	.	.
20824684	C	T	.	.	.
20824796	G	A	.	.	.
20824807	T	G	.	.	.
20824816	G	T	.	.	.
20824833	G	A	.	.	.
20824858	C	T	.	.	.
20824880	G	A	.	.	.
20824902	C	T	.	.	.
20824932	T	C	0	0	0
20824943	T	C	.	.	.
20825060	T	C	.	.	.
20825096	T	C	.	.	.
20825130	G	C	.	.	.
20825147	G	A	.	.	.
20825154	C	G	.	.	.
20825160	T	C	.	.	.
20825171	A	T	.	.	.
20825174	G	T	0	0	0
20825188	T	C	0	0	0
20825189	A	G	2	2	2
20825196	G	C	0	0	0
20825212	C	T	0	0	0
20825213	A	G	0	0	0
20825216	A	G	0	0	0
20825279	T	G	0	0	0
20825287	G	A	0	0	0
20825294	A	G	0	0	0
20825309	A	G	0	0	0
20825374	T	C	0	0	0
20825383	G	A	0	0	0
20825410	A	G	0	0	0
20825446	C	T	0	0	0
20825481	C	T	0	0	0
20825594	C	G	0	0	0
20825697	G	A	0	0	0
20825868	G	A	0	0	0
20825872	C	T	0	0	0
20825895	G	A	0	0	0
20825909	C	T	0	0	0
20825911	T	C	0	0	0
20825986	C	T	0	0	0
20826028	T	G	0	0	0
20826031	A	G	0	0	0
20826085	C	T	0	0	0
20826118	C	T	0	0	0
20826119	G	A	0	0	0
20826302	G	A	.	.	.
20826304	C	A	.	.	.
20826362	C	T	.	.	.
20826390	C	T	.	.	.
20826447	T	G	.	.	.
20826491	A	C	.	.	.
20826606	G	A	.	.	.
20826665	C	T	.	.	.
20826690	C	T	.	.	.
20826695	C	T	.	.	.
20826739	G	A	.	.	.
20826751	G	C	.	.	.
20826800	G	A	.	.	.
20826832	G	A	.	.	.
20826874	G	A	.	.	.
20826882	G	A	.	.	.
20826886	G	A	.	.	.
20826928	G	A	.	.	.
20826937	C	T	.	.	.
20826944	C	T	.	.	.
20827003	A	T	.	.	.
20827073	T	C	0	0	0
20827078	G	A	0	0	0
20827089	G	A	0	0	0
20827090	A	G	0	0	0
20827099	A	C	0	0	0
20827154	G	A	0	0	0
20827182	G	A	0	0	0
20827219	G	A	0	0	0
20827237	G	A	0	0	0
20827238	C	G	0	0	0
20827264	T	C	2	2	2
20827290	G	C	0	0	0
20827416	G	A	0	0	0
20827432	G	T	0	0	0
20827435	G	A	0	0	0
20827458	C	G	0	0	0
20827510	G	C	0	0	0
20827524	A	G	0	0	0
20827528	A	T	0	0	0
20827543	C	T	0	0	0
20827552	C	T	0	0	0
20827621	C	T	0	0	0
20827625	G	A	0	0	0
20827657	C	T	0	0	0
20827670	C	T	0	0	0
20827696	C	T	0	0	0
20827811	A	G	.	.	.
20827822	A	T	.	.	.
20827848	C	T	0	0	0
20827884	C	T	.	.	.
20827900	C	T	.	.	.
20827912	C	T	.	.	.
20827928	C	T	.	.	.
20827938	C	T	.	.	.
20827953	G	A	.	.	.
20827981	G	A	.	.	.
20828000	C	G	.	.	.
20828101	G	A	.	.	.
20828117	G	A	.	.	.
20828151	A	T	.	.	.
20828170	A	C	.	.	.
20828340	G	A	.	.	.
20828349	C	A	.	.	.
20828372	C	T	.	.	.
20828519	C	A	.	.	.
20828537	C	T	.	.	.
20828538	G	A	.	.	.
20828576	G	A	.	.	.
20828634	C	T	0	0	0
20828638	A	G	2	2	2
20828691	T	C	.	.	.
20828692	T	C	.	.	.
20828699	A	T	.	.	.
20828710	C	G	.	.	.
20828718	G	A	.	.	.
20828773	G	A	.	.	.
20828796	A	G	.	.	.
20828867	T	C	.	.	.
20828926	G	T	.	.	.
20828969	G	A	.	.	.
20828971	G	A	.	.	.
20829050	A	G	0	0	0
20829068	C	T	0	0	0
20829173	C	T	0	0	0
20829191	T	C	0	0	0
20829241	C	T	0	0	0
20829291	C	A	0	0	0
20829302	C	T	0	0	0
20829321	T	C	0	0	0
20829378	T	G	0	0	0
20829425	G	A	.	.	.
20829427	T	C	.	.	.
20829551	G	A	0	0	0
20829561	A	G	0	0	0
20829586	C	A	0	0	0
20829665	A	T	0	0	0
20829798	G	A	0	0	0
20829867	A	G	.	.	.
20829871	C	T	.	.	.
20829888	G	A	.	.	.
20829902	G	T	.	.	.
20829917	C	T	.	.	.
20829949	G	A	.	.	.
20829981	G	T	.	.	.
20829995	C	A	.	.	.
20830012	G	A	.	.	.
20830128	C	T	.	.	.
20830169	C	A	0	0	0
20830192	A	C	0	0	0
20830205	C	T	0	0	0
20830220	C	T	0	0	0
20830249	T	C	0	0	0
20830315	G	T	0	0	0
20830384	A	G	0	0	0
20830402	T	C	0	0	0
20830422	A	G	0	0	0
20830434	C	G	0	0	0
20830438	C	T	0	0	0
20830487	G	T	0	0	0
20830503	G	A	0	0	0
20830518	G	A	0	0	0
20830569	G	A	0	0	0
20830655	C	T	0	0	0
20830680	G	A	.	.	.
20830685	G	A	.	.	.
20830740	C	T	.	.	.
20830785	C	T	.	.	.
20830793	G	A	.	.	.
20830832	C	G	.	.	.
20830847	C	T	.	.	.
20830850	G	A	.	.	.
20830851	C	A	.	.	.
20830876	A	G	.	.	.
20830947	G	A	.	.	.
20830951	C	G	.	.	.
20831061	T	C	.	.	.
20831064	C	T	.	.	.
20831092	T	A	.	.	.
20831109	C	G	.	.	.
20831183	A	C	.	.	.
20831213	C	T	.	.	.
20831231	T	G	.	.	.
20831252	C	T	.	.	.
20831264	A	G	.	.	.
20831335	A	G	0	0	0
20831355	C	T	.	.	.
20831478	G	C	.	.	.
20831540	T	G	.	.	.
20831583	C	A	.	.	.
20831631	T	C	.	.	.
20831636	C	T	.	.	.
20831691	A	G	.	.	.
20831756	G	C	.	.	.
20831782	A	G	0	0	0
20831843	T	A	.	.	.
20831932	T	C	0	0	0
20831966	T	C	0	0	0
20831971	G	A	0	0	0
20832007	A	G	0	0	0
20832037	T	C	0	0	0
20832055	T	G	0	0	0
20832073	C	T	0	0	0
20832122	T	A	.	.	.
20832190	T	C	2	2	2
20832207	A	G	0	0	0
20832243	G	A	0	0	0
20832336	C	T	2	2	2
20832364	A	G	0	0	0
20832369	T	C	0	0	0
20832523	A	C	.	.	.
20832540	T	C	.	.	.
20832544	G	A	.	.	.
20832554	G	A	.	.	.
20832562	G	A	.	.	.
20832580	G	C	.	.	.
20832640	G	A	.	.	.
20832662	T	C	.	.	.
20832719	C	T	.	.	.
20832734	C	T	.	.	.
20832887	C	T	.	.	.
20832967	A	G	.	.	.
20833049	C	T	.	.	.
20833081	G	A	.	.	.
20833182	G	A	.	.	.
20833206	A	C	.	.	.
20833266	A	C	.	.	.
20833378	T	C	.	.	.
20833392	G	T	.	.	.
20833427	A	T	.	.	.
20833524	T	G	.	.	.
20833555	A	G	.	.	.
20833564	A	G	0	0	0
20833609	T	C	0	0	0
20833657	C	T	.	.	.
20833666	A	C	.	.	.
20833697	G	A	0	0	0
20833704	G	A	0	0	0
20833752	G	A	.	.	.
20833862	T	G	.	.	.
20833874	G	T	.	.	.
20833884	C	T	.	.	.
20833926	G	A	.	.	.
20833944	C	T	.	.	.
20833975	C	T	.	.	.
20833978	G	A	.	.	.
20834078	T	C	0	0	0
20834079	G	A	0	0	0
20834161	A	C	.	.	.
20834173	A	G	.	.	.
20834174	G	A	.	.	.
20834212	A	G	.	.	.
20834250	T	C	0	0	0
20834255	G	C	.	.	.
20834270	A	G	.	.	.
20834313	T	C	0	0	0
20834334	T	G	0	0	0
20834462	G	C	.	.	.
20834469	G	T	.	.	.
20834514	G	A	.	.	.
20834564	G	A	.	.	.
20834582	G	A	0	0	0
20834665	C	G	0	0	0
20834706	A	G	0	0	0
20834710	C	T	0	0	0
20834711	G	A	0	0	0
20834825	G	A	0	0	0
20834834	A	G	0	0	0
20834836	A	G	0	0	0
20834865	G	A	0	0	0
20834885	T	C	0	0	0
20834928	A	C	0	0	2
20834933	T	C	0	0	0
20834940	A	G	0	0	0
20834958	T	C	2	2	2
20834977	C	T	0	0	0
20835013	A	C	.	.	.
20835034	C	A	.	.	.
20835060	G	A	0	0	0
20835089	C	T	.	.	.
20835101	A	T	.	.	.
20835107	C	A	.	.	.
20835141	C	T	.	.	.
20835188	G	A	.	.	.
20835243	C	G	.	.	.
20835268	G	A	.	.	.
20835275	T	C	.	.	.
20835325	A	T	.	.	.
20835370	G	A	.	.	.
20835389	A	T	.	.	.
20835413	C	T	0	0	0
20835426	A	G	0	0	0
20835434	T	G	0	0	0
20835447	C	T	0	0	0
20835457	G	C	0	0	0
20835475	G	A	.	.	.
20835525	C	G	.	.	.
20835541	C	T	.	.	.
20835581	G	A	.	.	.
20835587	G	A	.	.	.
20835596	C	T	.	.	.
20835621	G	A	.	.	.
20835672	G	A	.	.	.
20835738	T	C	.	.	.
20835764	G	A	.	.	.
20835792	G	A	.	.	.
20835796	G	A	.	.	.
20835822	T	C	.	.	.
20835831	G	A	.	.	.
20835834	C	T	.	.	.
20835835	G	A	.	.	.
20835839	G	A	.	.	.
20835876	A	T	.	.	.
20835884	A	T	.	.	.
20835897	T	C	.	.	.
20835899	G	C	.	.	.
20835904	C	T	.	.	.
20835912	T	C	.	.	.
20835921	G	A	.	.	.
20835923	G	A	0	0	0
20835936	T	C	0	0	0
20835960	C	T	.	.	.
20835969	G	T	.	.	.
20836179	C	T	.	.	.
20836189	C	G	.	.	.
20836198	T	C	.	.	.
20836209	T	C	0	0	0
20836277	A	G	.	.	.
20836298	G	C	.	.	.
20836300	C	T	.	.	.
20836301	C	T	.	.	.
20836322	C	T	0	0	0
20836324	G	A	0	0	0
20836362	G	T	.	.	.
20836427	T	A	0	0	0
20836493	C	A	.	.	.
20836494	G	A	.	.	.
20836572	T	G	0	0	0
20836578	A	G	0	0	0
20836640	A	G	0	0	0
20836653	G	C	.	.	.
20836678	T	A	.	.	.
20836740	C	A	.	.	.
20836797	G	A	.	.	.
20836864	T	C	.	.	.
20836868	T	C	.	.	.
20836882	C	T	.	.	.
20836883	G	A	.	.	.
20836900	C	T	.	.	.
20836909	G	A	.	.	.
20836917	T	C	.	.	.
20836929	G	A	.	.	.
20836945	C	T	.	.	.
20836962	C	T	.	.	.
20837015	A	G	.	.	.
20837111	C	T	.	.	.
20837218	C	A	.	.	.
20837227	A	G	.	.	.
20837291	G	A	0	0	0
20837301	G	C	0	0	0
20837303	G	A	0	0	0
20837317	C	T	.	.	.
20837321	G	C	.	.	.
20837466	A	G	.	.	.
20837477	C	G	.	.	.
20837489	G	A	.	.	.
20837575	C	A	.	.	.
20837649	C	T	.	.	.
20837704	G	A	.	.	.
20837723	A	T	.	.	.
20837785	G	A	.	.	.
20837824	A	G	.	.	.
20837833	T	G	0	0	0
20837850	T	C	0	0	0
20837854	G	A	0	0	0
20837907	C	A	.	.	.
20837922	G	A	.	.	.
20837927	T	C	.	.	.
20837932	G	A	.	.	.
20837948	C	T	.	.	.
20837949	G	A	.	.	.
20837956	G	C	.	.	.
20837966	T	C	.	.	.
20837977	C	T	.	.	.
20837991	C	A	.	.	.
20837995	G	A	.	.	.
20838055	T	C	.	.	.
20838074	T	C	.	.	.
20838076	C	T	.	.	.
20838100	G	A	.	.	.
20838106	T	C	.	.	.
20838153	C	T	.	.	.
20838171	C	T	.	.	.
20838178	G	A	.	.	.
20838199	G	A	.	.	.
20838229	T	C	.	.	.
20838230	G	A	.	.	.
20838262	G	A	.	.	.
20838276	G	A	0	0	0
20838290	C	T	.	.	.
20838291	G	A	.	.	.
20838299	C	T	.	.	.
20838306	G	A	.	.	.
20838366	G	A	.	.	.
20838377	G	A	.	.	.
20838400	G	A	.	.	.
20838419	C	G	.	.	.
20838421	G	T	.	.	.
20838428	G	A	.	.	.
20838436	T	C	.	.	.
20838469	G	A	.	.	.
20838495	G	A	.	.	.
20838527	G	A	.	.	.
20838569	C	T	.	.	.
20838585	T	C	.	.	.
20838593	G	T	2	2	0
20838594	C	G	0	0	0
20838634	T	C	.	.	.
20838643	G	A	.	.	.
20838669	C	T	.	.	.
20838685	G	A	.	.	.
20838738	C	T	.	.	.
20838739	G	A	.	.	.
20838743	A	T	.	.	.
20838806	T	G	.	.	.
20838862	A	G	.	.	.
20838892	T	C	.	.	.
20838915	C	T	.	.	.
20839037	C	G	0	0	0
20839066	C	T	.	.	.
20839137	C	T	.	.	.
20839199	A	T	.	.	.
20839200	T	A	.	.	.
20839321	C	T	0	0	0
20839443	A	G	0	0	0
20839523	G	A	0	0	0
20839558	T	C	0	0	0
20839621	A	G	.	.	.
20839646	G	T	0	0	0
20839654	A	G	0	0	0
20839673	T	C	0	0	0
20839708	A	C	0	0	0
20839759	A	G	0	0	0
20839810	G	T	0	0	0
20839868	G	A	.	.	.
20839875	C	A	.	.	.
20839893	G	A	.	.	.
20839912	T	C	.	.	.
20839957	C	G	.	.	.
20839984	G	A	.	.	.
20840027	C	T	.	.	.
20840045	C	T	.	.	.
20840068	T	G	.	.	.
20840070	A	G	.	.	.
20840104	G	A	.	.	.
20840123	T	A	.	.	.
20840194	A	G	.	.	.
20840202	T	C	.	.	.
20840245	G	A	.	.	.
20840251	C	T	.	.	.
20840256	T	C	.	.	.
20840257	C	T	.	.	.
20840259	G	T	.	.	.
20840266	C	T	.	.	.
20840279	C	T	.	.	.
20840282	T	C	.	.	.
20840283	G	A	.	.	.
20840284	T	C	.	.	.
20840317	T	C	.	.	.
20840324	G	A	.	.	.
20840596	T	C	0	0	0
20840679	A	C	0	0	0
20840746	T	C	0	0	0
20840896	A	T	0	0	0
20841008	G	A	.	.	.
20841030	G	A	.	.	.
20841055	G	A	.	.	.
20841059	C	T	.	.	.
20841109	C	T	.	.	.
20841120	T	C	.	.	.
20841125	C	T	.	.	.
20841242	A	G	.	.	.
20841269	C	T	.	.	.
20841351	C	T	.	.	.
20841364	G	A	.	.	.
20841379	G	T	.	.	.
20841395	C	T	.	.	.
20841453	C	G	.	.	.
20841482	C	T	.	.	.
20841487	G	A	.	.	.
20841494	A	G	.	.	.
20841591	G	A	.	.	.
20841648	G	A	.	.	.
20841650	G	A	.	.	.
20841656	C	G	.	.	.
20841707	C	T	.	.	.
20841710	T	C	.	.	.
20841731	A	C	.	.	.
20841737	G	A	.	.	.
20841746	T	C	.	.	.
20841750	C	A	.	.	.
20841784	C	T	.	.	.
20841798	C	T	.	.	.
20841841	C	A	.	.	.
20841898	T	C	0	0	0
20841920	C	T	.	.	.
20841923	G	C	.	.	.
20841925	G	T	.	.	.
20841953	G	A	.	.	.
20842062	C	T	.	.	.
20842078	C	A	.	.	.
20842107	C	G	0	0	0
20842157	A	G	2	2	2
20842215	C	T	0	0	0
20842259	T	C	0	0	0
20842339	G	C	0	0	0
20842362	T	C	2	2	2
20842384	C	G	0	0	0
20842477	C	T	0	0	0
20842552	C	A	0	0	0
20842618	C	A	0	0	0
20842669	G	C	2	2	0
20842672	A	G	0	0	0
20842735	C	T	0	0	0
20842767	C	T	0	0	0
20842787	C	A	0	0	0
20842801	C	T	0	0	0
20842856	G	A	0	0	0
20842903	G	A	0	0	0
20842921	G	A	0	0	0
20842962	A	G	0	0	0
20842966	T	G	1	1	0
20842968	A	G	1	1	1
20842980	A	G	1	0	1
20843068	G	A	0	0	0
20843201	G	A	0	0	0
20843232	C	T	0	0	0
20843315	C	G	0	0	0
20843367	C	A	0	0	0
20843378	G	A	0	0	0
20843386	C	T	0	0	0
20843433	G	A	0	0	0
20843508	C	T	0	0	0
20843526	T	C	0	0	0
20843557	G	C	0	0	0
20843597	G	A	0	0	0
20843615	C	T	0	0	0
20843627	G	A	0	0	0
20843668	C	T	0	0	1
20843676	C	T	0	0	0
20843690	A	C	0	0	0
20843725	A	C	0	0	0
20843732	G	A	0	0	0
20843739	A	G	0	0	0
20843830	C	A	0	0	0
20843875	C	T	0	0	0
20843882	A	G	0	0	0
20843885	T	G	0	0	2
20844034	G	T	0	0	0
20844124	G	A	0	0	0
20844147	T	G	0	0	0
20844240	A	G	0	0	2
20844243	C	T	0	0	0
20844275	T	C	0	0	0
20844304	T	C	0	0	0
20844308	C	T	0	0	0
20844336	G	C	2	2	2
20844354	G	A	0	0	0
20844409	C	A	0	0	0
20844436	C	T	0	0	0
20844478	T	A	0	0	0
20844574	G	A	0	0	0
20844622	C	A	0	0	2
20844634	G	A	0	0	0
20844657	C	T	0	0	0
20844663	G	A	0	0	0
20844744	T	C	0	0	0
20844747	C	T	0	0	0
20844925	G	A	.	.	.
20844996	G	A	0	0	0
20845006	A	G	0	0	0
20845039	G	C	.	.	.
20845067	C	T	.	.	.
20845084	G	C	.	.	.
20845110	G	T	.	.	.
20845164	C	G	0	0	0
20845193	G	A	0	0	0
20845196	C	T	0	0	0
20845308	T	C	0	0	0
20845340	C	A	.	.	.
20845349	T	C	.	.	.
20845354	C	T	.	.	.
20845458	G	A	0	0	0
20845518	A	T	.	.	.
20845540	C	A	0	0	0
20845564	A	G	.	.	.
20845602	C	T	.	.	.
20845613	A	G	.	.	.
20845635	C	A	0	0	0
20845657	G	A	0	0	0
20845659	G	T	0	0	0
20845661	C	A	0	0	0
20845741	G	T	0	0	0
20845850	A	G	.	.	.
20845955	G	A	0	0	0
20845999	A	C	.	.	.
20846125	C	T	0	0	0
20846175	T	G	0	0	0
20846203	T	C	0	0	0
20846303	A	C	0	0	0
20846346	C	T	0	0	0
20846365	G	A	0	0	0
20846412	A	T	0	0	0
20846518	A	G	0	0	0
20846520	C	A	0	0	0
20846529	C	T	0	0	0
20846548	T	C	0	0	0
20846640	C	T	0	0	0
20846641	A	G	2	2	2
20846695	C	T	0	0	0
20846754	C	T	0	0	0
20846815	C	T	0	0	0
20846902	A	T	.	.	.
20846907	C	T	.	.	.
20846937	T	C	.	.	.
20846942	T	C	.	.	.
20847004	G	A	.	.	.
20847021	C	T	.	.	.
20847168	C	T	.	.	.
20847175	G	A	.	.	.
20847212	C	A	0	0	0
20847224	G	A	0	0	0
20847226	G	A	0	0	2
20847248	A	T	0	0	0
20847270	G	A	0	0	0
20847306	G	C	0	0	0
20847320	C	T	0	0	0
20847447	T	C	0	0	0
20847449	G	C	0	0	0
20847472	A	T	2	2	0
20847484	C	G	0	0	0
20847520	C	T	0	0	0
20847664	T	C	0	0	0
20847701	T	A	0	0	0
20847780	G	A	.	.	.
20847790	C	G	.	.	.
20847807	G	A	.	.	.
20847925	C	T	.	.	.
20847926	G	A	.	.	.
20847974	C	A	.	.	.
20847985	C	T	.	.	.
20848007	T	C	.	.	.
20848025	T	C	.	.	.
20848167	T	A	.	.	.
20848211	G	A	.	.	.
20848221	A	G	.	.	.
20848260	G	A	.	.	.
20848283	T	C	.	.	.
20848301	G	A	.	.	.
20848414	C	T	.	.	.
20848436	G	A	.	.	.
20848452	G	A	0	0	0
20848480	C	T	.	.	.
20848481	G	A	.	.	.
20848554	G	T	0	0	0
20848661	G	A	0	0	0
20848753	C	G	.	.	.
20848815	G	A	.	.	.
20848857	G	C	.	.	.
20848878	G	C	.	.	.
20848900	G	A	.	.	.
20848919	C	T	.	.	.
20848974	A	G	0	0	0
20849047	G	A	0	0	0
20849146	G	T	0	0	0
20849159	T	C	0	0	0
20849186	G	A	0	0	0
20849189	G	A	0	0	0
20849200	C	A	0	0	0
20849212	C	T	0	0	0
20849268	G	T	0	0	0
20849327	A	G	0	0	0
20849348	C	T	0	0	0
20849368	A	T	0	0	0
20849423	G	A	0	0	0
20849440	C	G	0	0	0
20849452	C	G	0	0	0
20849548	C	G	0	0	0
20849603	G	A	0	0	0
20849623	G	C	0	0	0
20849745	G	C	0	0	0
20849853	G	C	0	0	0
20849891	C	T	0	0	0
20849978	T	G	0	0	0
20850039	C	T	0	0	0
20850080	G	A	0	0	0
20850094	G	T	0	1	0
20850108	G	T	0	1	0
20850115	C	T	0	1	0
20850122	G	T	0	1	0
20850133	G	T	0	0	0
20850138	G	A	0	0	0
20850191	G	A	0	0	0
20850208	G	A	0	0	0
20850264	A	T	0	0	0
20850270	G	A	0	0	0
20850407	T	G	0	0	0
20850440	A	G	2	2	2
20850442	C	T	0	0	0
20850577	C	T	0	0	0
20850816	C	A	0	0	0
20850845	C	T	0	0	0
20850863	T	G	0	0	0
20850883	T	G	0	0	0
20850933	G	A	0	0	0
20851058	T	C	0	0	0
20851060	C	T	0	0	0
20851245	T	C	0	0	0
20851262	C	T	0	0	0
20851294	G	A	.	.	.
20851310	A	G	.	.	.
20851319	C	T	.	.	.
20851424	C	T	.	.	.
20851431	G	T	.	.	.
20851437	G	A	.	.	.
20851450	C	T	.	.	.
20851558	G	A	.	.	.
20851634	G	A	0	0	0
20851643	T	A	0	0	0
20851669	A	T	0	0	0
20851680	T	C	0	0	0
20851685	G	A	0	0	0
20851702	C	T	0	0	0
20851722	A	G	0	0	1
20851723	G	T	0	0	0
20851794	G	A	0	0	0
20851831	C	T	0	0	0
20851960	G	A	0	0	0
20852008	G	A	0	0	0
20852029	C	T	0	0	0
20852148	G	A	0	0	0
20852281	A	G	0	0	0
20852304	A	G	0	0	0
20852321	A	G	0	0	0
20852392	C	A	0	0	0
20852426	G	A	0	0	0
20852435	G	C	2	1	0
20852484	C	T	0	1	0
20852553	G	A	.	.	.
20852567	C	A	.	.	.
20852593	G	A	.	.	.
20852605	T	A	.	.	.
20852607	A	C	.	.	.
20852636	C	A	.	.	.
20852692	G	C	.	.	.
20852715	A	C	.	.	.
20852743	G	T	.	.	.
20852763	T	C	.	.	.
20852820	C	T	.	.	.
20852821	G	A	.	.	.
20852836	A	G	.	.	.
20852845	C	T	.	.	.
20852950	T	G	.	.	.
20852983	G	A	.	.	.
20853107	C	T	0	0	0
20853157	T	C	0	0	0
20853383	G	A	0	0	0
20853400	G	A	0	0	0
20853447	C	T	0	0	0
20853470	G	T	.	.	.
20853480	G	T	.	.	.
20853521	C	T	.	.	.
20853607	C	T	.	.	.
20853790	G	A	.	.	.
20853868	G	A	.	.	.
20853910	C	T	.	.	.
20853911	G	A	.	.	.
20853929	G	A	.	.	.
20853932	C	T	.	.	.
20853967	G	A	.	.	.
20854018	G	A	0	0	0
20854056	A	G	.	.	.
20854086	C	T	.	.	.
20854087	G	A	.	.	.
20854090	C	T	.	.	.
20854092	G	A	.	.	.
20854135	A	G	0	0	0
20854158	G	T	0	0	0
20854161	T	C	2	2	2
20854270	C	G	0	0	0
20854306	C	A	.	.	.
20854378	C	T	.	.	.
20854435	G	A	.	.	.
20854437	C	T	.	.	.
20854456	C	A	.	.	.
20854461	C	T	.	.	.
20854525	C	T	.	.	.
20854538	T	C	.	.	.
20854552	G	A	.	.	.
20854555	C	T	.	.	.
20854624	G	T	0	0	0
20854663	T	G	0	0	0
20854953	C	T	0	0	0
20855124	G	A	.	.	.
20855137	G	A	.	.	.
20855169	A	G	.	.	.
20855184	C	A	.	.	.
20855214	C	T	.	.	.
20855215	G	A	.	.	.
20855225	G	C	.	.	.
20855247	G	A	.	.	.
20855284	G	A	.	.	.
20855286	G	A	.	.	.
20855289	G	A	.	.	.
20855315	C	G	.	.	.
20855319	A	G	.	.	.
20855324	A	C	.	.	.
20855348	C	T	.	.	.
20855373	T	G	.	.	.
20855377	G	A	0	0	0
20855539	T	C	0	1	0
20855616	C	A	0	0	0
20855638	G	C	0	0	0
20855672	C	T	0	0	0
20855697	C	T	0	0	0
20855700	C	T	0	0	0
20855707	C	A	0	0	0
20855729	C	T	0	1	0
20855756	G	T	0	0	0
20855764	C	T	0	0	0
20855775	C	T	0	0	0
20855788	A	G	.	.	.
20855813	G	A	.	.	.
20855819	A	G	.	.	.
20855829	G	T	0	0	0
20855832	T	G	0	0	0
20855851	T	A	0	1	0
20855946	C	T	.	.	.
20855983	C	T	.	.	.
20855989	T	C	.	.	.
20856084	C	T	.	.	.
20856091	C	T	.	.	.
20856101	A	G	.	.	.
20856112	A	T	.	.	.
20856113	T	C	.	.	.
20856173	G	A	.	.	.
20856176	T	C	.	.	.
20856187	G	A	0	0	0
20856207	A	T	.	.	.
20856224	T	G	.	.	.
20856226	T	G	.	.	.
20856228	T	G	.	.	.
20856240	G	A	.	.	.
20856251	G	A	0	0	0
20856324	C	G	0	0	0
20856474	G	T	.	.	.
20856484	C	T	.	.	.
20856588	G	T	.	.	.
20856596	A	G	.	.	.
20856618	G	A	.	.	.
20856621	G	A	.	.	.
20856705	C	G	.	.	.
20856754	T	C	0	0	0
20856767	A	T	0	0	0
20856800	A	G	0	0	0
20856818	A	C	0	0	0
20856858	T	C	0	1	0
20856885	T	C	0	0	0
20856914	T	G	0	0	0
20856919	A	G	0	0	0
20856953	C	T	.	.	.
20856954	G	A	.	.	.
20856960	T	C	.	.	.
20856963	A	G	.	.	.
20856973	G	A	.	.	.
20856980	G	A	.	.	.
20857000	C	A	.	.	.
20857010	G	A	.	.	.
20857017	G	A	.	.	.
20857042	G	T	.	.	.
20857043	A	G	.	.	.
20857050	C	T	.	.	.
20857051	G	A	.	.	.
20857060	C	T	.	.	.
20857061	T	C	.	.	.
20857062	G	A	.	.	.
20857076	T	A	.	.	.
20857121	G	C	.	.	.
20857199	T	C	.	.	.
20857246	T	C	.	.	.
20857291	T	C	0	0	0
20857348	T	C	0	0	0
20857390	C	T	.	.	.
20857391	G	A	.	.	.
20857396	G	A	.	.	.
20857398	G	A	.	.	.
20857400	G	A	.	.	.
20857452	T	C	.	.	.
20857595	T	G	.	.	.
20857610	A	C	.	.	.
20857614	C	T	.	.	.
20857645	T	A	.	.	.
20857653	G	A	.	.	.
20857681	T	C	.	.	.
20857722	G	A	.	.	.
20857725	G	A	.	.	.
20857733	T	G	.	.	.
20857749	T	C	.	.	.
20857751	C	T	.	.	.
20857754	C	T	.	.	.
20857765	A	G	.	.	.
20857795	A	G	.	.	.
20857815	G	C	.	.	.
20857882	G	A	.	.	.
20857950	G	C	.	.	.
20858095	A	G	.	.	.
20858158	A	C	0	0	0
20858314	T	C	2	1	2
20858329	G	A	0	0	0
20858332	C	G	0	0	0
20858380	G	A	0	0	0
20858392	T	C	0	0	0
20858432	C	T	0	0	0
20858506	A	T	0	0	0
20858516	G	A	0	0	0
20858540	C	T	0	0	0
20858608	T	C	0	0	0
20858734	A	G	0	0	0
20858742	C	G	0	0	0
20858743	G	A	2	2	2
20858768	G	A	2	1	0
20858803	C	T	2	2	2
20858829	T	G	0	0	0
20858861	A	G	0	0	0
20858960	C	T	.	.	.
20858961	G	A	.	.	.
20859118	C	T	.	.	.
20859130	A	G	.	.	.
20859145	G	A	.	.	.
20859149	C	T	.	.	.
20859191	A	G	.	.	.
20859200	G	A	.	.	.
20859292	C	A	.	.	.
20859317	C	T	.	.	.
20859327	G	C	.	.	.
20859386	A	C	.	.	.
20859397	A	G	.	.	.
20859424	G	A	.	.	.
20859427	C	T	.	.	.
20859442	C	T	.	.	.
20859477	C	T	.	.	.
20859482	G	A	.	.	.
20859501	G	A	0	0	0
20859563	A	G	.	.	.
20859575	G	A	.	.	.
20859586	C	T	.	.	.
20859619	C	T	.	.	.
20859620	G	A	.	.	.
20859629	G	A	.	.	.
20859663	A	G	.	.	.
20859778	C	T	.	.	.
20859801	T	C	.	.	.
20859815	C	A	.	.	.
20859823	G	A	.	.	.
20859826	G	A	.	.	.
20859903	G	T	.	.	.
20859940	G	A	.	.	.
20859989	C	A	.	.	.
20860033	C	T	.	.	.
20860179	C	G	.	.	.
20860245	G	C	0	0	0
20860350	C	G	.	.	.
20860379	T	C	.	.	.
20860380	G	A	.	.	.
20860473	C	T	.	.	.
20860513	G	A	.	.	.
20860518	C	T	.	.	.
20860560	G	A	.	.	.
20860602	C	G	.	.	.
20860617	C	T	.	.	.
20860661	T	C	.	.	.
20860694	G	T	.	.	.
20860726	G	A	.	.	.
20860727	G	C	.	.	.
20860746	G	T	.	.	.
20860753	T	A	.	.	.
20860755	C	T	.	.	.
20860791	C	A	.	.	.
20860792	C	T	.	.	.
20860843	G	A	0	0	0
20860861	C	G	0	0	0
20860881	A	G	2	2	2
20860906	C	T	0	0	0
20860926	C	T	0	0	0
20860931	C	T	0	0	0
20860940	A	G	0	0	0
20861049	C	T	0	0	0
20861070	G	C	0	0	0
20861090	T	A	0	0	0
20861118	C	T	0	0	0
20861123	G	A	0	0	0
20861149	T	G	0	0	0
20861182	T	C	0	0	0
20861229	C	T	0	0	0
20861231	T	A	0	0	0
20861240	T	C	0	0	0
20861290	A	T	0	0	0
20861316	T	C	0	0	0
20861426	A	C	.	.	.
20861436	T	G	0	0	0
20861506	A	G	0	0	0
20861517	C	T	0	0	0
20861533	A	C	0	0	0
20861535	T	G	0	0	0
20861540	A	T	0	0	0
20861612	T	C	0	0	0
20861643	T	C	0	0	0
20861709	C	T	0	0	0
20861715	G	A	0	0	0
20861721	G	A	0	0	0
20861722	A	G	0	0	0
20861774	C	T	0	0	0
20861790	G	A	0	0	0
20861828	A	G	0	0	0
20861868	C	T	0	0	0
20861887	G	C	0	0	0
20861902	T	A	0	0	0
20861926	G	C	0	0	0
20861934	G	A	0	0	0
20862050	G	A	0	0	0
20862056	G	A	0	0	0
20862057	G	C	0	0	0
20862125	G	T	0	0	0
20862149	G	T	.	.	.
20862171	C	T	.	.	.
20862173	C	T	.	.	.
20862183	C	T	.	.	.
20862216	C	T	0	0	0
20862250	A	T	0	0	0
20862370	G	A	0	0	0
20862502	G	A	.	.	.
20862548	C	T	0	0	0
20862573	G	T	0	0	0
20862646	T	G	0	0	0
20862696	C	G	.	.	.
20862720	A	G	.	.	.
20862780	C	G	.	.	.
20862837	G	C	.	.	.
20862887	C	G	.	.	.
20862936	G	A	.	.	.
20862940	G	A	.	.	.
20862941	G	A	.	.	.
20862942	G	T	.	.	.
20862995	G	T	.	.	.
20863084	G	A	.	.	.
20863101	C	T	.	.	.
20863112	A	G	.	.	.
20863144	G	C	0	0	0
20863168	C	A	0	0	0
20863186	C	T	0	0	0
20863239	G	C	0	0	0
20863333	G	A	0	0	0
20863372	G	T	0	0	0
20863379	G	C	0	0	0
20863385	T	G	0	0	0
20863437	C	T	0	0	0
20863485	C	T	0	0	0
20863499	G	A	0	0	0
20863502	G	A	0	0	0
20863515	G	A	0	0	0
20863518	T	C	0	0	0
20863534	C	A	0	0	0
20863584	G	A	0	0	0
20863628	C	G	0	0	0
20863660	G	A	0	0	1
20863725	T	A	0	0	0
20863731	C	T	0	0	0
20863817	G	A	0	0	0
20863840	G	C	.	.	.
20863869	G	C	.	.	.
20863876	G	A	0	0	0
20863885	G	A	0	0	0
20863911	C	T	0	0	0
20863958	C	G	0	0	2
20864044	T	C	0	0	0
20864069	G	A	0	0	0
20864115	C	T	0	0	0
20864190	G	A	0	0	0
20864195	G	A	0	0	0
20864207	A	C	0	0	0
20864208	G	A	0	0	0
20864285	C	T	.	.	.
20864312	C	T	0	0	0
20864342	C	G	0	0	0
20864345	C	T	0	0	0
20864369	G	A	.	.	.
20864371	A	G	.	.	.
20864375	T	G	.	.	.
20864392	A	G	.	.	.
20864421	C	T	.	.	.
20864489	A	G	.	.	.
20864490	C	T	.	.	.
20864496	A	G	.	.	.
20864541	C	T	.	.	.
20864564	T	C	.	.	.
20864599	G	C	.	.	.
20864601	A	C	.	.	.
20864621	C	G	.	.	.
20864641	C	T	.	.	.
20864643	C	T	.	.	.
20864661	G	C	.	.	.
20864667	A	T	.	.	.
20864687	A	G	.	.	.
20864690	A	G	.	.	.
20864704	A	T	0	0	0
20864718	G	A	0	0	0
20864789	G	A	0	0	0
20864844	C	T	0	0	0
20864884	G	A	0	0	0
20864940	C	T	0	0	0
20864946	C	T	0	0	0
20865011	A	C	0	0	0
20865077	A	G	0	0	0
20865097	T	C	0	0	0
20865104	T	A	0	0	0
20865145	A	C	2	2	2
20865186	C	T	0	0	0
20865204	A	G	0	0	0
20865213	G	A	0	0	0
20865257	G	A	0	0	0
20865275	T	C	0	0	0
20865291	A	C	0	0	0
20865319	T	G	0	0	0
20865329	T	A	0	0	0
20865361	A	G	.	.	.
20865455	T	A	0	0	0
20865485	T	G	0	0	0
20865648	G	A	.	.	.
20865752	C	G	.	.	.
20865890	G	A	0	0	0
20865973	A	G	0	0	0
20866025	A	G	0	0	0
20866066	T	C	0	0	0
20866099	C	A	0	0	0
20866231	G	C	2	2	2
20866269	T	G	.	.	.
20866335	G	T	.	.	.
20866341	T	C	.	.	.
20866370	G	A	.	.	.
20866378	C	T	.	.	.
20866385	C	G	.	.	.
20866388	A	G	.	.	.
20866399	C	T	.	.	.
20866432	C	T	.	.	.
20866433	G	A	.	.	.
20866540	A	G	.	.	.
20866564	T	C	.	.	.
20866612	G	C	0	0	0
20866658	C	T	2	2	0
20866676	T	C	0	0	0
20866740	C	T	0	0	0
20866743	C	A	0	0	0
20866829	T	C	0	0	0
20866834	G	A	2	2	0
20866854	G	A	.	.	.
20866964	C	T	.	.	.
20867073	A	T	.	.	.
20867082	T	C	.	.	.
20867099	G	C	.	.	.
20867120	C	T	.	.	.
20867121	C	T	.	.	.
20867178	G	T	.	.	.
20867210	G	A	.	.	.
20867217	C	T	.	.	.
20867218	G	C	.	.	.
20867265	G	A	.	.	.
20867314	A	G	.	.	.
20867325	C	G	.	.	.
20867327	G	A	.	.	.
20867344	A	G	.	.	.
20867378	A	G	.	.	.
20867504	C	T	0	0	0
20867508	G	A	0	0	0
20867537	C	A	0	0	0
20867688	C	T	.	.	.
20867712	C	T	.	.	.
20868019	C	T	0	0	0
20868024	A	G	0	0	0
20868114	T	C	0	0	0
20868184	T	G	.	.	.
20868210	G	C	.	.	.
20868223	C	A	.	.	.
20868229	C	T	.	.	.
20868252	G	A	.	.	.
20868253	C	T	.	.	.
20868269	G	C	.	.	.
20868360	C	T	.	.	.
20868378	C	T	.	.	.
20868394	C	T	.	.	.
20868442	C	T	.	.	.
20868445	G	T	.	.	.
20868480	C	T	0	0	0
20868523	T	C	0	0	0
20868594	A	G	0	0	0
20868629	A	G	0	0	0
20868631	T	C	0	0	0
20868654	T	C	0	0	0
20868674	T	C	0	0	0
20868689	G	A	0	0	0
20868706	T	G	0	0	0
20868736	T	C	0	0	0
20868777	G	T	0	0	0
20868810	T	G	0	0	0
20868815	A	T	0	0	0
20868859	G	A	0	0	0
20868914	A	G	0	0	0
20868964	C	T	0	0	0
20868965	G	A	0	0	0
20868999	C	G	0	1	0
20869017	C	T	0	0	0
20869136	G	T	0	0	0
20869166	A	G	0	0	0
20869185	G	A	0	0	0
20869197	C	T	0	0	0
20869342	C	T	0	0	0
20869385	A	G	0	0	0
20869411	C	T	0	0	0
20869433	G	A	0	0	0
20869468	C	T	0	0	0
20869475	C	T	0	0	0
20869478	G	C	0	0	0
20869480	G	A	0	0	0
20869509	A	T	0	0	0
20869538	C	T	0	0	0
20869567	A	G	0	0	0
20869711	A	G	.	.	.
20869714	C	T	.	.	.
20869729	C	T	.	.	.
20869740	G	A	.	.	.
20869745	C	T	.	.	.
20869786	G	C	0	0	0
20869791	C	G	0	0	0
20869792	G	A	.	.	.
20869801	G	C	.	.	.
20869803	G	A	.	.	.
20869815	G	A	.	.	.
20869919	A	G	.	.	.
20869961	C	T	.	.	.
20869965	G	A	.	.	.
20869988	G	A	.	.	.
20870028	G	A	.	.	.
20870041	C	A	.	.	.
20870082	A	T	.	.	.
20870099	G	A	0	0	0
20870117	T	C	.	.	.
20870154	G	A	.	.	.
20870159	G	A	.	.	.
20870216	A	G	.	.	.
20870239	A	G	.	.	.
20870247	G	A	.	.	.
20870251	C	T	.	.	.
20870332	G	A	.	.	.
20870346	G	A	.	.	.
20870379	G	A	.	.	.
20870389	A	G	.	.	.
20870531	C	T	.	.	.
20870628	T	A	.	.	.
20870668	G	A	0	0	0
20870685	C	T	.	.	.
20870713	C	T	0	0	0
20870751	G	C	.	.	.
20870784	A	C	0	0	0
20870804	C	T	0	0	0
20870966	C	T	0	0	0
20870979	C	T	0	0	0
20871140	A	G	0	0	0
20871154	C	T	0	0	0
20871162	G	C	0	0	0
20871171	T	C	0	0	0
20871192	T	C	0	0	0
20871203	A	G	.	.	.
20871264	G	C	.	.	.
20871283	A	G	.	.	.
20871303	A	G	.	.	.
20871330	C	G	.	.	.
20871338	T	C	.	.	.
20871353	A	T	.	.	.
20871366	G	A	.	.	.
20871405	G	T	1	0	0
20871448	C	G	.	.	.
20871451	T	C	.	.	.
20871485	A	G	.	.	.
20871489	T	C	.	.	.
20871499	C	T	.	.	.
20871504	A	G	.	.	.
20871515	C	T	.	.	.
20871611	T	G	0	0	0
20871670	C	T	0	0	0
20871693	T	C	0	0	0
20871743	C	T	0	0	0
20871753	C	T	0	0	0
20871754	A	G	2	2	2
20871794	C	T	0	0	0
20871817	G	T	0	0	0
20871827	C	T	0	0	0
20871859	T	G	0	0	0
20871941	C	T	0	0	0
20871943	G	A	0	0	0
20871964	A	G	0	0	0
20872030	A	G	0	0	0
20872031	T	A	0	0	0
20872037	T	C	0	0	0
20872110	G	C	0	0	0
20872136	T	A	.	.	.
20872213	G	A	0	0	0
20872257	A	G	0	0	0
20872357	T	C	0	1	0
20872367	G	A	0	0	0
20872387	G	A	0	0	0
20872390	A	G	1	0	1
20872395	C	T	0	0	1
20872403	G	A	1	0	0
20872443	A	G	0	0	0
20872507	C	T	.	.	.
20872515	C	T	.	.	.
20872516	G	A	.	.	.
20872592	C	T	0	0	0
20872676	A	T	0	0	0
20872677	C	A	0	0	0
20872701	C	T	0	0	0
20872721	T	G	0	0	0
20872791	A	G	0	0	0
20872814	C	T	0	0	0
20872855	C	T	.	.	.
20872898	G	C	0	0	0
20873069	G	C	.	.	.
20873144	A	G	0	0	0
20873151	T	G	0	0	0
20873175	T	C	.	.	.
20873210	G	A	.	.	.
20873253	C	T	.	.	.
20873266	A	G	.	.	.
20873301	G	A	.	.	.
20873393	G	A	.	.	.
20873394	C	T	.	.	.
20873449	T	C	0	0	0
20873551	C	T	0	0	0
20873558	A	G	0	0	0
20873561	T	G	0	0	0
20873573	C	G	0	0	0
20873575	C	G	0	0	0
20873612	T	C	2	2	2
20873688	T	G	0	0	0
20873703	A	G	.	.	.
20873736	T	C	.	.	.
20873739	T	C	.	.	.
20873762	G	A	.	.	.
20873770	T	C	.	.	.
20873776	G	A	.	.	.
20873803	C	A	.	.	.
20873804	T	C	.	.	.
20873827	C	T	.	.	.
20873834	C	T	.	.	.
20873870	T	C	.	.	.
20873875	G	A	.	.	.
20873877	G	A	.	.	.
20873892	C	T	.	.	.
20873922	A	G	.	.	.
20873983	C	G	.	.	.
20874037	C	T	.	.	.
20874236	T	A	.	.	.
20874238	A	T	0	0	0
20874441	C	A	0	0	0
20874448	A	G	0	0	0
20874462	T	G	0	0	0
20874470	T	C	0	0	0
20874479	G	C	0	0	0
20874491	G	C	0	0	0
20874496	A	G	0	0	0
20874510	A	G	0	0	0
20874539	C	T	0	0	0
20874540	G	A	0	0	0
20874555	T	C	0	0	0
20874633	T	C	0	0	0
20874652	T	G	0	0	0
20874653	G	T	0	0	0
20874667	A	G	0	0	0
20874704	G	A	0	0	0
20874735	C	G	0	0	0
20874765	C	G	0	0	0
20874854	T	C	0	0	0
20874875	A	G	0	0	0
20874881	C	T	0	0	0
20874898	A	G	0	0	0
20874967	C	T	0	0	0
20874976	T	C	0	0	0
20874980	T	A	0	0	0
20874982	C	T	0	0	2
20875017	A	G	.	.	.
20875153	A	G	.	.	.
20875179	A	C	.	.	.
20875180	C	T	.	.	.
20875238	G	T	.	.	.
20875269	C	T	.	.	.
20875297	G	A	.	.	.
20875312	T	C	0	0	0
20875406	T	C	.	.	.
20875452	T	C	.	.	.
20875465	C	G	.	.	.
20875469	T	C	.	.	.
20875485	G	T	.	.	.
20875508	C	T	.	.	.
20875518	G	C	.	.	.
20875529	A	G	.	.	.
20875562	T	G	.	.	.
20875570	G	A	.	.	.
20875603	C	T	.	.	.
20875678	C	T	.	.	.
20875693	G	T	.	.	.
20875714	C	T	.	.	.
20875777	G	A	.	.	.
20875815	C	T	.	.	.
20875833	G	A	.	.	.
20875895	G	T	.	.	.
20875943	A	G	.	.	.
20875953	G	T	.	.	.
20875962	C	T	.	.	.
20875963	G	A	.	.	.
20875969	C	T	.	.	.
20875978	T	C	.	.	.
20876000	T	G	.	.	.
20876120	C	A	.	.	.
20876209	C	T	.	.	.
20876210	G	A	.	.	.
20876238	C	T	.	.	.
20876266	C	A	.	.	.
20876275	C	A	.	.	.
20876298	G	A	.	.	.
20876330	T	C	0	0	0
20876410	T	C	0	0	0
20876460	G	C	0	0	1
20876509	A	G	2	2	2
20876571	C	T	0	0	0
20876572	C	T	0	0	0
20876583	C	G	0	0	0
20876596	T	C	0	0	0
20876604	A	G	0	0	0
20876626	T	C	0	0	0
20876664	A	G	0	0	0
20876674	G	A	0	0	0
20876735	A	G	.	.	.
20876768	T	C	0	0	0
20876833	C	G	0	0	0
20876840	C	T	0	0	0
20876841	G	A	0	0	0
20876854	T	C	0	0	0
20876901	C	T	0	0	0
20876934	C	G	0	0	0
20876962	G	A	0	0	2
20876967	G	A	0	0	0
20877009	G	A	0	0	0
20877022	G	A	0	0	0
20877038	C	T	0	0	0
20877057	C	T	0	0	0
20877222	C	A	0	0	0
20877225	C	T	0	0	0
20877231	C	T	0	0	0
20877267	C	T	0	0	0
20877303	A	T	0	0	0
20877304	T	C	0	0	0
20877341	C	T	0	0	0
20877352	G	C	0	0	0
20877353	C	T	0	0	0
20877376	A	G	0	0	0
20877442	A	G	0	0	0
20877550	G	A	0	0	0
20877584	G	A	0	0	0
20877593	C	A	0	0	0
20877601	A	G	0	0	0
20877615	T	C	.	.	.
20877653	A	T	.	.	.
20877654	A	T	.	.	.
20877697	A	G	0	0	0
20877767	C	G	0	0	0
20877890	T	C	0	0	0
20877913	C	G	0	0	0
20877966	C	T	0	0	0
20877989	C	T	0	0	0
20878023	C	T	0	0	0
20878056	T	C	0	0	0
20878077	C	T	0	0	0
20878102	A	G	0	0	0
20878156	A	G	0	0	0
20878175	G	T	0	0	0
20878260	A	G	0	0	0
20878304	A	G	0	0	0
20878305	C	T	0	0	0
20878311	G	A	0	0	0
20878371	T	C	0	0	0
20878416	A	T	0	0	0
20878638	T	C	0	0	0
20878644	C	G	0	0	0
20878647	A	G	0	0	0
20878674	C	T	0	0	0
20878684	A	G	0	0	0
20878734	A	T	0	0	0
20878760	C	G	0	0	0
20878837	C	T	0	0	0
20878858	C	T	0	0	0
20878931	C	T	.	.	.
20878935	G	A	.	.	.
20879002	G	A	.	.	.
20879011	C	T	.	.	.
20879122	G	A	.	.	.
20879127	C	T	.	.	.
20879136	G	A	.	.	.
20879220	G	C	0	0	0
20879235	A	C	0	0	0
20879242	A	G	0	0	0
20879267	G	A	0	0	0
20879314	G	A	.	.	.
20879349	G	A	.	.	.
20879390	T	A	.	.	.
20879470	C	T	.	.	.
20879480	A	C	.	.	.
20879505	G	A	.	.	.
20879507	G	A	.	.	.
20879533	G	A	0	0	0
20879608	T	G	.	.	.
20879645	G	A	.	.	.
20879753	C	T	.	.	.
20879773	A	T	.	.	.
20879865	C	T	.	.	.
20879889	T	C	.	.	.
20879981	G	A	.	.	.
20879982	C	T	.	.	.
20880004	G	T	.	.	.
20880011	C	T	.	.	.
20880012	G	A	.	.	.
20880033	G	C	.	.	.
20880111	C	T	.	.	.
20880112	T	G	.	.	.
20880119	G	A	.	.	.
20880144	A	G	0	0	0
20880147	G	A	0	0	0
20880150	C	T	0	0	0
20880151	G	A	0	0	2
20880166	A	C	0	0	0
20880178	A	G	0	0	0
20880263	A	G	.	.	.
20880270	C	T	.	.	.
20880359	A	G	.	.	.
20880375	T	A	.	.	.
20880434	T	C	0	0	2
20880446	C	T	0	0	0
20880490	A	G	0	0	0
20880491	C	T	0	0	0
20880492	T	G	0	0	0
20880590	C	T	0	0	0
20880658	A	G	0	0	0
20880679	G	A	0	0	0
20880710	C	T	0	0	0
20880745	A	G	0	0	0
20880898	A	T	0	0	0
20880914	C	T	0	0	0
20880919	A	G	0	0	2
20880985	C	G	.	.	.
20881103	C	T	0	0	0
20881111	G	A	2	2	0
20881201	C	T	0	0	0
20881219	T	G	0	0	0
20881244	T	C	0	0	0
20881330	C	G	0	0	0
20881354	C	T	0	0	0
20881385	T	G	0	0	0
20881429	G	C	0	0	0
20881678	C	A	0	0	0
20881813	C	T	.	.	.
20881926	G	C	.	.	.
20881962	C	T	.	.	.
20881970	C	T	.	.	.
20882012	G	A	.	.	.
20882021	C	T	.	.	.
20882037	G	A	.	.	.
20882042	C	G	.	.	.
20882043	G	A	.	.	.
20882112	C	T	.	.	.
20882113	G	A	.	.	.
20882117	G	A	.	.	.
20882153	A	G	.	.	.
20882167	G	A	.	.	.
20882175	C	T	.	.	.
20882238	C	T	.	.	.
20882239	G	A	.	.	.
20882255	A	G	.	.	.
20882292	C	T	.	.	.
20882327	C	T	.	.	.
20882328	G	A	.	.	.
20882389	C	T	0	0	0
20882423	G	A	0	0	2
20882427	A	G	0	0	0
20882437	G	A	0	0	0
20882447	C	T	0	0	0
20882495	C	T	0	0	0
20882512	G	A	0	0	0
20882518	C	T	1	0	0
20882519	G	A	0	0	0
20882541	T	C	0	0	0
20882571	C	T	.	.	.
20882609	C	G	.	.	.
20882610	G	A	.	.	.
20882640	C	T	0	0	0
20882644	A	C	0	0	0
20882719	C	T	.	.	.
20882764	A	G	.	.	.
20882825	C	T	.	.	.
20882875	A	T	.	.	.
20882893	C	T	.	.	.
20882921	C	T	0	0	0
20882941	G	A	0	0	0
20882952	A	T	0	0	0
20883007	G	C	0	0	0
20883026	C	T	0	0	0
20883029	C	T	0	0	0
20883045	A	T	0	0	0
20883136	A	G	0	0	0
20883149	T	C	0	0	0
20883181	G	T	0	0	0
20883322	C	T	0	0	0
20883347	G	C	0	0	0
20883355	G	A	0	0	0
20883356	T	A	0	0	0
20883377	C	T	0	0	0
20883440	G	T	.	.	.
20883449	T	C	.	.	.
20883493	G	T	0	0	0
20883497	G	C	0	0	0
20883505	C	T	0	0	0
20883596	G	T	.	.	.
20883638	G	A	.	.	.
20883654	C	T	.	.	.
20883679	C	T	.	.	.
20883683	C	T	.	.	.
20883702	T	C	.	.	.
20883714	C	T	.	.	.
20883740	T	G	.	.	.
20883756	G	A	.	.	.
20883759	T	C	.	.	.
20883846	G	T	.	.	.
20883890	T	C	.	.	.
20883980	G	A	.	.	.
20884011	C	T	.	.	.
20884034	C	G	.	.	.
20884066	A	C	.	.	.
20884070	G	T	.	.	.
20884071	G	A	.	.	.
20884105	C	T	.	.	.
20884152	T	C	.	.	.
20884174	C	G	.	.	.
20884195	G	A	.	.	.
20884202	C	T	.	.	.
20884216	G	A	.	.	.
20884237	C	T	.	.	.
20884263	C	T	.	.	.
20884264	G	A	.	.	.
20884286	C	T	.	.	.
20884290	C	T	.	.	.
20884293	G	A	.	.	.
20884300	C	T	.	.	.
20884423	G	A	0	0	0
20884454	A	G	0	0	0
20884458	G	A	0	0	0
20884476	C	A	0	0	0
20884515	C	T	0	0	0
20884534	A	G	0	0	0
20884588	C	T	0	0	0
20884620	G	A	0	0	0
20884666	C	T	0	0	0
20884725	A	G	0	0	0
20884732	G	C	0	0	0
20884833	T	C	0	0	0
20884910	C	T	2	2	0
20884969	C	T	0	0	0
20884978	G	C	0	0	0
20885001	G	C	0	0	0
20885032	G	T	0	0	0
20885055	G	A	0	0	0
20885077	A	G	0	0	0
20885100	A	G	0	0	2
20885221	T	A	0	0	0
20885236	G	A	0	0	0
20885252	T	C	0	0	0
20885258	A	C	0	0	0
20885295	A	G	0	0	0
20885307	C	T	0	1	0
20885340	C	T	0	0	0
20885418	C	T	0	0	0
20885439	T	G	0	0	0
20885464	C	T	.	.	.
20885558	T	G	0	0	0
20885663	C	T	0	0	0
20885689	G	A	0	0	0
20885712	C	T	0	0	0
20885793	C	T	0	0	0
20885855	T	C	0	0	0
20885892	G	T	.	.	.
20885911	C	T	.	.	.
20885922	C	T	.	.	.
20886009	C	G	0	0	0
20886016	C	T	0	0	0
20886236	G	A	0	0	0
20886278	G	A	0	0	0
20886307	G	A	0	0	0
20886337	G	A	0	0	0
20886342	T	C	0	0	0
20886357	G	A	0	0	0
20886422	C	T	0	0	0
20886424	A	G	0	0	0
20886448	C	T	0	0	0
20886509	T	G	0	0	0
20886533	G	A	0	0	0
20886536	G	A	0	0	0
20886587	G	A	0	0	0
20886647	G	A	0	0	0
20886657	A	G	0	0	0
20886683	A	C	0	0	0
20886692	C	T	0	0	0
20886713	C	T	0	0	0
20886752	G	A	0	0	0
20886754	T	G	0	0	0
20886833	A	G	0	0	0
20886856	T	C	0	0	0
20886970	G	C	0	0	0
20887016	A	G	0	0	0
20887050	G	A	0	0	0
20887080	A	G	0	0	0
20887166	G	T	0	0	0
20887192	G	A	0	0	0
20887250	T	G	0	0	0
20887332	G	A	0	0	0
20887354	A	G	0	0	0
20887397	G	A	0	0	0
20887445	G	T	0	0	0
20887458	C	T	0	0	0
20887479	A	G	0	0	0
20887499	T	C	0	0	0
20887533	C	G	2	2	2
20887604	C	G	0	0	0
20887614	G	A	0	0	0
20887623	A	G	0	0	0
20887641	G	T	0	0	0
20887644	T	A	0	0	0
20887653	G	A	0	0	0
20887675	C	A	0	0	0
20887692	A	G	0	0	0
20887695	C	G	0	0	0
20887837	T	A	0	0	0
20887850	C	G	0	0	0
20887880	A	C	0	0	0
20887886	C	T	0	0	0
20887972	C	T	0	0	0
20888082	C	T	0	0	0
20888167	C	T	0	0	0
20888241	G	C	0	0	0
20888242	A	T	0	0	0
20888260	C	T	0	0	0
20888266	G	A	0	0	0
20888290	C	T	0	0	0
20888292	A	C	0	0	0
20888354	G	A	0	0	0
20888369	A	G	0	0	0
20888414	T	C	0	0	0
20888437	T	A	0	0	0
20888441	C	T	0	0	0
20888458	A	G	0	0	0
20888461	C	G	0	0	0
20888475	C	T	0	0	0
20888548	G	C	.	.	.
20888619	A	C	.	.	.
20888666	G	A	.	.	.
20888673	G	A	.	.	.
20888689	G	A	.	.	.
20888726	A	G	.	.	.
20888734	C	T	.	.	.
20888738	G	C	.	.	.
20888828	G	A	.	.	.
20888926	C	T	0	0	0
20888927	A	G	2	2	2
20888928	C	T	0	0	2
20888933	A	G	0	0	0
20888946	A	G	0	0	0
20889043	C	T	0	0	0
20889056	C	T	0	0	0
20889083	C	T	0	0	0
20889084	G	A	0	0	0
20889088	G	C	0	0	0
20889102	A	G	0	0	0
20889104	T	C	0	0	0
20889151	C	G	0	0	0
20889171	A	T	0	0	0
20889223	C	T	0	0	0
20889369	C	G	.	.	.
20889377	T	C	.	.	.
20889424	T	C	.	.	.
20889433	C	T	.	.	.
20889447	G	A	.	.	.
20889460	G	T	.	.	.
20889604	A	G	0	0	0
20889606	A	G	0	0	0
20889639	A	T	0	0	0
20889643	C	T	0	0	0
20889670	A	G	0	0	0
20889686	C	T	0	0	0
20889761	G	A	0	0	0
20889799	G	C	0	0	0
20889869	C	T	.	.	.
20889875	C	T	.	.	.
20889908	G	A	.	.	.
20889910	A	G	.	.	.
20889911	A	G	.	.	.
20889923	T	A	.	.	.
20889926	C	A	.	.	.
20889933	G	A	.	.	.
20889947	T	C	.	.	.
20889995	T	C	.	.	.
20890003	T	C	.	.	.
20890008	A	G	.	.	.
20890027	T	A	.	.	.
20890037	A	G	.	.	.
20890045	A	G	.	.	.
20890047	T	C	.	.	.
20890054	G	A	.	.	.
20890057	A	C	.	.	.
20890071	C	T	.	.	.
20890087	C	T	.	.	.
20890092	C	T	.	.	.
20890097	T	C	.	.	.
20890118	C	T	.	.	.
20890126	G	A	.	.	.
20890234	G	T	.	.	.
20890257	C	G	.	.	.
20890267	G	A	.	.	.
20890285	T	C	.	.	.
20890293	A	G	.	.	.
20890410	G	T	.	.	.
20890507	G	A	0	0	0
20890529	A	G	0	0	2
20890548	C	A	0	0	0
20890559	T	C	0	0	2
20890571	A	T	0	0	0
20890657	G	A	0	0	0
20890677	G	A	0	0	0
20890728	G	A	0	0	0
20890754	G	T	0	0	0
20890770	A	T	0	0	0
20890789	G	A	0	0	0
20890798	A	G	0	0	0
20890817	G	A	0	0	0
20890966	A	G	0	0	0
20891037	A	G	0	0	0
20891072	C	T	0	0	0
20891079	G	A	0	0	0
20891139	C	T	0	0	0
20891140	G	A	0	0	0
20891153	A	G	0	0	0
20891162	T	C	0	0	0
20891177	G	A	.	.	.
20891195	T	C	.	.	.
20891217	G	A	0	0	0
20891259	C	A	0	0	0
20891293	C	T	0	0	0
20891315	G	A	0	0	0
20891353	G	A	0	0	0
20891365	C	T	0	0	0
20891366	T	C	0	0	0
20891380	G	A	0	0	0
20891382	C	T	0	0	0
20891482	C	T	0	0	0
20891535	A	C	0	0	0
20891539	G	A	0	0	0
20891545	A	G	2	2	2
20891565	T	G	0	0	0
20891568	G	A	0	0	0
20891584	T	A	0	0	0
20891602	G	C	0	0	0
20891725	C	T	0	0	0
20891726	G	C	0	0	0
20891797	G	T	0	0	0
20891823	A	C	0	0	0
20891842	C	T	0	1	0
20891928	G	T	2	2	0
20891945	C	G	0	0	0
20892027	A	G	0	0	0
20892073	G	A	0	0	0
20892090	C	G	0	0	0
20892112	G	A	0	0	0
20892134	G	A	0	0	0
20892161	G	A	.	.	.
20892217	C	A	0	0	0
20892223	T	C	0	0	0
20892246	G	A	.	.	.
20892271	A	G	.	.	.
20892313	C	T	0	0	0
20892320	C	A	0	0	0
20892328	A	C	0	0	0
20892430	C	T	.	.	.
20892586	G	T	.	.	.
20892591	C	T	.	.	.
20892597	C	T	.	.	.
20892630	G	C	0	0	0
20892643	C	T	.	.	.
20892725	C	T	.	.	.
20892727	A	T	.	.	.
20892737	A	C	.	.	.
20892738	T	G	.	.	.
20892795	C	T	.	.	.
20892832	C	T	.	.	.
20892835	C	G	.	.	.
20892878	C	T	0	0	0
20892879	A	G	0	0	0
20892911	T	C	0	0	0
20892913	T	C	0	0	0
20892918	T	G	0	0	0
20892920	T	C	0	0	0
20892939	A	G	0	0	0
20892942	C	T	0	0	0
20892980	G	A	.	.	.
20893028	C	T	.	.	.
20893049	C	T	.	.	.
20893085	C	A	.	.	.
20893099	G	A	.	.	.
20893106	C	T	.	.	.
20893121	G	A	.	.	.
20893140	C	G	.	.	.
20893143	C	T	.	.	.
20893194	G	T	.	.	.
20893230	C	T	.	.	.
20893235	G	A	.	.	.
20893251	G	A	.	.	.
20893268	A	G	.	.	.
20893280	A	G	.	.	.
20893321	T	A	.	.	.
20893329	C	A	.	.	.
20893335	A	G	.	.	.
20893359	C	T	0	0	0
20893466	A	G	.	.	.
20893541	A	G	.	.	.
20893613	G	A	.	.	.
20893766	C	T	0	0	0
20893767	G	A	0	0	1
20893769	T	C	0	0	0
20893800	T	C	0	0	0
20893807	A	G	0	0	0
20893840	A	C	0	0	0
20893954	A	G	0	0	0
20894065	G	A	0	0	0
20894100	A	G	.	.	.
20894171	C	T	.	.	.
20894187	T	C	.	.	.
20894202	G	C	.	.	.
20894251	G	A	0	0	0
20894286	T	C	.	.	.
20894340	T	G	.	.	.
20894342	G	A	.	.	.
20894369	G	A	.	.	.
20894422	G	A	.	.	.
20894441	A	G	.	.	.
20894492	C	T	.	.	.
20894509	G	A	.	.	.
20894538	G	A	.	.	.
20894686	C	T	.	.	.
20894730	G	A	0	0	0
20894731	C	T	0	0	0
20894787	G	A	.	.	.
20894795	A	G	.	.	.
20894805	A	G	.	.	.
20894807	G	C	.	.	.
20894816	G	A	.	.	.
20894918	A	T	0	0	0
20894960	C	G	.	.	.
20895024	C	A	.	.	.
20895114	A	G	.	.	.
20895136	G	T	.	.	.
20895158	T	C	.	.	.
20895185	A	G	.	.	.
20895240	G	A	.	.	.
20895263	C	T	.	.	.
20895274	G	A	.	.	.
20895282	G	A	.	.	.
20895349	A	T	.	.	.
20895372	A	C	.	.	.
20895392	G	C	.	.	.
20895399	G	A	.	.	.
20895415	A	C	.	.	.
20895450	C	T	.	.	.
20895481	A	G	.	.	.
20895492	C	T	.	.	.
20895521	G	A	.	.	.
20895533	A	G	.	.	.
20895629	A	G	.	.	.
20895675	A	C	.	.	.
20895773	G	C	0	0	0
20895801	C	T	.	.	.
20895802	G	A	.	.	.
20895809	C	T	.	.	.
20895813	C	T	.	.	.
20895840	G	A	.	.	.
20895873	T	G	.	.	.
20895927	C	T	.	.	.
20895954	T	C	.	.	.
20896005	C	T	.	.	.
20896014	G	A	.	.	.
20896171	G	A	.	.	.
20896221	C	T	.	.	.
20896236	A	T	.	.	.
20896241	C	T	.	.	.
20896296	G	A	.	.	.
20896463	T	C	0	0	0
20896537	C	T	.	.	.
20896562	A	G	0	0	1
20896645	A	G	.	.	.
20896686	A	G	.	.	.
20896693	G	A	.	.	.
20896700	C	T	.	.	.
20896727	A	G	0	0	0
20896881	G	T	0	0	0
20896900	T	C	0	0	0
20896906	T	C	0	0	0
20896924	G	A	0	0	0
20896926	G	A	0	0	0
20896934	T	C	0	0	0
20896947	G	A	.	.	.
20896981	T	C	.	.	.
20897026	C	G	.	.	.
20897067	C	T	0	0	0
20897069	T	C	0	0	0
20897126	G	C	0	0	0
20897218	A	G	0	0	0
20897226	G	A	0	0	0
20897232	T	C	.	.	.
20897234	T	C	.	.	.
20897303	G	T	.	.	.
20897313	A	G	.	.	.
20897322	G	A	.	.	.
20897525	G	C	.	.	.
20897559	C	T	.	.	.
20897560	G	A	.	.	.
20897617	G	A	.	.	.
20897647	C	T	.	.	.
20897835	C	T	.	.	.
20897846	C	T	.	.	.
20897848	T	G	.	.	.
20897883	C	T	.	.	.
20897884	G	A	.	.	.
20897899	C	T	.	.	.
20897914	G	A	.	.	.
20898002	G	A	.	.	.
20898005	C	T	.	.	.
20898055	G	T	.	.	.
20898061	T	G	.	.	.
20898090	C	T	.	.	.
20898096	C	T	.	.	.
20898120	T	C	.	.	.
20898140	C	T	.	.	.
20898144	C	T	.	.	.
20898157	T	G	.	.	.
20898202	T	C	0	0	0
20898323	T	C	2	2	2
20898402	G	A	.	.	.
20898407	T	C	.	.	.
20898415	A	G	.	.	.
20898434	A	G	0	0	0
20898496	C	T	.	.	.
20898508	C	T	.	.	.
20898567	C	T	0	0	0
20898631	C	T	0	0	0
20898669	T	C	.	.	.
20898675	G	A	.	.	.
20898679	G	T	.	.	.
20898680	C	T	.	.	.
20898681	G	A	.	.	.
20898690	C	T	.	.	.
20898691	G	A	.	.	.
20898717	C	T	.	.	.
20898740	C	T	.	.	.
20898748	C	T	.	.	.
20898749	G	A	.	.	.
20898757	C	A	.	.	.
20898815	G	A	.	.	.
20898846	C	T	.	.	.
20898902	G	A	.	.	.
20898919	C	T	.	.	.
20898950	C	T	.	.	.
20898956	A	C	.	.	.
20899153	G	A	0	0	0
20899186	G	A	2	2	2
20899254	G	A	2	2	2
20899257	G	A	0	0	0
20899316	G	A	0	0	0
20899363	A	G	.	.	.
20899379	G	A	0	0	0
20899420	G	C	0	0	0
20899454	C	T	0	0	0
20899495	G	C	.	.	.
20899557	A	G	.	.	.
20899620	G	T	.	.	.
20899626	G	A	0	0	0
20899634	C	T	.	.	.
20899667	G	A	.	.	.
20899705	G	A	.	.	.
20899776	A	G	.	.	.
20899855	C	T	.	.	.
20899871	G	A	.	.	.
20899884	G	C	.	.	.
20899892	A	G	.	.	.
20899956	C	G	0	0	0
20899961	T	A	.	.	.
20899964	G	A	.	.	.
20899971	G	A	.	.	.
20899976	T	A	.	.	.
20899991	G	A	.	.	.
20900074	T	C	0	0	0
20900078	A	G	0	0	0
20900121	C	A	0	0	0
20900158	G	A	0	0	0
20900236	A	G	0	0	0
20900238	G	A	0	0	0
20900284	A	G	0	0	0
20900373	C	T	.	.	.
20900440	C	T	0	0	0
20900476	T	C	0	0	0
20900488	C	A	0	0	0
20900527	C	G	0	0	0
20900531	C	T	0	0	0
20900562	C	T	0	0	0
20900577	G	T	0	0	0
20900606	C	T	0	0	0
20900609	A	C	0	0	0
20900666	G	A	0	0	0
20900699	G	A	0	0	0
20900751	G	A	0	0	0
20900780	T	G	.	.	.
20900798	G	T	.	.	.
20900812	G	A	0	2	0
20900876	A	G	0	0	0
20900880	C	T	0	0	0
20900900	A	G	.	.	.
20900929	G	A	0	0	0
20900944	C	T	0	0	0
20901001	C	T	0	0	0
20901076	C	T	0	0	0
20901086	A	G	0	0	0
20901145	C	A	0	0	0
20901160	C	T	0	0	0
20901193	C	T	0	0	0
20901215	G	A	.	.	.
20901257	A	G	0	0	0
20901293	A	C	0	0	0
20901420	A	C	0	0	0
20901444	T	C	0	0	0
20901515	T	C	0	0	0
20901522	C	T	0	0	0
20901553	A	G	.	.	.
20901620	G	A	0	0	0
20901623	C	G	0	0	0
20901650	T	C	0	0	0
20901696	G	C	2	2	0
20901697	A	G	0	0	0
20901726	C	T	.	.	.
20901735	A	C	.	.	.
20901787	A	G	.	.	.
20901798	G	A	.	.	.
20901806	C	A	.	.	.
20901832	C	T	.	.	.
20901834	T	G	.	.	.
20901933	C	T	.	.	.
20901940	A	T	.	.	.
20901968	G	A	.	.	.
20901979	C	T	.	.	.
20902035	G	A	.	.	.
20902041	C	T	.	.	.
20902056	A	G	.	.	.
20902062	A	T	.	.	.
20902153	C	A	.	.	.
20902162	T	C	.	.	.
20902190	G	A	.	.	.
20902252	A	G	.	.	.
20902265	C	T	.	.	.
20902285	T	C	.	.	.
20902344	C	T	0	0	0
20902364	A	G	0	0	0
20902489	C	G	.	.	.
20902515	C	T	.	.	.
20902516	G	A	.	.	.
20902518	G	A	.	.	.
20902539	C	T	.	.	.
20902581	T	A	.	.	.
20902627	T	A	.	.	.
20902744	G	A	.	.	.
20902810	A	G	0	0	0
20902872	C	T	0	0	0
20902873	G	A	0	0	0
20902975	C	A	0	0	0
20902980	T	C	0	0	0
20903161	A	T	.	.	.
20903172	C	T	.	.	.
20903192	C	G	.	.	.
20903219	A	G	0	0	0
20903290	G	A	.	.	.
20903309	A	G	.	.	.
20903326	G	A	.	.	.
20903340	G	A	.	.	.
20903379	C	T	.	.	.
20903380	G	A	.	.	.
20903391	A	G	.	.	.
20903405	G	A	0	0	1
20903410	C	T	0	0	0
20903439	T	C	2	2	0
20903441	G	A	0	0	0
20903445	T	C	0	0	0
20903478	C	T	0	0	0
20903517	T	C	2	2	2
20903518	G	A	0	0	0
20903696	G	A	0	0	0
20903736	C	A	0	0	0
20903745	T	C	0	0	0
20903782	T	G	0	0	0
20903801	G	A	0	0	0
20903805	C	G	0	0	0
20903815	G	A	0	0	0
20903863	C	G	2	2	2
20903958	G	T	0	0	0
20904026	C	T	0	0	0
20904031	C	T	0	0	0
20904072	C	T	0	0	0
20904073	G	C	2	2	2
20904100	G	A	0	0	0
20904128	C	T	0	0	0
20904141	G	T	0	0	0
20904165	C	T	0	0	0
20904258	A	G	0	0	0
20904264	A	G	0	0	0
20904324	G	C	.	.	.
20904375	G	C	0	0	0
20904431	C	T	0	0	0
20904521	G	A	0	0	0
20904560	G	A	0	0	0
20904609	G	A	0	0	0
20904618	C	T	0	0	0
20904641	C	A	0	0	0
20904676	G	A	.	.	.
20904784	C	T	0	0	0
20904822	G	A	0	0	0
20904840	G	T	0	0	0
20904869	C	T	0	0	0
20904871	C	T	0	0	0
20905029	G	A	0	0	0
20905041	G	T	0	0	0
20905060	G	T	0	0	0
20905062	T	G	0	0	2
20905082	A	G	2	2	2
20905088	T	C	2	2	2
20905126	G	A	0	0	0
20905181	G	C	0	0	0
20905200	G	A	0	0	0
20905205	T	C	0	0	0
20905209	G	A	0	0	0
20905230	G	T	0	0	0
20905232	C	T	0	0	0
20905256	C	T	0	0	0
20905332	C	T	0	0	0
20905412	G	A	1	0	0
20905446	C	T	0	0	0
20905480	G	A	0	0	0
20905500	T	G	0	0	0
20905568	G	A	0	0	0
20905575	G	A	0	0	0
20905580	C	T	0	0	0
20905582	A	T	0	0	0
20905600	G	A	0	0	0
20905620	A	G	0	0	0
20905622	G	C	0	0	0
20905646	C	T	0	0	0
20905677	G	A	0	0	0
20905832	C	T	0	0	0
20905841	G	A	0	0	0
20905910	A	C	0	0	0
20905951	C	T	0	0	0
20906019	A	G	0	0	0
20906021	C	T	0	0	0
20906028	C	T	0	0	0
20906052	C	G	0	0	0
20906062	A	C	0	0	0
20906063	G	T	0	0	0
20906067	T	C	0	0	0
20906099	C	T	0	0	0
20906216	C	T	0	0	0
20906228	C	T	0	0	0
20906241	G	A	0	0	0
20906270	C	T	0	0	0
20906271	C	G	0	0	0
20906336	G	C	0	0	0
20906342	A	G	0	0	0
20906366	C	T	0	0	0
20906367	G	A	0	0	0
20906383	C	T	0	0	0
20906384	G	A	0	0	0
20906454	C	T	0	0	2
20906472	C	T	0	0	0
20906477	G	T	0	0	0
20906493	G	A	0	0	0
20906555	G	A	0	0	0
20906570	A	G	0	0	0
20906640	A	G	0	0	0
20906648	G	A	0	0	0
20906731	G	A	0	0	0
20906796	G	A	0	0	0
20906805	C	T	0	0	0
20906899	C	T	0	0	0
20906929	C	T	0	0	0
20906948	C	G	0	0	1
20906969	C	T	0	0	0
20907000	A	G	0	0	0
20907051	C	A	0	0	0
20907070	C	T	0	0	0
20907088	T	C	0	0	0
20907125	T	C	0	0	0
20907171	A	G	0	0	0
20907193	G	A	0	0	0
20907199	G	T	0	0	0
20907218	T	A	0	0	0
20907244	T	G	0	0	0
20907255	C	T	0	0	0
20907270	C	T	0	0	0
20907303	T	C	2	2	2
20907305	G	T	0	0	0
20907323	G	A	0	0	0
20907406	G	A	.	.	.
20907557	T	G	0	0	0
20907581	G	A	0	0	0
20907645	G	T	0	0	0
20907648	G	T	0	0	0
20907678	C	T	0	0	0
20907719	C	G	0	0	0
20907729	G	C	0	0	0
20907779	A	G	0	0	0
20907807	T	C	0	0	0
20907922	G	A	.	.	.
20907939	C	A	.	.	.
20908018	G	A	.	.	.
20908027	C	T	.	.	.
20908055	G	A	.	.	.
20908062	G	A	.	.	.
20908065	T	C	.	.	.
20908112	C	G	.	.	.
20908115	G	A	.	.	.
20908143	G	C	.	.	.
20908162	A	G	.	.	.
20908204	A	G	0	0	0
20908241	G	A	0	0	0
20908246	C	G	0	0	0
20908252	T	C	0	0	0
20908291	G	A	0	0	0
20908339	C	T	0	0	0
20908353	C	G	0	0	0
20908369	T	G	0	0	0
20908421	G	A	0	0	0
20908515	C	T	2	2	0
20908534	G	A	0	0	0
20908555	T	A	0	0	0
20908563	T	G	0	0	0
20908630	C	T	0	0	0
20908702	A	C	2	2	2
20908732	A	C	0	0	0
20908736	G	A	0	0	0
20908777	G	A	0	0	0
20908813	C	T	0	0	0
20908852	C	G	0	0	0
20908868	G	A	0	0	2
20908881	G	A	0	0	0
20908927	G	A	0	0	0
20908945	G	A	0	0	0
20908987	T	A	0	0	0
20908993	T	C	2	2	2
20909047	G	A	0	0	0
20909131	C	T	0	0	0
20909151	C	T	0	0	2
20909185	G	A	0	0	0
20909206	C	T	0	0	0
20909232	A	G	0	0	0
20909255	G	A	0	0	0
20909272	C	T	0	0	0
20909294	C	T	0	0	0
20909317	C	T	0	0	0
20909318	G	A	0	0	0
20909330	C	G	0	0	0
20909341	G	A	0	0	0
20909371	G	A	0	0	0
20909389	G	A	0	0	0
20909413	C	A	0	0	0
20909419	T	C	0	0	0
20909448	C	T	0	0	0
20909465	C	T	0	0	0
20909489	A	G	0	0	0
20909526	A	G	.	.	.
20909544	G	A	.	.	.
20909550	G	T	.	.	.
20909622	G	A	0	0	0
20909641	C	T	0	0	0
20909656	G	A	0	0	0
20909674	G	C	0	0	0
20909680	G	A	0	0	0
20909765	T	C	0	0	0
20909772	C	G	0	0	0
20909920	G	A	0	0	0
20909938	C	T	0	0	0
20910031	C	T	0	0	0
20910032	G	A	0	0	0
20910033	G	T	0	0	0
20910040	G	T	0	0	0
20910063	C	T	.	.	.
20910066	T	C	.	.	.
20910077	C	T	.	.	.
20910091	C	G	.	.	.
20910143	G	C	.	.	.
20910193	A	G	.	.	.
20910195	A	C	.	.	.
20910220	G	C	.	.	.
20910221	G	A	.	.	.
20910225	A	T	.	.	.
20910247	C	T	.	.	.
20910258	C	T	.	.	.
20910264	C	T	.	.	.
20910294	G	A	.	.	.
20910299	C	T	.	.	.
20910316	C	T	0	0	0
20910319	A	G	0	0	0
20910321	C	T	0	0	0
20910482	C	T	0	0	0
20910609	A	G	.	.	.
20910681	C	T	.	.	.
20910682	G	A	.	.	.
20910683	A	G	.	.	.
20910753	A	G	.	.	.
20910765	T	G	.	.	.
20910797	G	A	.	.	.
20910800	T	C	.	.	.
20910833	C	T	.	.	.
20910866	C	T	.	.	.
20910872	C	G	.	.	.
20910882	C	T	.	.	.
20910883	A	G	.	.	.
20910887	G	A	.	.	.
20910932	G	T	0	0	0
20910960	C	G	0	0	0
20910961	G	T	0	0	0
20910963	G	A	0	0	0
20910998	G	A	0	0	0
20911025	T	C	0	0	0
20911076	G	T	0	0	0
20911080	A	G	0	0	0
20911128	T	C	0	0	0
20911133	A	G	0	0	0
20911181	C	A	0	0	0
20911301	A	T	.	.	.
20911381	A	C	0	0	0
20911458	C	T	0	0	0
20911475	T	C	0	0	0
20911552	G	A	0	0	0
20911557	G	A	0	0	0
20911673	T	G	0	0	0
20911677	C	G	0	0	0
20911690	C	T	0	0	0
20911756	A	C	2	2	2
20911815	G	A	0	0	0
20911816	G	T	0	0	0
20911858	A	T	.	.	.
20911863	T	G	.	.	.
20911878	C	T	0	0	0
20911880	T	C	0	0	0
20912168	C	T	.	.	.
20912175	C	T	.	.	.
20912190	G	A	.	.	.
20912209	C	T	.	.	.
20912221	G	A	.	.	.
20912253	C	T	.	.	.
20912254	G	A	.	.	.
20912283	C	T	.	.	.
20912339	G	A	.	.	.
20912347	G	A	.	.	.
20912379	G	A	.	.	.
20912398	A	G	.	.	.
20912451	G	A	0	0	0
20912485	G	A	0	0	0
20912579	C	T	0	0	0
20912628	G	A	0	0	0
20912631	G	C	0	0	0
20912640	G	C	0	0	1
20912708	G	C	0	0	0
20912746	T	C	0	0	0
20912757	A	G	0	0	0
20912793	A	G	0	0	0
20912804	A	G	0	0	0
20912823	G	A	0	0	0
20912842	A	G	0	0	0
20912879	T	C	0	0	0
20912970	A	G	2	2	2
20912982	G	A	0	0	0
20912995	G	A	0	0	0
20913012	T	C	0	0	0
20913047	C	G	.	.	.
20913053	C	T	.	.	.
20913086	G	A	0	0	0
20913207	A	G	.	.	.
20913209	A	G	.	.	.
20913212	A	G	0	0	0
20913213	G	A	0	0	0
20913237	C	T	0	0	0
20913260	T	C	0	0	0
20913299	C	T	0	0	0
20913335	C	T	.	.	.
20913351	G	A	.	.	.
20913452	A	G	0	0	0
20913495	A	C	0	0	0
20913496	G	A	0	0	0
20913510	A	G	2	2	2
20913519	G	C	0	0	0
20913528	C	T	0	0	0
20913530	G	A	0	0	0
20913549	G	A	0	0	0
20913597	C	T	0	0	0
20913663	T	G	0	0	0
20913664	G	T	0	0	0
20913665	T	A	0	0	0
20913704	G	A	0	0	0
20913712	T	G	0	0	0
20913756	C	T	0	0	0
20913757	G	A	2	2	2
20913787	A	G	0	0	0
20913793	T	C	0	0	0
20913830	C	T	0	0	0
20913845	A	G	0	0	0
20913878	G	A	0	0	0
20913882	A	G	0	0	0
20913946	C	T	0	0	0
20914004	A	G	0	0	0
20914007	C	T	0	0	0
20914021	G	A	0	0	0
20914072	C	G	.	.	.
20914140	A	G	0	0	0
20914157	C	T	0	0	0
20914205	G	A	0	0	0
20914216	G	A	0	0	0
20914228	G	A	0	0	0
20914253	T	C	0	0	0
20914307	T	C	.	.	.
20914329	G	T	0	0	0
20914358	A	G	0	0	0
20914473	A	C	0	0	0
20914584	G	T	.	.	.
20914620	C	T	.	.	.
20914621	G	A	.	.	.
20914627	C	T	.	.	.
20914659	C	G	.	.	.
20914689	C	T	.	.	.
20914698	C	T	.	.	.
20914699	G	A	.	.	.
20914700	C	T	.	.	.
20914741	G	A	.	.	.
20914752	A	G	.	.	.
20914757	G	A	.	.	.
20914761	A	G	.	.	.
20914764	A	G	.	.	.
20914767	T	G	.	.	.
20914771	C	T	.	.	.
20914783	C	T	.	.	.
20914796	C	T	.	.	.
20914830	A	G	.	.	.
20914837	T	A	.	.	.
20914845	T	C	.	.	.
20914895	C	G	.	.	.
20914921	G	A	.	.	.
20914958	C	T	0	0	0
20914992	A	C	0	0	0
20915063	G	A	0	0	0
20915121	C	A	0	0	0
20915147	T	C	0	0	0
20915209	T	G	0	0	0
20915219	A	G	0	0	0
20915253	G	A	0	0	0
20915284	A	G	0	0	0
20915285	C	T	0	0	0
20915388	A	G	0	0	0
20915458	G	A	0	0	0
20915528	C	T	.	.	.
20915533	C	T	.	.	.
20915534	G	A	.	.	.
20915535	C	T	.	.	.
20915617	C	G	.	.	.
20915631	C	T	.	.	.
20915632	G	A	.	.	.
20915634	C	T	.	.	.
20915675	C	T	.	.	.
20915694	C	T	.	.	.
20915722	G	A	.	.	.
20915732	G	A	.	.	.
20915739	G	A	.	.	.
20915763	C	A	.	.	.
20915787	C	G	.	.	.
20915792	T	C	.	.	.
20915799	C	T	.	.	.
20915836	T	C	0	0	0
20915838	A	G	0	0	0
20915859	A	G	0	0	0
20915873	T	G	0	0	0
20915897	C	A	0	0	0
20915985	C	T	0	0	0
20915989	C	G	0	0	0
20915990	G	A	0	0	0
20916003	A	T	0	0	0
20916039	C	G	.	.	.
20916111	C	T	.	.	.
20916228	T	C	.	.	.
20916231	T	C	.	.	.
20916281	A	G	0	0	0
20916283	C	T	0	0	0
20916333	A	T	.	.	.
20916365	T	C	0	0	0
20916413	A	G	.	.	.
20916440	C	T	.	.	.
20916465	A	G	.	.	.
20916504	A	G	0	0	0
20916517	G	C	.	.	.
20916602	A	G	0	0	0
20916620	A	G	0	0	0
20916656	A	T	0	0	0
20916667	A	T	.	.	.
20916669	A	G	.	.	.
20916688	T	C	.	.	.
20916735	G	A	.	.	.
20916741	G	A	.	.	.
20916752	A	G	.	.	.
20916818	C	T	.	.	.
20916832	C	T	.	.	.
20916873	G	C	.	.	.
20916913	C	T	.	.	.
20916919	T	C	.	.	.
20916928	C	G	.	.	.
20916965	C	T	.	.	.
20916969	G	A	0	0	0
20916986	G	T	0	0	0
20917061	A	G	0	0	0
20917067	A	G	.	.	.
20917150	C	T	.	.	.
20917203	G	A	.	.	.
20917205	T	C	.	.	.
20917215	C	T	.	.	.
20917216	G	T	.	.	.
20917217	G	A	.	.	.
20917273	C	T	.	.	.
20917304	C	T	.	.	.
20917314	C	A	.	.	.
20917386	G	C	0	0	0
20917405	A	T	.	.	.
20917430	A	G	.	.	.
20917479	A	T	0	0	0
20917515	G	A	0	0	0
20917527	A	G	0	0	0
20917528	T	C	0	0	0
20917541	A	T	0	0	0
20917601	G	A	0	0	0
20917639	C	T	0	0	0
20917670	G	A	0	0	0
20917684	A	G	0	0	0
20917704	T	C	0	0	0
20917731	A	G	0	0	0
20917759	A	G	0	0	0
20917801	G	A	0	0	0
20917819	G	A	0	0	0
20917949	G	C	0	0	0
20917976	G	T	0	0	0
20918008	A	G	.	.	.
20918062	C	T	0	0	0
20918091	G	A	0	0	0
20918101	G	A	0	0	0
20918115	A	C	0	0	0
20918130	G	T	.	.	.
20918164	T	A	0	0	0
20918252	C	T	0	0	0
20918253	G	A	0	0	0
20918266	A	T	0	0	0
20918273	A	G	0	0	0
20918328	A	G	0	0	0
20918342	G	A	0	0	0
20918349	C	T	0	0	0
20918404	C	T	0	0	0
20918418	G	A	0	0	0
20918429	A	G	0	0	0
20918442	G	T	0	0	0
20918448	A	T	0	0	0
20918462	C	T	0	0	0
20918485	C	G	0	0	0
20918515	T	C	0	0	2
20918518	T	G	0	0	0
20918527	A	G	0	0	0
20918528	T	C	0	0	0
20918542	A	G	0	0	0
20918547	A	C	0	0	0
20918584	A	G	0	0	0
20918630	C	T	0	0	0
20918638	T	G	0	0	0
20918680	G	A	0	0	0
20918716	G	A	0	0	0
20918717	C	T	0	0	0
20918764	T	A	0	1	0
20918767	A	C	0	1	0
20918779	A	G	0	0	0
20918780	A	G	0	1	0
20918785	A	T	0	1	0
20918809	C	T	0	1	0
20918846	G	A	.	.	.
20918870	C	T	0	0	0
20918876	G	A	0	0	0
20918939	G	T	.	.	.
20918987	C	T	0	0	0
20918999	C	T	0	0	0
20919065	G	A	0	0	0
20919140	G	A	.	.	.
20919149	G	A	.	.	.
20919167	C	T	.	.	.
20919181	G	A	.	.	.
20919239	C	T	.	.	.
20919306	A	G	.	.	.
20919346	A	G	.	.	.
20919355	T	G	.	.	.
20919366	C	T	.	.	.
20919371	C	T	.	.	.
20919372	G	A	.	.	.
20919376	C	T	.	.	.
20919377	G	A	.	.	.
20919396	T	C	.	.	.
20919404	C	T	.	.	.
20919435	A	G	0	0	0
20919446	G	A	0	0	0
20919467	C	T	0	0	0
20919508	T	C	0	0	0
20919520	A	G	0	0	0
20919624	G	C	0	0	0
20919684	G	A	0	0	0
20919717	T	G	0	0	0
20919755	C	T	0	0	0
20919825	C	G	0	0	0
20919905	G	T	0	0	0
20919925	C	T	0	0	0
20919930	C	T	0	0	0
20920002	C	G	0	0	0
20920025	A	G	0	0	0
20920044	C	T	0	0	0
20920199	G	C	0	0	0
20920208	C	T	0	0	0
20920209	G	A	0	0	0
20920279	C	T	0	0	0
20920388	G	A	.	.	.
20920401	A	C	.	.	.
20920436	C	A	.	.	.
20920489	G	A	.	.	.
20920571	C	T	.	.	.
20920578	C	T	.	.	.
20920582	C	T	.	.	.
20920626	C	T	.	.	.
20920668	T	C	0	0	0
20920694	A	G	0	0	0
20920702	G	A	0	0	0
20920885	G	A	0	0	0
20920906	G	T	0	0	0
20920965	C	T	0	0	0
20921025	A	G	0	0	0
20921219	G	A	0	0	0
20921248	G	A	0	0	0
20921256	C	T	0	0	0
20921264	A	T	0	0	0
20921310	T	C	0	0	0
20921317	C	T	0	0	0
20921339	A	G	2	2	2
20921342	G	A	0	0	0
20921354	C	T	0	0	0
20921355	G	T	0	0	0
20921374	T	C	0	0	0
20921409	G	A	0	0	0
20921417	C	T	0	0	0
20921430	C	A	0	0	0
20921455	G	A	0	0	0
20921480	A	G	.	.	.
20921489	T	C	.	.	.
20921533	A	C	0	0	0
20921571	G	C	0	0	0
20921613	T	C	0	0	0
20921638	C	T	0	0	0
20921640	C	T	0	0	0
20921723	C	G	0	0	0
20921771	G	T	0	0	0
20921786	G	C	0	0	0
20921817	G	A	0	0	0
20921827	G	C	0	0	0
20921865	C	T	0	0	0
20921867	T	C	0	0	0
20921872	G	A	0	0	2
20921875	G	T	0	0	0
20921892	C	T	0	0	0
20921893	G	T	2	2	0
20921959	A	C	0	0	2
20921988	C	T	0	0	0
20921989	G	C	.	.	.
20922071	G	A	0	0	0
20922084	C	T	0	0	0
20922156	T	G	.	.	.
20922230	G	A	.	.	.
20922293	A	G	0	0	0
20922316	T	C	.	.	.
20922355	T	C	.	.	.
20922365	C	T	.	.	.
20922403	C	A	0	0	0
20922442	T	C	0	0	0
20922470	C	T	0	0	0
20922497	C	T	0	0	0
20922506	C	G	0	0	0
20922507	C	A	0	0	0
20922518	G	A	0	0	0
20922551	G	A	0	0	0
20922576	G	C	0	0	0
20922612	A	G	0	0	0
20922619	C	A	0	0	0
20922680	A	C	0	0	0
20922696	G	A	0	0	0
20922725	A	G	0	0	0
20922743	G	A	1	0	0
20922767	C	T	0	0	0
20922837	C	A	0	0	1
20922860	A	C	0	0	0
20922898	A	C	0	0	0
20922926	C	T	0	0	0
20922929	G	C	0	0	0
20922940	G	C	0	0	0
20922959	G	C	0	0	0
20922983	T	G	0	0	0
20923114	A	G	0	0	0
20923128	G	A	0	0	0
20923136	C	T	0	0	0
20923137	G	A	0	0	0
20923157	C	T	0	0	0
20923158	G	A	0	0	0
20923219	G	C	0	0	0
20923222	T	C	0	0	0
20923247	C	A	0	0	0
20923323	A	T	0	0	0
20923350	G	A	0	0	0
20923361	C	T	0	0	0
20923459	G	A	0	0	0
20923476	T	C	0	0	0
20923499	A	T	0	0	0
20923539	C	T	0	0	0
20923565	A	T	0	0	0
20923599	T	G	0	0	0
20923642	A	G	0	0	0
20923659	G	A	0	0	0
20923677	A	T	0	0	0
20923706	G	A	0	0	0
20923711	G	A	0	0	0
20923718	G	T	0	0	0
20923746	C	T	0	0	0
20923747	G	A	0	0	0
20923749	C	A	0	0	0
20923790	T	C	0	0	0
20923826	C	T	0	0	0
20923854	G	A	.	.	.
20923870	G	A	0	0	0
20923896	C	T	0	0	0
20923929	G	A	0	0	0
20924028	A	G	2	2	2
20924044	A	G	0	0	0
20924096	G	A	0	0	0
20924111	A	G	0	0	0
20924139	G	A	.	.	.
20924145	T	G	.	.	.
20924156	C	T	.	.	.
20924159	G	T	.	.	.
20924199	G	A	0	0	0
20924203	T	A	0	0	0
20924224	G	C	0	0	0
20924264	C	G	0	0	0
20924284	G	T	0	0	0
20924353	C	A	.	.	.
20924374	C	T	.	.	.
20924375	G	A	.	.	.
20924387	C	G	.	.	.
20924394	C	G	.	.	.
20924414	T	C	.	.	.
20924436	C	T	.	.	.
20924474	G	A	.	.	.
20924479	T	C	.	.	.
20924486	A	G	.	.	.
20924511	C	G	.	.	.
20924551	C	T	.	.	.
20924556	G	A	.	.	.
20924591	T	G	.	.	.
20924602	G	A	.	.	.
20924605	C	T	.	.	.
20924620	G	C	0	0	0
20924626	C	G	0	0	0
20924631	C	G	0	0	0
20924724	G	A	.	.	.
20924781	C	A	.	.	.
20924813	G	A	.	.	.
20925101	G	A	.	.	.
20925117	A	G	.	.	.
20925137	C	T	.	.	.
20925189	C	T	.	.	.
20925200	C	T	.	.	.
20925204	A	G	.	.	.
20925291	C	T	.	.	.
20925326	C	T	.	.	.
20925347	G	A	.	.	.
20925443	G	A	0	0	0
20925500	C	T	.	.	.
20925562	A	C	0	0	0
20925567	T	G	0	0	0
20925611	C	T	0	0	0
20925624	C	G	0	0	0
20925634	G	A	0	0	0
20925660	C	T	0	0	0
20925715	C	T	2	0	0
20925760	G	T	2	2	0
20925803	A	G	0	0	0
20925850	C	T	0	0	0
20925852	C	T	0	0	0
20925945	C	T	0	0	0
20925957	C	T	0	0	0
20926006	G	T	0	0	0
20926025	T	C	0	0	0
20926046	G	A	0	0	0
20926076	C	G	0	0	0
20926081	C	G	0	0	0
20926093	A	G	0	0	0
20926123	A	T	0	0	0
20926153	T	C	0	0	0
20926295	G	C	2	2	2
20926374	T	C	.	.	.
20926443	G	A	0	0	0
20926526	C	T	0	0	0
20926557	A	T	0	0	0
20926559	G	A	0	0	0
20926569	C	T	0	0	0
20926599	G	A	0	0	0
20926601	G	A	0	0	0
20926613	C	T	0	0	0
20926625	G	A	0	0	0
20926682	G	C	0	0	0
20926716	G	A	0	0	0
20926761	G	T	0	0	0
20926804	T	G	0	0	0
20926813	C	T	2	2	0
20926888	C	T	0	0	0
20926927	C	G	.	.	.
20926958	C	A	.	.	.
20926970	C	T	.	.	.
20927026	C	T	.	.	.
20927033	C	G	.	.	.
20927071	G	A	.	.	.
20927072	C	T	.	.	.
20927073	G	A	.	.	.
20927099	C	T	.	.	.
20927112	C	T	0	0	0
20927126	C	T	0	0	1
20927169	A	G	.	.	.
20927175	A	G	.	.	.
20927194	A	G	.	.	.
20927287	G	A	.	.	.
20927294	C	T	.	.	.
20927312	A	G	.	.	.
20927333	G	T	.	.	.
20927379	C	T	.	.	.
20927427	G	T	.	.	.
20927496	G	A	.	.	.
20927543	C	T	.	.	.
20927556	T	C	.	.	.
20927598	C	T	0	0	0
20927613	G	A	0	0	0
20927642	G	A	0	0	0
20927664	A	C	0	0	0
20927673	T	C	0	0	0
20927675	G	A	2	2	0
20927716	T	C	2	2	0
20927763	T	G	0	0	0
20927802	G	A	.	.	.
20927898	A	G	0	0	0
20927903	T	G	0	0	0
20927908	C	T	0	0	0
20927982	C	G	.	.	.
20927998	C	T	.	.	.
20928003	G	A	.	.	.
20928004	T	G	.	.	.
20928037	G	C	0	0	0
20928040	T	G	0	0	0
20928117	C	A	0	0	0
20928130	C	T	0	0	0
20928134	G	A	0	0	0
20928142	G	A	0	0	0
20928145	G	C	0	0	0
20928146	G	C	0	0	0
20928165	C	T	.	.	.
20928167	C	G	.	.	.
20928197	C	G	.	.	.
20928202	C	T	0	0	0
20928218	C	G	0	0	0
20928234	C	T	0	0	0
20928253	C	T	0	0	0
20928254	G	A	0	0	0
20928266	G	A	0	0	0
20928290	C	G	0	0	0
20928405	G	T	0	0	0
20928505	C	T	0	0	0
20928557	C	T	0	0	0
20928558	A	G	0	0	2
20928559	G	A	0	0	0
20928565	A	G	0	0	0
20928569	T	A	0	0	0
20928579	C	T	0	0	0
20928610	C	T	0	0	0
20928616	C	T	0	0	0
20928617	G	A	0	0	0
20928632	C	T	0	0	0
20928682	G	A	0	0	0
20928688	T	G	0	0	0
20928715	C	T	0	0	0
20928729	G	C	0	0	0
20928768	C	G	.	.	.
20928784	T	C	0	0	0
20928809	C	T	2	2	0
20928853	C	T	0	0	0
20928855	G	A	0	0	0
20928891	G	T	0	0	0
20928913	G	A	0	0	0
20928929	G	A	0	0	0
20928948	C	T	0	0	0
20928957	G	A	0	0	0
20928977	T	G	0	0	0
20928995	T	C	0	0	0
20929065	C	G	0	0	0
20929074	C	T	0	0	0
20929084	T	C	2	2	0
20929086	G	A	0	0	0
20929095	T	G	0	0	0
20929206	A	G	0	0	0
20929215	C	G	0	0	0
20929226	G	A	0	0	0
20929273	C	T	0	0	0
20929274	G	A	0	0	0
20929286	C	G	2	2	2
20929294	G	T	0	0	0
20929328	C	T	0	0	0
20929330	C	T	0	0	0
20929342	C	T	0	0	0
20929413	C	G	0	0	0
20929433	C	T	0	0	0
20929442	G	A	0	0	0
20929453	G	T	0	0	0
20929505	C	G	0	0	0
20929528	G	A	0	0	0
20929535	C	T	0	0	0
20929564	G	A	0	0	0
20929608	C	T	0	0	0
20929609	G	A	0	0	0
20929649	C	T	.	.	.
20929755	C	T	0	0	0
20929756	G	A	0	0	0
20929782	C	A	2	2	2
20929880	C	T	0	0	0
20929899	C	A	0	0	0
20929914	C	T	.	.	.
20929924	C	T	.	.	.
20929925	G	A	.	.	.
20929979	C	T	.	.	.
20930024	T	A	0	0	0
20930065	A	C	.	.	.
20930066	C	A	0	0	0
20930075	C	T	.	.	.
20930102	T	C	0	0	0
20930195	C	T	0	0	0
20930223	G	A	0	0	0
20930274	A	G	0	0	0
20930360	T	C	.	.	.
20930393	C	T	0	0	0
20930504	G	A	0	0	0
20930512	A	G	0	0	0
20930540	T	C	0	0	0
20930616	G	A	0	0	0
20930651	G	A	0	0	0
20930665	G	T	0	0	0
20930720	C	G	0	0	1
20930778	G	C	0	0	0
20930807	A	G	0	0	0
20930827	C	G	0	0	0
20930977	T	G	0	0	0
20930991	T	G	2	2	0
20930994	G	T	0	0	0
20931040	G	C	0	0	0
20931075	C	A	0	0	0
20931079	G	A	0	0	0
20931094	T	C	2	2	0
20931123	G	C	2	2	0
20931127	T	G	0	0	0
20931178	G	T	0	0	2
20931216	G	T	0	0	0
20931263	T	C	0	0	0
20931265	A	G	0	0	0
20931275	A	G	0	0	1
20931279	T	C	0	0	0
20931289	T	G	0	0	0
20931299	C	T	0	0	0
20931302	T	C	0	0	0
20931304	T	C	0	0	0
20931314	C	A	0	0	0
20931388	C	T	0	0	0
20931457	G	A	0	0	0
20931490	T	G	0	0	0
20931498	C	T	0	0	0
20931544	G	A	0	0	0
20931629	T	C	0	0	0
20931675	C	G	0	0	0
20931743	C	T	0	0	0
20931808	T	G	0	0	0
20931895	A	G	0	0	0
20931911	T	C	.	.	.
20931955	G	T	.	.	.
20932010	C	G	0	0	0
20932013	C	T	0	0	0
20932021	C	T	0	0	0
20932082	G	A	0	0	0
20932105	G	A	0	0	0
20932110	G	A	0	0	0
20932163	T	A	0	0	0
20932167	G	A	0	0	0
20932188	G	T	0	0	0
20932223	T	A	.	.	.
20932238	T	G	.	.	.
20932242	G	A	.	.	.
20932279	C	T	.	.	.
20932302	C	T	.	.	.
20932315	G	A	.	.	.
20932322	C	T	.	.	.
20932340	T	C	.	.	.
20932352	C	G	.	.	.
20932377	A	C	.	.	.
20932454	C	T	.	.	.
20932455	G	A	.	.	.
20932458	C	T	.	.	.
20932463	C	T	.	.	.
20932464	G	A	.	.	.
20932487	C	T	.	.	.
20932558	A	G	0	0	0
20932611	C	T	0	0	0
20932630	T	G	0	0	0
20932641	C	A	0	0	0
20932680	C	A	0	0	0
20932696	G	T	0	0	0
20932712	C	T	0	0	0
20932713	C	G	2	2	0
20932741	T	C	0	0	0
20932765	G	C	0	0	0
20932885	G	A	0	0	0
20932893	G	A	0	0	0
20932957	A	T	0	0	0
20932969	C	T	0	0	0
20932986	C	T	0	0	0
20933042	C	T	0	0	0
20933054	C	T	0	0	0
20933105	A	C	0	0	0
20933106	C	T	0	0	0
20933112	A	G	0	0	0
20933142	G	A	0	0	0
20933209	C	T	0	0	0
20933210	G	T	0	0	0
20933236	G	A	2	1	0
20933243	A	C	0	0	0
20933340	C	T	0	0	0
20933407	G	T	0	0	0
20933436	C	T	0	0	0
20933483	T	G	0	0	0
20933491	G	A	0	0	0
20933507	C	T	0	0	0
20933664	T	G	.	.	.
20933668	C	T	.	.	.
20933735	C	T	0	0	0
20933770	G	T	0	0	0
20933783	C	T	0	0	0
20933784	C	T	0	0	0
20933863	G	T	0	0	0
20933901	T	C	2	2	0
20933939	C	T	0	0	0
20934012	G	A	0	0	0
20934034	G	A	0	0	0
20934040	C	T	0	0	0
20934122	C	G	0	0	0
20934211	C	T	0	0	0
20934223	C	T	0	0	0
20934226	G	T	0	0	0
20934239	T	A	.	.	.
20934262	T	C	.	.	.
20934267	G	C	.	.	.
20934339	T	C	.	.	.
20934390	T	C	.	.	.
20934397	A	G	.	.	.
20934411	C	T	.	.	.
20934445	C	T	0	0	0
20934447	C	T	0	0	0
20934508	C	T	0	0	0
20934515	C	T	0	0	0
20934625	C	G	0	0	0
20934742	G	A	0	0	0
20934823	C	G	0	0	0
20934855	C	G	0	0	0
20934884	G	C	0	0	0
20934928	G	A	0	0	0
20934933	C	T	0	0	0
20934934	G	T	0	0	0
20934948	G	A	0	0	0
20934970	G	A	0	0	0
20934972	T	G	0	1	0
20935009	C	T	0	0	0
20935066	C	T	0	0	0
20935067	G	A	0	0	0
20935118	C	A	0	0	0
20935127	A	G	0	0	0
20935148	G	A	0	0	0
20935156	C	A	0	0	0
20935178	C	G	0	0	1
20935181	C	T	0	0	0
20935183	C	T	0	0	0
20935184	G	A	0	0	0
20935195	C	G	0	0	0
20935206	A	G	0	0	0
20935228	C	A	0	0	0
20935229	G	A	0	0	1
20935237	G	A	0	0	0
20935282	C	T	0	0	0
20935284	A	G	0	0	0
20935304	C	G	0	0	0
20935376	A	G	2	1	2
20935389	C	T	.	.	.
20935391	C	T	.	.	.
20935392	G	A	.	.	.
20935414	C	T	0	0	0
20935433	C	T	0	0	0
20935446	C	T	0	0	0
20935463	C	T	0	0	0
20935490	A	G	0	0	0
20935499	G	A	0	0	0
20935523	C	G	0	0	0
20935540	G	A	0	0	0
20935636	A	G	0	0	0
20935638	T	G	0	0	0
20935673	A	C	.	.	.
20935685	G	A	.	.	.
20935701	G	A	.	.	.
20935707	G	C	0	0	0
20935717	G	A	0	0	0
20935723	C	T	0	0	0
20935731	G	A	2	2	0
20935813	A	G	0	0	0
20935823	G	A	0	0	0
20935842	G	A	0	0	0
20935844	T	A	0	0	0
20935857	G	C	0	0	0
20935879	G	A	0	0	0
20935934	C	T	0	0	0
20935939	C	T	0	0	0
20935946	G	A	0	0	0
20936002	A	G	0	0	0
20936031	C	T	0	0	0
20936084	G	A	0	0	0
20936092	G	C	0	0	0
20936109	G	A	0	0	0
20936111	T	C	0	0	0
20936121	T	C	0	0	0
20936127	C	T	0	0	0
20936128	G	T	0	0	0
20936143	T	G	0	0	0
20936148	A	G	0	0	0
20936159	A	G	0	0	0
20936180	A	G	0	0	0
20936207	C	G	0	0	0
20936255	C	T	0	0	0
20936258	G	A	0	0	0
20936286	G	A	0	0	0
20936315	G	A	0	0	0
20936334	C	T	0	0	2
20936354	G	A	0	0	0
20936414	C	T	0	0	0
20936482	G	A	0	0	0
20936510	T	C	0	0	0
20936515	G	T	0	0	0
20936549	C	T	0	0	0
20936626	A	T	0	0	0
20936627	C	G	0	0	0
20936639	C	T	0	0	0
20936650	G	A	0	0	0
20936698	G	C	0	0	0
20936745	G	C	0	0	0
20936805	G	A	0	0	0
20936817	C	G	0	0	0
20936820	T	C	0	0	0
20936821	G	A	0	0	0
20936822	C	T	0	0	0
20936823	G	A	0	0	0
20936827	G	A	0	0	0
20936852	C	T	0	0	0
20936873	G	A	0	0	0
20936932	C	T	.	.	.
20936933	G	A	.	.	.
20936980	C	G	.	.	.
20936993	G	A	0	0	0
20937000	G	A	0	0	0
20937074	G	A	0	0	0
20937175	G	A	0	0	0
20937201	C	T	0	0	0
20937202	G	A	0	0	0
20937204	G	A	0	0	0
20937285	C	T	0	0	0
20937309	C	T	0	0	0
20937333	G	A	0	0	0
20937358	C	T	0	0	0
20937359	G	A	0	0	0
20937366	G	A	0	0	0
20937386	C	T	0	0	0
20937417	A	G	0	0	0
20937441	G	A	0	0	0
20937482	G	A	0	0	0
20937513	A	G	0	0	0
20937564	C	T	0	0	0
20937569	G	C	0	0	0
20937601	C	T	.	.	.
20937605	C	T	.	.	.
20937648	C	T	.	.	.
20937739	A	G	0	0	0
20937744	C	G	0	0	0
20937775	A	C	0	0	0
20937823	T	C	.	.	.
20937825	G	C	.	.	.
20937930	C	T	0	0	0
20937976	A	G	0	0	0
20938016	T	C	.	.	.
20938038	A	G	.	.	.
20938081	G	A	0	0	0
20938111	C	T	0	0	0
20938118	G	A	0	0	0
20938142	G	A	0	0	0
20938174	C	T	0	0	0
20938175	G	A	0	0	0
20938180	G	A	2	2	0
20938217	C	T	0	0	0
20938227	A	G	0	0	0
20938296	T	A	.	.	.
20938305	G	A	.	.	.
20938349	T	C	0	0	0
20938377	A	G	0	0	0
20938379	A	C	0	0	0
20938462	G	C	0	0	0
20938526	A	G	0	0	0
20938682	C	T	.	.	.
20938725	C	G	.	.	.
20938737	A	G	0	0	0
20938772	T	C	2	2	0
20938775	T	C	2	2	0
20938842	G	A	0	0	0
20938855	C	T	.	.	.
20938905	G	A	0	0	0
20938907	C	T	0	0	0
20938910	C	T	0	0	0
20938950	C	T	0	0	0
20938980	G	T	0	0	0
20939007	T	C	.	.	.
20939041	G	A	.	.	.
20939104	G	A	0	0	0
20939110	C	T	.	.	.
20939123	G	A	.	.	.
20939137	T	G	.	.	.
20939161	C	T	.	.	.
20939296	C	T	0	0	0
20939298	A	G	0	0	0
20939382	C	T	0	0	0
20939400	G	A	0	0	0
20939443	A	G	.	.	.
20939572	C	T	0	0	0
20939603	G	A	0	0	0
20939608	C	A	2	2	0
20939631	A	G	0	0	0
20939642	C	T	0	0	0
20939709	C	T	0	0	0
20939750	C	T	0	0	0
20939755	A	T	0	0	0
20939796	G	A	.	.	.
20939811	T	G	.	.	.
20939888	T	G	0	0	0
20939936	G	A	0	0	0
20939941	G	A	0	0	0
20939964	A	G	.	.	.
20940002	T	G	0	0	0
20940024	A	G	0	0	0
20940046	G	A	0	0	0
20940049	G	A	0	0	0
20940062	G	A	0	0	0
20940085	G	A	0	1	0
20940112	C	T	0	0	0
20940113	G	A	0	0	0
20940169	G	A	0	0	0
20940200	C	A	0	0	0
20940207	G	T	0	0	0
20940208	T	C	2	2	2
20940210	C	T	0	0	0
20940219	C	G	.	.	.
20940234	C	T	.	.	.
20940266	A	G	0	0	0
20940272	C	G	2	2	0
20940291	C	T	2	2	0
20940303	A	C	0	0	0
20940313	G	A	0	0	0
20940314	C	T	0	0	0
20940331	C	T	0	0	0
20940341	A	G	0	0	0
20940419	C	G	0	0	0
20940435	G	A	0	0	0
20940477	G	A	0	0	0
20940521	G	T	0	0	0
20940590	G	C	.	.	.
20940627	G	A	.	.	.
20940686	C	T	0	0	0
20940717	C	T	0	0	0
20940761	G	A	0	0	0
20940794	G	A	0	0	0
20940807	G	A	0	0	0
20940816	G	A	0	0	0
20940822	C	T	0	0	0
20940840	A	G	0	0	0
20940856	C	T	0	0	0
20940857	G	A	0	0	0
20940876	C	T	0	0	0
20940877	G	A	0	0	0
20940904	G	A	.	.	.
20940934	C	T	0	0	0
20940962	G	A	0	0	0
20940983	G	C	0	0	0
20940986	G	A	.	.	.
20941012	C	T	.	.	.
20941018	C	T	.	.	.
20941038	A	C	.	.	.
20941039	C	T	0	0	0
20941042	C	T	0	0	0
20941046	T	C	0	0	0
20941055	C	G	0	0	0
20941061	G	A	0	0	0
20941062	G	A	0	0	0
20941139	A	C	0	0	0
20941166	T	C	.	.	.
20941183	G	T	.	.	.
20941195	G	A	.	.	.
20941203	C	G	0	0	0
20941218	G	C	0	0	0
20941219	G	A	0	0	0
20941227	T	C	0	0	0
20941235	C	T	0	0	0
20941254	G	A	0	0	0
20941262	G	A	0	0	0
20941282	G	A	0	0	0
20941284	C	T	0	0	0
20941287	C	T	0	0	0
20941292	C	T	0	0	0
20941340	G	A	0	0	0
20941346	T	G	0	0	0
20941352	C	T	0	0	0
20941358	G	A	0	0	0
20941362	C	G	0	0	0
20941376	A	G	0	0	0
20941438	G	C	.	.	.
20941450	T	C	.	.	.
20941478	C	T	.	.	.
20941485	G	A	0	0	0
20941537	G	C	0	0	0
20941551	C	T	.	.	.
20941555	C	T	.	.	.
20941566	C	T	.	.	.
20941578	C	T	.	.	.
20941579	G	A	.	.	.
20941597	C	T	.	.	.
20941621	C	T	0	0	0
20941639	C	T	0	0	0
20941732	A	T	0	0	0
20941787	C	T	0	0	0
20941802	G	A	0	0	0
20941930	C	T	0	0	0
20941953	G	A	0	0	0
20941980	T	C	0	0	0
20942000	G	A	.	.	.
20942028	C	T	.	.	.
20942068	C	T	0	0	0
20942098	C	T	.	.	.
20942127	G	C	.	.	.
20942158	G	A	0	0	0
20942160	C	T	0	0	0
20942167	C	T	0	0	0
20942168	A	G	0	0	0
20942192	G	A	0	0	0
20942206	A	G	0	0	0
20942217	G	A	2	2	0
20942238	C	T	0	0	0
20942281	G	T	0	0	0
20942289	C	T	0	0	0
20942313	C	G	0	0	0
20942341	G	A	0	0	0
20942352	C	T	0	0	0
20942363	A	G	0	0	0
20942364	C	T	0	0	0
20942386	C	T	0	0	0
20942416	C	T	0	0	0
20942431	G	A	0	0	0
20942451	G	T	0	0	0
20942455	C	T	0	0	0
20942457	C	T	0	0	1
20942528	G	C	.	.	.
20942531	A	G	.	.	.
20942597	A	G	0	0	0
20942601	G	A	0	0	0
20942632	G	A	0	0	0
20942641	G	A	0	0	0
20942642	C	G	0	0	0
20942649	T	G	0	0	0
20942662	A	C	0	0	0
20942679	G	A	0	0	0
20942689	G	C	0	0	0
20942690	G	A	0	0	0
20942696	C	T	0	0	0
20942719	G	A	.	.	.
20942744	C	G	.	.	.
20942865	G	A	0	0	0
20942866	C	T	0	0	0
20942932	C	T	0	0	0
20942942	A	G	0	0	0
20942963	C	T	0	0	0
20942964	G	A	0	0	0
20942971	T	C	0	0	0
20942997	C	T	0	0	0
20943096	G	A	0	0	0
20943136	T	C	.	.	.
20943202	G	A	2	2	0
20943259	C	T	0	0	0
20943273	C	T	0	0	0
20943298	C	T	0	0	0
20943321	G	T	0	0	0
20943324	C	T	0	0	0
20943392	G	A	.	.	.
20943395	C	A	.	.	.
20943456	G	C	.	.	.
20943528	C	G	0	0	0
20943556	G	A	0	0	0
20943590	T	C	0	0	0
20943619	G	C	2	2	0
20943640	C	T	0	0	0
20943655	A	G	.	.	.
20943672	G	C	.	.	.
20943764	G	A	0	0	0
20943784	A	G	0	0	0
20943785	C	T	0	0	0
20943792	A	T	0	0	0
20943807	G	A	0	0	0
20943856	G	A	0	0	0
20943907	C	T	0	0	0
20943949	G	A	0	0	0
20943956	C	T	0	0	0
20943990	T	C	0	0	0
20943998	C	A	0	0	0
20944109	G	A	0	0	0
20944135	C	T	0	0	0
20944155	A	G	2	2	0
20944230	G	A	0	0	0
20944254	C	G	0	0	0
20944272	A	G	0	0	1
20944289	C	T	0	0	0
20944322	C	T	.	.	.
20944328	G	T	.	.	.
20944347	G	A	.	.	.
20944395	C	G	.	.	.
20944405	G	C	.	.	.
20944415	C	T	.	.	.
20944462	T	G	0	0	0
20944469	G	T	0	0	0
20944506	G	A	0	0	0
20944509	T	C	0	0	0
20944513	C	A	0	0	0
20944525	T	C	.	.	.
20944549	C	T	.	.	.
20944550	C	T	.	.	.
20944617	T	A	0	0	0
20944676	C	A	.	.	.
20944690	C	T	0	0	0
20944705	T	C	0	0	0
20944738	G	A	0	0	0
20944755	G	A	0	0	0
20944770	G	A	0	0	0
20944833	T	C	2	2	0
20944928	G	C	0	0	0
20944930	C	T	0	0	0
20944961	G	A	.	.	.
20944978	A	C	.	.	.
20944986	G	A	.	.	.
20945088	G	A	.	.	.
20945096	G	A	.	.	.
20945105	G	A	.	.	.
20945106	G	C	.	.	.
20945169	T	C	0	0	0
20945175	A	G	0	0	0
20945198	A	T	0	0	0
20945206	G	A	0	0	0
20945248	A	G	0	0	0
20945273	C	A	0	0	0
20945275	C	T	0	0	0
20945319	C	A	0	0	0
20945328	A	T	0	0	0
20945457	T	C	0	0	0
20945513	C	T	0	0	0
20945520	G	A	0	0	0
20945556	G	T	.	.	.
20945576	A	G	.	.	.
20945580	A	G	2	2	0
20945593	A	G	2	2	2
20945630	G	A	0	0	0
20945657	C	T	0	0	1
20945727	C	T	0	0	0
20945743	C	T	0	0	0
20945761	T	C	0	0	0
20945793	G	T	0	0	0
20945815	C	T	0	0	0
20945843	G	A	0	0	0
20945865	C	T	0	0	0
20945868	C	T	0	0	0
20945904	C	T	0	0	0
20946015	G	A	0	0	0
20946047	G	A	0	0	0
20946055	G	A	0	0	0
20946057	G	C	0	0	0
20946091	G	A	0	0	0
20946092	G	A	0	0	0
20946106	G	A	0	0	0
20946116	C	T	0	0	0
20946131	G	C	0	0	0
20946151	G	A	0	0	0
20946163	C	T	2	0	0
20946184	C	T	0	0	0
20946187	C	G	0	0	0
20946188	G	A	0	0	0
20946190	G	A	0	0	0
20946198	G	A	0	0	0
20946199	C	T	0	0	0
20946200	T	C	0	0	0
20946267	C	T	0	0	0
20946268	G	C	0	0	0
20946283	C	T	0	0	0
20946302	G	T	2	2	2
20946358	G	A	0	0	0
20946360	C	G	0	0	0
20946380	C	T	.	.	.
20946381	G	A	.	.	.
20946383	C	T	.	.	.
20946403	C	T	0	0	2
20946419	G	A	0	0	0
20946442	C	G	0	0	0
20946446	C	T	0	0	0
20946457	G	A	0	0	2
20946472	A	C	0	0	0
20946491	C	A	0	0	0
20946503	G	A	0	0	0
20946630	G	A	.	.	.
20946674	G	C	.	.	.
20946676	C	T	.	.	.
20946677	G	A	.	.	.
20946729	C	A	.	.	.
20946809	G	A	.	.	.
20946813	A	G	.	.	.
20946827	G	A	.	.	.
20946844	G	A	.	.	.
20946857	G	A	.	.	.
20946863	C	T	.	.	.
20946908	G	T	.	.	.
20946928	C	T	0	0	0
20946944	C	G	.	.	.
20946950	C	G	.	.	.
20946961	T	C	.	.	.
20946969	C	T	.	.	.
20946971	C	T	.	.	.
20946994	A	C	.	.	.
20947002	T	C	.	.	.
20947005	C	T	.	.	.
20947017	C	G	.	.	.
20947021	G	C	.	.	.
20947058	G	A	.	.	.
20947083	A	G	.	.	.
20947088	C	T	.	.	.
20947100	T	C	.	.	.
20947133	C	G	.	.	.
20947137	G	A	.	.	.
20947167	G	A	1	0	0
20947209	A	T	.	.	.
20947219	T	A	1	1	0
20947220	G	A	.	.	0
20947221	T	C	2	2	0
20947227	A	G	0	0	0
20947231	C	G	0	0	0
20947241	T	A	0	0	0
20947258	C	T	0	0	0
20947270	A	T	0	0	0
20947274	A	G	2	2	2
20947276	G	A	2	2	2
20947297	A	G	0	0	0
20947367	G	A	.	.	.
20947481	A	G	0	0	0
20947554	G	A	.	.	.
20947597	C	T	.	.	.
20947598	G	A	.	.	.
20947602	C	T	.	.	.
20947613	C	T	.	.	.
20947614	G	A	.	.	.
20947635	C	T	.	.	.
20947653	A	C	.	.	.
20947684	G	C	.	.	.
20947694	G	A	.	.	.
20947727	T	C	.	.	.
20947739	T	C	.	.	.
20947772	G	C	.	.	.
20947774	G	A	.	.	.
20947782	C	T	.	.	.
20947788	C	T	.	.	.
20947884	C	T	.	.	.
20947885	G	A	.	.	.
20947903	C	G	.	.	.
20947922	C	T	.	.	.
20947973	A	G	0	0	0
20947989	G	C	.	.	.
20947996	C	T	.	.	.
20948012	A	G	.	.	.
20948014	A	G	.	.	.
20948039	T	C	.	.	.
20948101	A	T	0	0	0
20948141	C	T	.	.	.
20948142	G	A	.	.	.
20948188	G	A	.	.	.
20948194	G	A	.	.	.
20948198	C	T	.	.	.
20948233	C	T	.	.	.
20948300	A	G	.	.	.
20948316	A	G	.	.	.
20948324	G	A	.	.	.
20948356	G	A	.	.	.
20948458	G	A	.	.	.
20948486	G	A	.	.	.
20948490	A	G	.	.	.
20948492	A	G	.	.	.
20948553	G	A	2	2	0
20948590	C	T	.	.	.
20948642	C	A	.	.	.
20948657	G	A	.	.	.
20948669	C	T	.	.	.
20948732	A	G	.	.	.
20948762	G	A	.	.	.
20948826	G	A	.	.	.
20948839	A	G	.	.	.
20948868	A	G	.	.	.
20948891	C	T	.	.	.
20948905	G	A	.	.	.
20948953	G	A	.	.	.
20948994	C	T	.	.	.
20948995	C	T	.	.	.
20948996	G	A	.	.	.
20949035	C	T	.	.	.
20949063	A	G	.	.	.
20949083	C	T	.	.	.
20949115	C	T	.	.	.
20949126	C	T	.	.	.
20949158	C	T	.	.	.
20949163	T	G	.	.	.
20949166	C	A	.	.	.
20949198	G	C	.	.	.
20949201	C	T	.	.	.
20949220	C	G	.	.	.
20949243	A	G	.	.	.
20949245	C	T	.	.	.
20949246	G	A	.	.	.
20949285	G	A	.	.	.
20949289	G	A	.	.	.
20949292	C	T	.	.	.
20949294	T	C	.	.	.
20949311	A	T	.	.	.
20949337	C	T	.	.	.
20949360	G	A	.	.	.
20949365	C	T	.	.	.
20949366	A	G	.	.	.
20949410	G	T	.	.	.
20949434	A	T	.	.	.
20949436	A	C	.	.	.
20949483	G	A	0	1	0
20949491	A	G	0	0	0
20949519	T	C	.	.	.
20949527	T	A	.	.	.
20949535	G	T	0	0	0
20949539	G	A	.	.	.
20949549	C	T	.	.	.
20949578	A	G	.	.	.
20949590	C	T	.	.	.
20949619	C	T	.	.	.
20949632	A	C	.	.	.
20949684	C	T	.	.	.
20949729	C	T	.	.	.
20949759	C	G	.	.	.
20949765	C	T	.	.	.
20949767	A	G	.	.	.
20949772	C	T	.	.	.
20949779	C	T	.	.	.
20949780	G	A	.	.	.
20949836	G	C	.	.	.
20949857	G	T	2	2	2
20949898	A	G	0	0	1
20949930	T	G	.	.	.
20949948	T	C	0	0	0
20949972	T	C	0	0	1
20950022	C	T	.	.	.
20950036	C	G	.	.	.
20950069	G	A	.	.	.
20950078	G	C	.	.	.
20950079	T	A	.	.	.
20950101	C	G	.	.	.
20950114	C	T	.	.	.
20950117	A	C	.	.	.
20950136	C	T	.	.	.
20950137	G	A	.	.	.
20950203	G	C	.	.	.
20950219	C	T	.	.	.
20950220	G	A	.	.	.
20950328	T	C	0	0	0
20950404	T	C	0	0	0
20950410	G	C	0	0	0
20950430	G	A	0	0	0
20950437	C	T	0	0	0
20950445	A	G	0	0	0
20950459	T	C	0	0	0
20950465	A	G	0	0	0
20950468	G	A	0	0	0
20950473	A	G	.	.	.
20950484	G	A	.	.	.
20950505	T	C	.	.	.
20950507	T	G	.	.	.
20950514	C	T	.	.	.
20950530	C	A	0	0	0
20950564	C	T	0	0	2
20950651	G	C	.	.	.
20950680	T	C	.	.	.
20950698	G	A	.	.	.
20950717	G	C	.	.	.
20950821	G	A	.	.	.
20950823	A	G	.	.	.
20950853	C	T	.	.	.
20950859	A	C	.	.	.
20950875	G	T	.	.	.
20950882	C	A	.	.	.
20950884	T	C	.	.	.
20950894	C	T	.	.	.
20950923	A	G	.	.	.
20950928	G	A	.	.	.
20950938	C	T	.	.	.
20950939	G	A	.	.	.
20950952	C	T	.	.	.
20950972	C	T	.	.	.
20950976	G	A	.	.	.
20950982	T	C	.	.	.
20950984	G	A	.	.	.
20950998	T	C	.	.	.
20951000	C	T	.	.	.
20951012	G	A	.	.	.
20951017	T	C	.	.	.
20951037	C	T	.	.	.
20951041	G	A	.	.	.
20951104	G	A	.	.	.
20951111	C	T	.	.	.
20951133	C	T	.	.	.
20951134	G	A	.	.	.
20951149	C	T	.	.	.
20951150	G	A	.	.	.
20951202	C	T	.	.	.
20951219	G	A	.	.	.
20951253	C	T	0	0	0
20951261	A	G	0	0	0
20951307	C	G	.	.	.
20951308	G	A	.	.	.
20951320	T	G	.	.	.
20951327	A	G	.	.	.
20951400	T	C	.	.	.
20951423	G	A	.	.	.
20951443	T	C	.	.	.
20951453	C	T	.	.	.
20951454	A	C	.	.	.
20951470	C	T	0	0	0
20951471	G	A	0	0	0
20951473	C	T	0	0	0
20951478	A	G	0	0	0
20951506	T	C	0	0	0
20951516	C	T	0	0	0
20951633	T	A	.	.	.
20951686	G	A	.	.	.
20951751	C	T	.	.	.
20951773	T	C	.	.	.
20951785	C	A	.	.	.
20951827	A	G	.	.	.
20951846	C	T	.	.	.
20951847	G	A	.	.	.
20951883	T	G	.	.	.
20951900	T	G	.	.	.
20951915	C	T	.	.	.
20951962	G	A	.	.	.
20951970	G	A	.	.	.
20951977	G	T	.	.	.
20951988	T	G	.	.	.
20952000	A	G	.	.	.
20952001	T	C	.	.	.
20952007	C	T	.	.	.
20952009	C	G	.	.	.
20952013	G	A	.	.	.
20952029	C	T	.	.	.
20952039	C	T	.	.	.
20952063	A	T	.	.	.
20952077	C	T	.	.	.
20952084	G	A	.	.	.
20952088	A	G	.	.	.
20952095	C	T	.	.	.
20952125	A	G	.	.	.
20952132	A	G	.	.	.
20952137	A	G	.	.	.
20952139	T	C	.	.	.
20952140	G	A	.	.	.
20952142	G	T	.	.	.
20952145	A	G	.	.	.
20952147	C	T	.	.	.
20952148	C	T	.	.	.
20952151	G	A	.	.	.
20952152	A	G	.	.	.
20952155	G	A	.	.	.
20952156	T	C	.	.	.
20952159	C	G	.	.	.
20952160	G	A	.	.	.
20952171	A	G	.	.	.
20952178	G	A	.	.	.
20952179	C	T	.	.	.
20952181	C	T	.	.	.
20952186	T	C	.	.	.
20952187	G	A	.	.	.
20952207	T	C	.	.	.
20952214	C	T	.	.	.
20952215	G	A	.	.	.
20952224	T	C	.	.	.
20952226	T	C	.	.	.
20952227	G	A	.	.	.
20952231	A	G	.	.	.
20952235	G	A	.	.	.
20952246	A	T	.	.	.
20952251	T	G	.	.	.
20952270	G	A	.	.	.
20952285	C	A	.	.	.
20952299	T	G	.	.	.
20952300	T	G	.	.	.
20952382	T	C	.	.	.
20952399	A	G	.	.	.
20952412	T	C	.	.	.
20952500	T	C	.	.	.
20952502	G	T	.	.	.
20952519	C	T	.	.	.
20952520	G	A	.	.	.
20952528	C	T	.	.	.
20952583	C	T	.	.	.
20952600	G	A	.	.	.
20952636	T	G	.	.	.
20952645	T	C	.	.	.
20952650	C	A	.	.	.
20952661	C	G	.	.	.
20952731	C	T	.	.	.
20952741	C	T	.	.	.
20952742	G	A	.	.	.
20952752	T	C	.	.	.
20952809	T	C	0	0	0
20952831	A	G	.	.	.
20952861	G	A	.	.	.
20952902	T	G	.	.	.
20952927	G	A	0	0	0
20952930	A	G	0	0	0
20952942	C	T	.	.	.
20952972	T	C	.	.	.
20953016	G	C	.	.	.
20953018	G	A	.	.	.
20953029	C	T	.	.	.
20953052	C	T	.	.	.
20953056	C	T	.	.	.
20953057	G	A	.	.	.
20953065	G	A	.	.	.
20953074	G	A	.	.	.
20953120	C	T	.	.	.
20953121	G	A	.	.	.
20953122	C	A	.	.	.
20953128	T	C	.	.	.
20953162	G	T	.	.	.
20953188	C	G	.	.	.
20953191	G	A	.	.	.
20953218	G	A	.	.	.
20953223	G	A	.	.	.
20953239	G	A	.	.	.
20953244	T	C	.	.	.
20953261	G	A	.	.	.
20953266	C	G	.	.	.
20953267	G	A	.	.	.
20953292	G	A	0	0	0
20953340	T	C	.	.	.
20953379	C	T	0	0	0
20953380	G	A	0	0	0
20953384	C	T	0	0	2
20953524	C	T	0	0	0
20953525	G	A	0	0	0
20953599	T	C	0	0	0
20953628	T	G	0	0	0
20953661	A	G	0	0	0
20953675	A	G	0	0	0
20953721	C	A	.	.	.
20953731	G	C	.	.	.
20953773	A	G	.	.	.
20953776	G	A	.	.	.
20953782	C	T	.	.	.
20953850	A	G	.	.	.
20953876	C	T	.	.	.
20953877	C	T	.	.	.
20953886	C	T	.	.	.
20953888	G	C	.	.	.
20953916	G	A	.	.	.
20953919	C	T	.	.	.
20953959	T	A	.	.	.
20954013	A	G	0	0	2
20954067	A	T	.	.	.
20954120	C	T	.	.	.
20954127	G	C	.	.	.
20954150	C	T	.	.	.
20954158	C	T	.	.	.
20954190	C	T	.	.	.
20954198	G	A	.	.	.
20954202	T	C	.	.	.
20954214	C	T	.	.	.
20954259	C	T	.	.	.
20954285	T	G	.	.	.
20954335	G	A	.	.	.
20954337	G	A	.	.	.
20954343	T	C	.	.	.
20954353	T	C	.	.	.
20954386	C	T	.	.	.
20954417	T	C	0	0	0
20954427	G	A	0	0	0
20954432	A	C	0	0	0
20954456	A	G	0	0	0
20954479	G	A	0	0	0
20954489	A	G	0	0	0
20954540	C	T	0	0	0
20954598	T	C	0	0	0
20954611	G	A	0	0	0
20954649	G	A	0	0	0
20954681	G	A	0	0	0
20954686	G	C	0	0	0
20954687	A	G	0	0	0
20954701	C	G	0	0	0
20954742	G	A	0	0	0
20954745	G	T	0	0	0
20954752	A	C	0	0	0
20954760	A	G	2	2	2
20954766	G	A	0	0	0
20954865	C	T	0	0	0
20954866	G	A	0	0	0
20954869	C	T	0	0	0
20954872	G	C	0	0	0
20954876	G	A	0	0	0
20954890	T	C	0	0	0
20955051	G	T	0	0	0
20955089	A	T	0	0	0
20955098	C	T	0	0	0
20955122	C	T	0	0	0
20955134	C	T	0	0	0
20955152	C	T	0	0	0
20955186	T	C	0	0	0
20955187	G	A	0	0	2
20955216	C	T	0	0	0
20955227	G	C	0	0	0
20955253	A	G	0	0	0
20955288	C	T	.	.	.
20955335	G	A	.	.	.
20955358	C	T	.	.	.
20955359	G	A	.	.	.
20955376	C	A	0	0	0
20955399	C	T	.	.	.
20955417	C	T	.	.	.
20955498	G	A	.	.	.
20955522	T	C	.	.	.
20955595	C	T	.	.	.
20955702	C	G	.	.	.
20955751	G	A	.	.	.
20955759	C	T	.	.	.
20955778	G	T	0	0	0
20955825	T	C	.	.	.
20955859	G	C	.	.	.
20955876	G	A	0	0	0
20955900	G	A	0	0	0
20955907	T	C	0	0	0
20955911	G	C	0	0	0
20955936	C	T	2	2	2
20955948	T	C	0	0	0
20955960	G	A	0	0	0
20955980	G	A	0	0	0
20955999	C	T	0	0	2
20956000	G	A	0	0	0
20956006	A	T	0	0	0
20956053	C	T	0	0	0
20956141	C	T	0	0	0
20956143	T	C	0	0	0
20956161	G	A	0	0	0
20956163	C	T	0	0	0
20956164	G	A	0	0	0
20956183	G	A	0	0	0
20956206	G	A	0	0	0
20956242	C	T	0	0	0
20956250	A	G	2	2	2
20956252	C	T	0	0	0
20956290	C	T	.	.	.
20956294	C	T	.	.	.
20956295	G	A	.	.	.
20956305	A	G	.	.	.
20956309	C	T	.	.	.
20956311	G	T	.	.	.
20956337	G	A	.	.	.
20956390	G	A	.	.	.
20956431	T	C	.	.	.
20956441	T	C	.	.	.
20956461	C	T	.	.	.
20956462	G	A	.	.	.
20956501	G	A	.	.	.
20956518	A	G	.	.	.
20956531	C	T	.	.	.
20956532	G	A	.	.	.
20956600	C	T	0	0	0
20956650	C	A	0	0	0
20956654	G	A	0	0	0
20956672	G	A	0	0	0
20956683	T	C	0	0	0
20956684	G	A	0	0	0
20956811	C	G	.	.	.
20956845	T	C	0	0	0
20956906	C	T	0	0	0
20956922	T	C	0	0	0
20956940	C	A	0	0	0
20956941	G	A	0	0	0
20956956	C	T	0	0	0
20956993	G	C	2	2	2
20957000	T	C	2	2	2
20957006	A	C	0	0	0
20957037	G	A	0	0	0
20957056	T	C	0	0	0
20957061	C	A	0	0	0
20957100	G	T	0	0	0
20957112	G	A	0	0	0
20957126	C	G	0	0	0
20957150	G	T	0	0	0
20957166	C	T	0	0	0
20957167	G	A	0	0	0
20957292	C	T	.	.	.
20957343	C	T	0	0	0
20957364	C	T	0	0	0
20957374	C	T	0	0	0
20957375	A	C	0	0	0
20957399	C	T	.	.	.
20957402	G	A	.	.	.
20957418	A	G	.	.	.
20957426	C	G	.	.	.
20957458	G	A	0	0	0
20957462	A	G	0	0	0
20957464	A	C	0	0	0
20957496	G	A	.	.	.
20957519	C	G	.	.	.
20957538	G	A	.	.	.
20957547	G	A	.	.	.
20957560	G	A	.	.	.
20957584	A	G	.	.	.
20957599	G	A	.	.	.
20957631	G	A	.	.	.
20957674	G	A	.	.	.
20957778	C	T	.	.	.
20957779	G	A	.	.	.
20957834	C	T	.	.	.
20957858	C	T	.	.	.
20957866	C	T	.	.	.
20957867	G	A	.	.	.
20957895	G	A	.	.	.
20957904	C	T	.	.	.
20957924	G	A	.	.	.
20957957	C	T	.	.	.
20958003	G	A	.	.	.
20958044	A	T	.	.	.
20958059	G	C	.	.	.
20958140	C	G	0	0	0
20958142	G	A	0	0	0
20958157	G	A	0	0	0
20958165	G	C	0	0	0
20958192	C	T	0	0	0
20958221	C	T	0	0	0
20958230	G	C	0	0	0
20958232	G	T	0	0	0
20958233	C	T	0	0	0
20958270	G	A	0	0	0
20958303	T	C	0	0	0
20958310	G	A	0	0	0
20958313	A	C	2	2	2
20958331	G	A	0	0	0
20958369	C	A	0	0	0
20958390	G	A	0	0	0
20958400	C	G	2	2	2
20958450	A	G	0	0	0
20958460	C	A	.	.	.
20958488	C	T	.	.	.
20958540	G	A	0	0	0
20958555	C	T	0	0	0
20958567	C	T	0	0	0
20958573	C	A	0	0	0
20958574	G	A	0	0	0
20958577	C	T	0	0	0
20958625	G	T	2	2	2
20958639	C	T	0	0	0
20958662	C	T	0	0	0
20958666	G	C	0	0	0
20958705	C	T	0	0	0
20958707	G	A	0	0	0
20958719	G	A	0	0	0
20958754	C	T	0	0	0
20958779	C	T	0	0	2
20958780	G	A	0	0	0
20958795	G	A	0	0	0
20958801	T	C	0	0	0
20958809	C	T	0	0	0
20958848	C	T	0	0	0
20958872	C	T	0	0	0
20958923	C	T	0	0	0
20958966	G	A	0	0	0
20958976	G	A	0	0	0
20958989	T	A	0	0	0
20959038	T	C	0	0	0
20959054	C	T	0	0	0
20959071	C	T	0	0	0
20959100	C	T	0	0	0
20959102	C	T	0	0	0
20959168	C	T	0	0	0
20959170	G	A	0	0	0
20959198	C	T	0	0	0
20959211	C	T	.	.	.
20959212	G	A	.	.	.
20959220	T	C	.	.	.
20959241	C	G	.	.	.
20959252	A	G	2	2	0
20959258	C	T	0	0	0
20959343	T	C	0	0	0
20959350	A	C	2	2	.
20959351	G	C	2	2	0
20959361	G	A	0	0	0
20959367	C	A	0	0	0
20959368	G	C	0	0	0
20959373	C	T	0	0	0
20959391	C	T	0	0	0
20959407	G	A	2	2	0
20959411	C	T	0	0	0
20959426	G	A	0	0	0
20959453	C	T	0	0	0
20959455	C	T	0	0	0
20959460	T	G	0	0	0
20959505	G	A	.	.	.
20959516	G	A	.	.	.
20959553	G	T	0	0	0
20959560	G	T	0	0	0
20959574	G	A	0	0	2
20959588	A	G	0	0	0
20959598	C	T	0	0	0
20959612	G	A	0	0	0
20959617	G	C	0	0	0
20959691	C	T	0	0	0
20959700	G	T	0	0	0
20959740	G	T	0	0	0
20959745	C	T	0	0	0
20959766	C	T	0	0	0
20959787	G	A	0	0	0
20959802	G	A	0	0	0
20959842	G	A	.	.	.
20959857	T	G	0	0	0
20959873	T	C	0	0	0
20959882	A	G	0	0	0
20959915	C	G	0	0	0
20960005	G	C	.	.	.
20960048	G	C	.	.	.
20960068	C	T	0	0	0
20960069	G	A	0	0	0
20960123	G	C	.	.	.
20960131	G	A	0	0	0
20960153	G	A	0	0	0
20960155	G	A	0	0	0
20960186	T	A	0	0	0
20960212	G	A	0	0	0
20960228	T	C	0	0	0
20960345	C	G	0	0	0
20960355	G	C	.	.	.
20960382	G	T	.	.	.
20960383	C	T	.	.	.
20960404	A	C	.	.	.
20960410	G	A	0	0	0
20960435	G	C	0	0	0
20960449	G	A	0	0	0
20960451	G	A	0	0	0
20960453	G	A	0	0	0
20960454	C	A	0	0	0
20960474	G	C	0	0	0
20960476	C	T	0	0	0
20960490	G	C	0	0	0
20960512	T	G	0	0	0
20960520	G	A	0	0	0
20960531	T	C	0	0	0
20960558	C	T	.	.	.
20960579	G	A	.	.	.
20960625	A	G	0	0	0
20960664	C	T	.	.	.
20960665	G	A	.	.	.
20960691	C	T	0	0	0
20960707	A	G	2	2	2
20960746	G	C	0	0	0
20960760	G	T	0	0	0
20960766	C	T	0	0	0
20960775	G	C	0	0	0
20960790	G	A	0	1	0
20960831	G	A	0	0	0
20960832	G	C	0	0	0
20960871	G	T	0	0	0
20960881	G	A	0	0	0
20960937	T	C	0	0	0
20960953	C	T	0	0	0
20960970	T	C	0	0	0
20961022	C	T	0	0	0
20961064	G	A	0	0	0
20961098	C	T	.	.	.
20961099	G	A	.	.	.
20961108	G	A	0	0	0
20961109	C	T	0	0	0
20961120	G	C	0	0	0
20961126	G	T	0	0	0
20961166	G	C	0	0	0
20961169	G	A	0	0	0
20961175	G	A	0	0	0
20961189	T	C	0	0	0
20961190	G	A	0	0	0
20961195	T	C	0	0	0
20961222	C	T	0	0	0
20961235	T	C	0	0	0
20961264	A	G	.	.	.
20961273	C	T	.	.	.
20961274	C	T	.	.	.
20961275	G	A	.	.	.
20961291	C	T	0	0	0
20961309	G	A	0	0	0
20961312	G	A	0	0	0
20961319	C	T	0	0	0
20961359	A	G	0	0	0
20961360	A	G	0	0	0
20961379	C	G	0	0	0
20961406	G	A	0	0	0
20961415	C	G	0	0	0
20961490	T	A	.	.	.
20961531	T	G	0	0	0
20961567	G	A	.	.	.
20961610	T	C	0	0	0
20961630	G	A	0	0	0
20961641	C	T	0	0	0
20961669	A	T	0	0	0
20961671	C	T	0	0	0
20961693	C	T	0	0	0
20961715	C	A	0	0	0
20961731	G	T	0	0	0
20961761	T	C	.	.	.
20961816	T	A	0	0	0
20961847	G	A	0	0	0
20961988	A	G	0	0	0
20962013	G	A	.	.	.
20962028	C	T	.	.	.
20962038	G	A	.	.	.
20962045	G	C	.	.	.
20962050	T	C	.	.	.
20962053	T	C	.	.	.
20962069	A	G	.	.	.
20962090	C	T	0	0	0
20962091	G	A	0	0	0
20962099	A	G	0	0	0
20962102	C	T	0	0	0
20962130	C	T	0	0	0
20962133	G	A	0	0	0
20962152	T	C	0	0	0
20962189	T	A	0	0	0
20962211	A	C	0	0	0
20962212	G	A	0	0	0
20962216	G	A	0	0	0
20962252	G	A	0	0	0
20962278	G	A	.	.	.
20962285	G	A	.	.	.
20962326	A	G	.	.	.
20962351	T	A	.	.	.
20962379	G	A	.	.	.
20962419	G	A	.	.	.
20962435	G	A	.	.	.
20962442	T	C	.	.	.
20962450	A	C	.	.	.
20962455	G	A	.	.	.
20962457	G	C	.	.	.
20962461	C	T	.	.	.
20962464	A	G	.	.	.
20962471	C	A	.	.	.
20962561	G	A	0	0	0
20962570	G	C	0	0	0
20962590	T	C	0	0	2
20962609	C	A	.	.	.
20962628	G	A	.	.	.
20962634	A	C	.	.	.
20962657	T	C	0	0	0
20962675	G	C	0	0	0
20962689	A	G	0	0	0
20962718	T	C	0	0	0
20962761	G	A	.	.	.
20962772	A	G	0	0	0
20962805	G	A	0	0	0
20962822	C	T	2	0	0
20962906	C	T	.	.	.
20962907	G	A	.	.	.
20962973	C	G	0	0	0
20962978	C	T	0	0	0
20962984	G	A	0	0	0
20962992	A	T	0	0	0
20963013	G	A	0	0	0
20963040	G	A	0	0	0
20963074	T	C	.	.	.
20963090	T	G	.	.	.
20963157	C	T	.	.	.
20963207	G	A	0	0	2
20963218	G	A	0	0	0
20963250	T	C	.	.	.
20963258	T	C	.	.	.
20963268	G	A	.	.	.
20963302	C	A	.	.	.
20963321	C	T	.	.	.
20963334	C	T	.	.	.
20963337	A	G	.	.	.
20963357	T	G	0	0	0
20963366	C	T	0	0	0
20963367	G	A	0	0	0
20963373	G	A	0	0	0
20963413	T	C	0	0	0
20963456	T	C	0	0	0
20963459	G	A	0	0	0
20963475	T	C	2	2	2
20963482	G	T	.	.	.
20963607	T	C	0	0	0
20963615	G	A	0	0	0
20963624	C	A	0	0	0
20963631	C	T	0	0	0
20963669	G	A	0	0	0
20963701	C	A	0	0	0
20963823	C	T	0	0	0
20963925	C	G	0	0	0
20963935	A	G	0	0	0
20963966	C	A	0	0	0
20963968	C	T	0	0	0
20963997	C	G	0	0	0
20964009	C	T	0	0	0
20964021	G	A	0	0	0
20964056	G	A	.	.	.
20964104	T	C	0	0	0
20964188	C	T	0	0	0
20964201	G	A	0	0	0
20964206	C	T	0	0	0
20964245	C	T	.	.	.
20964257	T	C	.	.	.
20964302	C	T	0	0	0
20964354	C	G	0	0	0
20964415	C	T	0	0	0
20964466	T	A	0	0	0
20964494	G	A	.	.	.
20964506	C	A	.	.	.
20964551	G	C	0	0	0
20964600	C	T	0	0	0
20964684	T	C	2	1	0
20964712	C	A	0	0	0
20964756	A	T	.	.	.
20964757	G	A	.	.	.
20964761	G	A	.	.	.
20964775	G	T	0	0	0
20964779	C	A	0	0	0
20964844	C	T	0	0	0
20964852	T	C	0	0	0
20964864	C	T	2	1	0
20964880	G	A	0	0	0
20964916	T	C	0	0	0
20964938	A	T	0	0	0
20964950	C	T	0	0	0
20964988	G	A	0	0	0
20965034	G	A	0	0	0
20965070	A	G	0	0	0
20965124	G	T	.	.	.
20965141	A	T	.	.	.
20965173	A	G	0	0	0
20965203	G	A	0	0	0
20965235	G	A	0	0	0
20965239	G	C	0	0	0
20965280	G	C	0	0	0
20965288	C	A	0	0	0
20965316	T	C	0	0	0
20965412	C	G	0	0	0
20965426	T	C	0	0	0
20965448	G	A	0	0	0
20965507	G	T	0	0	0
20965555	T	C	2	2	2
20965601	G	A	0	0	0
20965629	T	C	0	0	0
20965656	T	A	0	0	0
20965659	A	G	0	0	0
20965710	C	T	0	0	0
20965734	C	G	0	0	0
20965754	A	T	2	0	0
20965755	C	G	2	0	0
20965756	T	G	2	0	0
20965757	C	G	2	0	0
20965760	C	T	1	0	0
20965761	C	T	1	0	0
20965762	A	C	2	2	0
20965763	G	C	1	1	0
20965764	C	G	2	2	0
20965786	G	A	0	0	0
20965792	A	C	0	0	0
20965834	G	C	0	0	0
20965855	G	A	0	0	0
20965869	G	A	0	0	0
20965876	G	A	0	0	0
20965899	C	T	.	.	.
20965906	A	G	.	.	.
20965995	C	T	0	0	0
20966037	C	T	0	0	0
20966048	G	A	0	0	0
20966099	C	G	.	.	.
20966125	C	A	0	0	0
20966130	C	G	0	0	0
20966131	G	A	0	0	0
20966198	C	G	.	.	.
20966217	C	G	0	0	0
20966257	G	C	0	0	0
20966263	C	T	0	0	0
20966270	T	C	2	2	2
20966281	T	C	0	0	0
20966301	C	T	0	0	0
20966352	G	A	0	0	0
20966396	A	G	.	.	.
20966450	C	T	0	0	0
20966451	G	A	0	0	0
20966457	G	A	0	0	0
20966471	G	A	0	0	0
20966472	G	A	0	0	0
20966476	C	T	0	0	0
20966480	G	A	.	.	.
20966534	G	A	.	.	.
20966547	A	G	0	0	0
20966552	A	G	0	0	0
20966647	A	C	0	0	0
20966649	C	T	0	0	0
20966653	C	G	0	0	0
20966723	G	A	.	.	.
20966727	A	G	.	.	.
20966820	C	A	0	0	0
20966824	T	C	2	2	2
20966870	C	A	0	0	0
20966883	C	T	0	0	0
20966904	C	T	0	0	0
20966949	A	T	0	0	0
20966965	C	T	0	0	0
20966967	G	A	0	0	0
20967001	G	A	.	.	.
20967050	G	A	0	0	0
20967054	T	C	0	0	0
20967071	G	A	.	.	.
20967086	G	A	.	.	.
20967109	C	G	.	.	.
20967119	G	A	.	.	.
20967143	G	T	0	0	0
20967164	A	G	0	0	0
20967190	C	T	0	0	0
20967196	A	T	.	.	.
20967212	T	C	.	.	.
20967287	A	G	0	0	0
20967306	T	G	0	0	0
20967321	C	T	0	0	0
20967322	C	T	0	0	0
20967323	G	A	0	0	0
20967333	A	T	2	2	2
20967351	C	G	.	.	.
20967367	T	C	.	.	.
20967372	A	G	.	.	.
20967405	G	C	0	0	0
20967450	G	A	.	.	.
20967462	C	T	.	.	.
20967477	G	A	.	.	.
20967487	G	C	.	.	.
20967498	G	A	0	0	0
20967501	G	A	0	0	0
20967603	G	A	0	0	0
20967605	G	A	0	0	0
20967612	A	C	0	0	0
20967619	T	C	0	0	0
20967623	A	G	0	0	0
20967625	C	T	0	0	0
20967756	G	A	2	2	0
20967767	T	C	0	0	0
20967768	G	C	0	0	0
20967884	G	A	.	.	.
20967890	A	C	.	.	.
20967908	G	A	.	.	.
20968014	G	A	0	0	0
20968039	C	T	0	0	0
20968058	A	G	0	0	0
20968082	G	C	.	.	.
20968110	G	T	0	0	0
20968111	C	T	0	0	0
20968137	G	T	2	2	0
20968171	G	A	0	0	0
20968198	C	T	0	0	0
20968258	A	T	.	.	.
20968292	G	A	.	.	.
20968332	C	G	0	0	0
20968366	C	T	0	0	0
20968367	G	C	0	0	0
20968398	G	T	.	.	.
20968410	C	T	.	.	.
20968435	G	A	.	.	.
20968448	C	A	.	.	.
20968464	G	A	.	.	.
20968517	C	A	0	0	0
20968558	C	T	.	.	.
20968559	G	A	.	.	.
20968583	T	C	.	.	.
20968655	T	A	.	.	.
20968685	A	G	0	0	0
20968706	T	G	0	0	0
20968724	A	T	2	2	0
20968726	G	A	0	0	0
20968734	C	T	0	0	0
20968735	G	A	0	0	0
20968764	A	C	.	.	.
20968784	T	C	.	.	.
20968806	G	A	.	.	.
20968877	A	G	0	0	0
20968933	A	G	.	.	.
20968962	T	C	.	.	.
20968969	T	G	.	.	.
20968979	A	G	.	.	.
20968994	C	T	.	.	.
20969002	G	A	.	.	.
20969010	T	C	.	.	.
20969044	G	A	.	.	.
20969090	G	A	.	.	.
20969136	T	G	.	.	.
20969146	C	T	.	.	.
20969185	C	T	.	.	.
20969186	A	G	.	.	.
20969195	C	T	.	.	.
20969205	G	C	.	.	.
20969206	G	T	.	.	.
20969218	C	G	.	.	.
20969225	C	T	.	.	.
20969240	C	T	.	.	.
20969267	T	C	.	.	.
20969306	A	C	.	.	.
20969317	G	C	.	.	.
20969323	A	G	.	.	.
20969441	G	A	0	0	0
20969452	G	A	0	0	0
20969579	A	G	0	0	0
20969590	A	T	0	0	0
20969602	A	G	.	.	.
20969640	G	A	.	.	.
20969679	A	C	.	.	.
20969680	C	T	0	0	0
20969681	G	A	0	0	0
20969712	G	A	.	.	.
20969717	A	G	.	.	.
20969851	G	A	0	0	0
20969856	A	G	0	0	0
20969866	T	C	0	0	0
20969872	T	G	0	0	0
20969883	G	A	0	0	0
20969894	A	C	2	2	0
20969895	T	C	0	0	0
20969899	G	A	0	0	0
20969918	C	T	.	.	.
20969952	C	T	.	.	.
20969980	C	T	0	0	0
20969982	C	T	0	0	0
20969992	C	T	0	0	0
20969996	G	A	0	0	0
20970054	T	C	0	0	0
20970072	A	G	0	0	0
20970089	C	G	0	0	0
20970131	G	A	.	.	.
20970145	C	A	.	.	.
20970175	C	T	0	0	0
20970185	G	T	0	0	0
20970204	A	G	.	.	.
20970222	C	A	.	.	.
20970260	G	C	0	0	0
20970261	G	T	0	0	0
20970288	A	G	0	0	0
20970334	A	T	0	0	0
20970336	C	T	0	0	0
20970356	G	A	0	0	0
20970358	G	C	0	0	0
20970368	C	T	0	0	0
20970369	G	A	0	0	0
20970376	A	G	.	.	.
20970381	C	G	.	.	.
20970408	T	C	0	0	0
20970409	G	C	0	0	0
20970469	C	T	0	0	0
20970483	C	A	0	0	0
20970490	G	C	0	0	0
20970498	C	T	0	0	0
20970528	G	A	0	0	0
20970538	G	T	0	0	0
20970539	T	C	0	0	0
20970574	G	A	0	0	0
20970586	T	C	.	.	.
20970587	C	T	.	.	.
20970588	A	C	.	.	.
20970598	C	T	.	.	.
20970676	T	C	0	0	0
20970686	T	C	0	0	0
20970698	G	A	0	0	0
20970774	G	T	0	0	0
20970785	G	A	0	0	0
20970787	C	T	0	0	0
20970790	T	C	0	0	0
20970797	A	G	0	0	0
20970820	C	T	0	0	0
20970839	T	C	0	0	0
20970885	C	T	0	0	2
20970893	T	C	0	0	0
20970927	G	A	0	0	0
20970934	G	A	0	0	0
20971043	C	T	0	0	0
20971044	G	A	0	0	0
20971050	C	T	0	0	0
20971051	G	A	.	.	.
20971067	C	G	.	.	.
20971111	G	A	.	.	.
20971141	C	T	.	.	.
20971148	A	C	.	.	.
20971164	A	T	.	.	.
20971176	G	A	0	0	0
20971180	C	T	0	0	0
20971210	T	C	.	.	.
20971222	A	G	2	2	2
20971224	G	A	0	0	0
20971287	T	C	.	.	.
20971313	G	A	.	.	.
20971370	A	G	.	.	.
20971399	A	G	.	.	.
20971453	G	A	.	.	.
20971461	G	C	.	.	.
20971488	G	A	.	.	.
20971569	A	G	.	.	.
20971576	G	C	0	0	0
20971581	G	A	0	0	0
20971600	T	C	.	.	.
20971715	T	C	0	0	0
20971719	C	T	.	.	.
20971739	T	C	.	.	.
20971780	G	C	.	.	.
20971817	C	T	.	.	.
20971831	C	T	.	.	.
20971834	G	A	2	2	2
20971877	T	C	.	.	.
20971981	G	A	.	.	.
20972066	C	T	.	.	.
20972079	T	C	.	.	.
20972095	T	C	.	.	.
20972101	C	T	.	.	.
20972102	G	A	.	.	.
20972119	C	G	.	.	.
20972158	G	A	.	.	.
20972176	G	T	.	.	.
20972189	G	A	.	.	.
20972209	C	A	.	.	.
20972245	C	T	.	.	.
20972277	A	C	.	.	.
20972287	G	A	.	.	.
20972289	C	T	.	.	.
20972292	C	T	.	.	.
20972310	C	T	.	.	.
20972376	G	T	.	.	.
20972380	T	C	.	.	.
20972386	C	T	.	.	.
20972419	G	A	.	.	.
20972421	T	C	.	.	.
20972501	T	A	.	.	.
20972532	G	C	.	.	.
20972635	T	C	.	.	.
20972642	C	A	.	.	.
20972655	C	A	.	.	.
20972661	G	A	.	.	.
20972720	C	T	.	.	.
20972759	C	T	0	0	0
20972819	C	T	0	0	0
20972846	A	T	0	0	0
20972930	C	T	.	.	.
20972946	G	A	.	.	.
20972964	A	C	.	.	.
20972985	C	T	0	0	0
20973000	T	G	.	.	.
20973003	A	G	.	.	.
20973047	C	T	0	0	0
20973054	C	T	0	0	0
20973074	G	C	0	0	0
20973083	C	T	0	0	0
20973086	C	T	0	0	0
20973104	T	A	0	0	0
20973110	C	A	0	0	0
20973141	G	A	0	0	0
20973168	G	C	.	.	.
20973215	C	G	0	0	0
20973251	G	A	.	.	.
20973262	A	T	.	.	.
20973317	T	C	0	0	0
20973370	G	C	.	.	.
20973386	T	C	0	0	0
20973397	T	C	0	0	0
20973452	T	A	.	.	.
20973453	T	A	.	.	.
20973464	T	C	.	.	.
20973484	T	C	.	.	.
20973518	T	C	.	.	.
20973608	A	G	.	.	.
20973668	T	C	.	.	.
20973688	T	C	.	.	.
20973720	A	C	.	.	.
20973730	C	T	.	.	.
20973753	T	C	0	0	0
20973769	A	G	.	.	.
20973782	A	G	.	.	.
20973794	T	C	.	.	.
20973889	T	C	0	0	0
20973906	C	A	.	.	.
20973947	C	T	.	.	.
20973951	C	T	2	2	0
20973965	T	G	0	0	0
20973989	G	C	0	0	0
20974012	C	T	0	0	0
20974091	T	G	0	0	0
20974197	C	T	.	.	.
20974240	C	T	.	.	.
20974275	G	T	.	.	.
20974317	T	C	.	.	.
20974446	C	T	.	.	.
20974448	C	G	.	.	.
20974461	C	T	.	.	.
20974462	A	T	.	.	.
20974500	A	G	.	.	.
20974512	A	G	.	.	.
20974527	T	C	.	.	.
20974569	T	C	0	0	0
20974610	A	G	.	.	.
20974687	C	T	.	.	.
20974712	T	C	.	.	.
20974769	G	T	0	0	0
20974795	C	G	.	.	.
20974824	T	C	0	0	0
20974836	T	G	.	.	.
20974880	C	G	.	.	.
20974903	G	A	.	.	.
20974910	A	G	0	0	0
20974979	G	A	0	0	0
20974995	C	A	0	0	0
20975004	T	C	.	.	.
20975032	G	C	.	.	.
20975066	G	A	0	0	0
20975088	C	T	0	0	0
20975094	A	T	0	0	0
20975096	C	A	0	0	0
20975115	C	T	0	0	0
20975159	T	A	.	.	.
20975215	T	C	0	0	0
20975286	A	G	.	.	.
20975291	A	T	.	.	.
20975355	A	T	0	0	0
20975387	C	A	0	0	0
20975389	C	T	0	0	0
20975390	C	T	0	0	0
20975432	A	G	0	0	0
20975494	T	C	.	.	.
20975507	C	T	.	.	.
20975519	G	T	.	.	.
20975574	C	T	0	0	0
20975592	A	T	0	0	0
20975600	T	A	.	2	0
20975654	G	T	.	.	.
20975690	A	G	.	.	.
20975771	G	A	0	0	0
20975881	T	A	.	.	.
20975888	G	C	0	0	0
20975892	C	G	0	0	0
20975893	G	A	0	0	0
20975909	C	T	0	0	0
20975925	C	T	0	0	0
20975933	G	A	0	0	0
20975977	A	G	0	0	0
20975987	C	G	0	0	0
20976038	T	A	0	0	0
20976058	C	T	0	0	0
20976081	A	T	0	0	0
20976083	G	A	0	0	0
20976088	C	A	0	0	0
20976096	G	A	0	0	0
20976102	C	T	0	0	0
20976134	G	A	0	0	0
20976138	C	G	0	0	0
20976241	C	T	0	0	0
20976323	C	T	.	.	.
20976358	A	G	.	.	.
20976369	T	A	.	.	.
20976443	G	A	.	.	.
20976466	G	T	.	.	.
20976509	C	T	.	.	.
20976535	G	A	.	.	.
20976540	C	T	.	.	.
20976541	G	A	.	.	.
20976606	T	C	0	0	0
20976694	G	A	0	0	0
20976707	C	T	0	0	0
20976708	G	A	0	0	0
20976747	A	T	0	0	0
20976828	C	A	.	.	.
20976831	C	T	.	.	.
20976836	T	C	.	.	.
20976839	T	C	.	.	.
20976845	C	T	.	.	.
20976859	T	C	.	.	.
20976919	C	T	0	0	0
20976952	T	C	0	0	0
20977029	G	T	.	.	.
20977035	C	T	0	0	0
20977048	C	T	0	0	0
20977056	T	C	0	0	0
20977057	A	G	0	0	0
20977070	T	C	0	0	0
20977077	C	A	2	2	2
20977086	A	G	0	0	0
20977100	C	T	0	0	0
20977101	G	A	0	0	0
20977127	G	A	0	0	0
20977142	A	C	0	0	0
20977178	C	T	0	0	0
20977215	T	G	.	.	.
20977267	C	T	.	.	.
20977272	C	T	.	.	.
20977292	C	T	2	2	2
20977339	C	T	2	2	2
20977344	C	T	0	0	0
20977358	C	T	0	0	2
20977382	G	A	.	.	.
20977441	A	G	.	.	.
20977457	A	G	.	.	.
20977458	A	C	.	.	.
20977532	G	A	.	.	.
20977554	G	A	.	.	.
20977605	T	C	.	.	.
20977646	G	A	.	.	.
20977661	A	C	.	.	.
20977672	A	G	.	.	.
20977677	T	C	.	.	.
20977719	C	G	.	.	.
20977736	A	T	.	.	.
20977754	G	A	.	.	.
20977786	A	G	.	.	.
20977829	G	C	0	0	0
20977837	A	G	0	0	0
20977887	C	T	0	0	0
20977990	G	T	.	.	.
20977999	C	T	0	0	0
20978020	G	C	0	0	0
20978022	G	A	0	0	2
20978047	G	A	.	.	.
20978103	C	A	.	.	.
20978195	G	A	.	.	.
20978214	C	T	0	0	0
20978224	T	C	0	0	0
20978255	T	C	0	0	0
20978261	T	C	0	0	0
20978306	G	T	.	.	.
20978307	G	T	.	.	.
20978349	A	G	0	0	0
20978370	G	T	0	0	0
20978379	G	A	0	0	0
20978388	C	G	0	0	0
20978412	T	C	.	.	.
20978416	C	T	.	.	.
20978455	G	A	.	.	.
20978472	C	G	.	.	.
20978497	A	C	.	.	.
20978536	G	A	.	.	.
20978590	C	A	0	0	0
20978594	C	T	0	0	0
20978606	G	A	.	.	.
20978629	C	T	.	.	.
20978665	A	T	0	0	0
20978672	A	G	0	0	0
20978719	T	C	2	2	2
20978746	C	T	.	.	.
20978749	A	G	.	.	.
20978751	C	T	.	.	.
20978831	A	T	0	0	0
20978890	T	C	0	1	0
20978913	G	A	0	0	0
20978976	G	A	0	0	0
20978977	C	T	0	0	0
20979006	T	C	.	.	.
20979029	C	A	.	.	.
20979041	C	T	.	.	.
20979042	G	A	.	.	.
20979061	T	C	.	.	.
20979079	A	G	.	.	.
20979114	C	A	.	.	.
20979126	A	G	.	.	.
20979219	T	C	.	.	.
20979241	G	C	.	.	.
20979275	C	T	.	.	.
20979278	C	G	.	.	.
20979284	C	T	.	.	.
20979301	G	A	.	.	.
20979313	A	T	.	.	.
20979315	A	T	.	.	.
20979320	T	C	.	.	.
20979378	A	C	0	0	0
20979420	C	A	.	.	.
20979451	G	A	.	.	.
20979475	C	T	0	0	0
20979558	A	T	0	0	0
20979608	C	T	.	.	.
20979616	T	C	0	0	0
20979734	A	C	.	.	.
20979768	C	A	.	.	.
20979784	C	T	.	.	.
20979858	T	C	.	.	.
20979912	C	T	0	0	0
20979917	C	T	0	0	0
20979948	T	C	0	0	0
20979980	A	G	0	0	0
20979986	G	C	0	0	0
20980005	T	C	0	0	0
20980019	A	G	0	0	0
20980114	T	C	0	0	0
20980119	C	T	.	.	.
20980120	C	T	.	.	.
20980161	G	C	0	0	0
20980194	T	C	0	0	0
20980209	G	C	0	0	0
20980215	T	C	0	0	0
20980305	T	C	.	.	.
20980308	A	G	.	.	.
20980309	T	C	.	.	.
20980357	C	T	2	2	0
20980358	A	G	0	0	0
20980371	G	T	0	0	0
20980420	A	G	.	.	.
20980429	T	C	.	.	.
20980437	A	G	.	.	.
20980438	G	A	.	.	.
20980459	G	C	.	.	.
20980471	G	A	.	.	.
20980501	C	A	.	.	.
20980515	C	A	.	.	.
20980559	G	T	2	2	2
20980577	T	C	.	.	.
20980580	T	C	.	.	.
20980602	C	T	.	.	.
20980657	A	G	.	.	.
20980705	A	G	.	.	.
20980713	T	C	.	.	.
20980730	G	A	.	.	.
20980772	G	A	.	.	.
20980797	G	A	.	.	.
20980804	C	T	.	.	.
20980837	G	A	.	.	.
20980870	T	C	0	0	0
20980876	T	A	0	0	0
20980925	G	A	.	.	.
20980962	A	G	.	.	.
20980986	A	G	.	.	.
20981016	T	C	.	.	.
20981054	C	T	.	.	.
20981064	C	T	.	.	.
20981091	T	A	.	.	.
20981102	T	C	.	.	.
20981115	G	A	.	.	.
20981171	G	A	.	.	.
20981180	C	T	.	.	.
20981192	C	T	.	.	.
20981193	G	T	.	.	.
20981197	G	C	.	.	.
20981229	A	C	0	0	0
20981270	T	C	.	.	.
20981330	A	T	0	0	0
20981457	C	T	0	0	0
20981476	T	C	0	0	0
20981566	C	T	0	0	0
20981573	C	T	0	0	0
20981615	T	C	0	0	0
20981620	C	A	0	0	0
20981675	T	C	0	0	0
20981697	G	A	0	0	0
20981725	T	C	0	0	0
20981739	G	T	.	.	.
20981768	C	A	.	.	.
20982018	T	C	0	0	0
20982128	G	C	.	.	.
20982174	C	A	.	.	.
20982191	G	A	0	0	0
20982228	T	C	0	0	0
20982234	C	A	0	0	0
20982253	C	T	0	0	0
20982311	G	A	.	.	.
20982327	C	T	0	0	0
20982379	A	G	.	.	.
20982384	G	A	.	.	.
20982392	G	A	.	.	.
20982432	C	A	.	.	.
20982443	T	C	.	.	.
20982495	G	A	0	0	0
20982498	C	G	0	0	0
20982499	A	G	0	0	0
20982506	A	T	0	0	0
20982575	G	A	.	.	.
20982576	G	C	.	.	.
20982699	C	G	.	.	.
20982741	A	G	.	.	.
20982804	A	G	.	.	.
20982832	A	G	0	0	0
20982838	T	C	0	0	0
20982876	C	T	2	2	2
20982898	A	C	0	0	0
20982905	C	T	0	0	0
20982981	C	T	0	0	0
20982991	A	G	0	0	0
20982995	T	C	0	0	0
20983081	C	G	0	0	0
20983083	T	G	0	0	0
20983117	T	C	0	0	0
20983132	C	A	0	0	0
20983174	A	G	0	0	0
20983228	A	G	2	2	0
20983302	T	C	2	2	0
20983308	T	A	1	0	0
20983309	C	G	0	0	2
20983311	A	C	2	2	0
20983394	G	A	0	0	0
20983489	G	A	0	0	0
20983576	G	A	0	0	0
20983592	T	C	2	2	2
20983616	G	T	0	0	2
20983625	C	T	0	0	0
20983632	G	A	0	0	0
20983644	G	A	0	0	0
20983693	C	G	0	0	0
20983753	T	C	0	0	0
20983764	T	C	0	0	0
20983780	T	C	0	0	0
20983785	C	G	0	0	0
20983794	G	C	2	2	0
20983830	T	G	0	0	0
20983841	G	A	0	0	0
20983864	C	G	0	0	0
20983870	C	A	0	0	0
20983890	A	T	0	0	0
20983950	G	A	0	0	0
20983991	A	C	0	0	0
20984015	C	T	0	0	0
20984033	A	T	2	2	2
20984050	C	T	0	0	0
20984075	A	T	0	0	0
20984099	G	A	0	0	0
20984111	G	A	0	0	0
20984138	G	A	0	0	0
20984157	A	G	0	0	0
20984185	T	A	0	0	0
20984211	T	C	0	0	0
20984235	G	C	0	0	0
20984248	T	C	0	0	0
20984298	G	C	0	0	0
20984338	T	C	.	.	.
20984383	C	G	.	.	.
20984391	C	T	.	.	.
20984497	T	C	.	.	.
20984514	G	A	.	.	.
20984519	A	C	.	.	.
20984567	T	A	.	.	.
20984571	C	G	.	.	.
20984587	T	G	.	.	.
20984591	A	G	.	.	.
20984594	C	A	.	.	.
20984599	G	A	.	.	.
20984643	C	T	.	.	.
20984669	A	G	0	0	0
20984692	G	A	.	.	.
20984710	A	T	.	.	.
20984725	A	C	0	0	0
20984772	T	A	0	0	1
20984773	C	G	0	0	1
20984774	C	T	0	0	1
20984800	C	G	0	0	0
20984808	T	C	0	0	0
20984817	G	A	0	0	0
20984818	A	G	0	0	0
20984826	A	T	0	0	0
20984832	C	T	0	0	0
20984873	A	G	0	0	1
20984876	A	G	0	0	1
20984878	C	T	2	2	0
20984897	A	G	0	0	0
20984944	A	C	.	.	.
20984975	C	T	0	0	0
20984976	G	A	0	0	0
20984996	G	A	0	0	0
20985000	C	A	0	0	2
20985012	C	T	0	0	2
20985033	A	C	0	0	0
20985083	C	T	0	0	0
20985101	G	C	0	0	0
20985207	C	T	.	.	.
20985228	A	C	.	.	.
20985240	G	A	.	.	.
20985250	A	G	0	0	0
20985283	C	T	0	0	0
20985322	C	T	0	0	0
20985341	G	A	0	0	0
20985374	A	G	0	0	0
20985376	C	T	0	0	0
20985383	C	T	0	0	0
20985402	T	C	0	0	0
20985406	G	A	0	0	0
20985426	C	T	0	0	0
20985436	G	A	0	0	0
20985454	C	T	0	0	0
20985478	G	A	0	0	0
20985488	A	G	0	0	2
20985510	T	C	0	0	0
20985638	G	A	0	0	0
20985663	C	T	0	0	0
20985687	C	T	0	0	0
20985695	C	T	0	0	0
20985696	G	A	0	0	0
20985707	C	T	0	0	0
20985710	G	A	0	0	0
20985751	T	C	0	0	0
20985770	G	A	0	0	0
20985772	G	C	0	0	0
20985776	C	T	0	0	0
20985777	G	A	0	0	0
20985783	A	G	2	2	2
20985797	C	T	.	.	.
20985828	C	T	.	.	.
20985887	G	A	.	.	.
20985895	G	A	.	.	.
20985896	G	A	.	.	.
20985917	G	A	0	0	0
20985928	T	C	0	0	0
20985942	G	A	.	.	.
20986010	A	G	0	0	0
20986034	G	A	0	0	0
20986071	G	A	0	0	2
20986076	G	A	0	0	0
20986101	G	C	0	0	0
20986108	G	A	0	0	0
20986128	C	T	0	0	0
20986134	G	A	0	0	0
20986150	G	T	0	0	0
20986178	C	T	0	0	0
20986191	A	T	.	.	.
20986205	G	A	.	.	.
20986210	A	G	.	.	.
20986213	G	A	.	.	.
20986233	C	T	0	0	0
20986238	G	C	0	0	0
20986255	G	C	.	.	.
20986267	C	T	.	.	.
20986268	G	A	.	.	.
20986282	G	A	.	.	.
20986292	T	A	0	0	0
20986295	G	A	0	0	0
20986299	C	T	0	0	0
20986300	G	A	0	0	2
20986377	G	A	0	0	0
20986383	C	T	1	2	0
20986384	G	A	0	0	0
20986388	G	T	0	0	0
20986394	C	T	0	0	0
20986398	G	A	0	0	0
20986448	G	C	0	0	2
20986472	C	T	.	.	.
20986490	A	G	.	.	.
20986499	C	A	0	0	0
20986547	C	T	0	0	0
20986588	G	A	0	0	0
20986657	G	A	0	0	0
20986739	G	A	0	0	0
20986744	G	A	0	0	0
20986774	G	A	0	0	0
20986787	G	A	0	0	0
20986807	A	C	0	0	0
20986812	G	C	0	0	0
20986826	C	T	0	0	0
20986880	C	G	.	.	.
20986931	T	C	0	0	0
20986934	C	G	0	0	2
20986962	C	T	0	0	0
20986964	T	G	0	0	0
20986971	G	A	0	0	0
20986982	C	T	0	0	0
20986987	G	A	0	0	0
20987035	A	G	0	0	0
20987050	C	T	0	0	0
20987051	G	A	0	0	0
20987123	C	G	0	0	0
20987221	A	G	0	0	0
20987281	T	C	0	0	0
20987341	G	C	0	0	0
20987464	C	T	.	.	.
20987465	G	A	.	.	.
20987526	C	T	0	0	0
20987536	G	A	0	0	0
20987554	T	C	0	0	0
20987602	C	T	0	0	0
20987614	G	A	0	0	0
20987632	A	G	0	0	0
20987683	C	A	.	.	.
20987690	C	T	.	.	.
20987722	T	G	0	0	0
20987746	T	A	0	0	0
20987753	T	C	0	0	0
20987754	T	G	0	0	0
20987773	T	C	0	0	0
20987810	G	A	0	0	0
20987817	G	T	0	0	0
20987857	A	T	0	0	0
20987878	C	G	0	0	0
20988045	C	T	.	.	.
20988061	G	A	.	.	.
20988076	C	T	.	.	.
20988082	G	A	.	.	.
20988173	G	A	.	.	.
20988182	C	T	.	.	.
20988187	A	G	.	.	.
20988198	C	T	.	.	.
20988214	T	A	.	.	.
20988225	T	C	.	.	.
20988230	G	A	.	.	.
20988231	T	C	.	.	.
20988232	G	A	.	.	.
20988233	G	A	.	.	.
20988242	C	T	.	.	.
20988250	C	T	.	.	.
20988260	C	G	.	.	.
20988288	A	T	.	.	.
20988290	C	G	.	.	.
20988325	A	G	.	.	.
20988372	T	G	0	0	0
20988390	C	T	2	2	2
20988434	A	G	0	0	0
20988451	G	A	.	.	.
20988494	G	T	0	0	0
20988509	T	C	.	.	.
20988519	G	A	.	.	.
20988524	A	G	.	.	.
20988548	G	A	0	0	0
20988627	C	A	0	0	0
20988635	C	A	0	0	0
20988640	A	C	0	0	0
20988670	G	A	0	0	0
20988749	T	C	0	0	0
20988751	C	A	0	0	0
20988769	C	T	0	0	2
20988796	C	A	.	.	.
20988807	C	T	.	.	.
20988890	G	C	0	0	0
20988894	G	A	0	0	0
20988923	C	A	0	0	0
20989011	G	A	0	0	0
20989074	G	C	0	0	0
20989142	C	T	0	0	0
20989252	C	A	0	0	0
20989271	C	G	.	.	.
20989282	C	T	.	.	.
20989304	C	A	.	.	.
20989306	T	G	0	0	0
20989308	T	C	0	0	0
20989346	G	A	0	0	0
20989360	G	A	0	0	0
20989382	G	A	2	2	0
20989395	A	G	0	0	0
20989409	C	T	0	0	0
20989471	C	G	0	0	0
20989499	G	C	0	0	0
20989522	C	T	0	0	0
20989542	C	T	2	2	0
20989569	T	C	0	0	0
20989602	G	A	0	0	0
20989666	C	T	0	0	0
20989748	C	T	0	0	0
20989749	A	G	2	2	2
20989750	G	A	0	0	0
20989835	G	A	0	0	0
20989898	G	A	0	0	0
20989908	G	T	0	0	0
20989918	C	T	0	0	0
20989963	C	T	0	0	0
20989970	G	A	0	0	0
20989988	G	C	0	0	0
20989993	G	A	0	0	0
20990020	G	C	0	0	0
20990047	A	G	.	.	.
20990057	T	C	.	.	.
20990076	T	C	0	0	0
20990110	G	A	0	0	0
20990135	C	T	0	0	0
20990169	G	C	0	0	0
20990182	C	T	0	0	0
20990190	A	G	0	0	0
20990204	A	C	0	0	0
20990256	C	T	.	.	.
20990262	G	A	.	.	.
20990276	C	T	.	.	.
20990286	C	A	.	.	.
20990287	C	G	.	.	.
20990289	A	G	0	0	0
20990293	G	A	0	0	0
20990308	A	G	0	0	0
20990393	C	T	0	0	0
20990519	G	A	2	2	2
20990534	A	G	0	0	0
20990570	G	A	1	1	0
20990572	C	G	0	0	0
20990573	G	C	0	0	0
20990622	G	A	0	0	0
20990662	C	T	0	0	0
20990753	G	A	0	0	0
20990771	G	A	0	0	0
20990778	G	A	0	0	0
20990849	G	A	0	0	0
20990854	C	T	0	0	0
20990855	G	A	0	0	0
20990862	C	T	0	0	0
20990878	G	A	0	0	0
20990893	T	C	0	0	0
20990917	T	C	0	0	0
20990941	A	C	0	0	0
20991001	G	A	0	0	0
20991048	G	A	0	0	0
20991062	T	C	0	0	2
20991064	T	C	0	0	0
20991089	C	T	0	0	0
20991129	A	C	0	0	0
20991176	G	A	0	0	0
20991183	G	A	0	0	2
20991232	G	A	0	0	0
20991235	T	C	0	0	2
20991251	G	A	0	0	0
20991255	C	T	0	0	0
20991257	G	A	0	0	0
20991295	T	C	0	0	0
20991304	A	G	0	0	0
20991335	T	G	0	0	0
20991337	A	G	0	0	0
20991415	G	A	0	0	0
20991423	C	T	0	0	0
20991424	C	T	0	0	0
20991484	G	A	0	0	0
20991506	C	T	0	0	0
20991539	G	A	0	0	0
20991578	A	G	2	2	2
20991637	G	A	0	0	0
20991650	G	A	0	0	0
20991708	C	G	0	0	0
20991747	T	C	.	.	.
20991749	T	C	0	0	0
20991768	T	C	0	0	0
20991771	A	G	.	.	.
20991775	T	C	.	.	.
20991784	C	T	.	.	.
20991830	G	A	0	0	0
20991843	G	A	0	0	0
20991906	C	T	.	.	.
20991962	T	C	.	.	.
20991985	A	G	.	.	.
20992013	A	G	0	0	0
20992050	T	A	0	0	0
20992093	C	T	0	0	0
20992106	G	A	.	.	.
20992145	G	T	.	.	.
20992192	A	T	.	.	.
20992204	C	T	.	.	.
20992300	C	T	0	0	0
20992324	C	A	0	0	0
20992328	A	T	0	0	0
20992348	T	C	0	0	0
20992399	C	G	0	0	0
20992415	C	T	0	0	0
20992425	A	G	0	0	0
20992471	C	A	0	0	0
20992487	C	T	0	0	0
20992501	T	C	0	0	0
20992513	T	C	0	0	0
20992533	T	C	0	0	0
20992562	A	G	0	0	0
20992563	C	A	0	0	0
20992693	A	G	0	0	0
20992707	G	A	0	0	0
20992796	A	G	0	0	0
20992859	C	A	0	0	0
20992900	A	G	0	0	0
20992918	G	A	0	0	0
20992947	T	C	0	0	0
20993176	C	T	0	0	0
20993197	T	C	0	0	0
20993208	T	C	0	0	0
20993210	A	C	0	0	0
20993221	G	A	0	0	0
20993254	A	T	0	0	0
20993257	T	A	0	0	0
20993308	G	T	0	0	0
20993327	T	C	0	0	0
20993328	A	G	2	2	2
20993352	T	C	0	0	0
20993467	G	A	0	0	0
20993477	T	G	2	2	2
20993519	G	A	0	0	2
20993540	T	C	0	0	0
20993550	T	C	0	0	0
20993561	C	A	0	0	0
20993568	A	G	0	0	0
20993579	A	G	.	.	.
20993605	T	A	.	.	.
20993607	T	C	.	.	.
20993622	G	A	.	.	.
20993633	G	A	.	.	.
20993660	C	T	.	.	.
20993688	C	T	.	.	.
20993698	C	T	.	.	.
20993723	C	T	.	.	.
20993725	G	A	.	.	.
20993728	T	C	.	.	.
20993766	C	G	.	.	.
20993767	T	C	.	.	.
20993797	G	A	0	0	0
20993799	C	G	0	0	0
20993830	C	T	0	0	0
20993880	G	A	0	0	0
20993892	C	T	0	0	0
20993896	C	A	0	0	0
20993910	A	C	0	0	0
20993919	A	G	0	0	0
20993961	G	T	0	0	0
20993982	C	T	0	0	0
20993990	G	T	2	1	0
20993995	T	C	0	0	0
20994005	C	T	0	0	0
20994042	C	A	0	0	0
20994073	G	T	.	.	.
20994080	T	C	.	.	.
20994111	G	C	.	.	.
20994172	G	T	0	0	0
20994173	T	C	0	0	0
20994178	G	A	0	0	0
20994184	T	C	0	0	0
20994186	C	T	0	0	2
20994200	G	A	0	0	0
20994215	T	C	0	0	0
20994220	A	G	0	0	0
20994235	G	A	.	.	.
20994249	A	G	.	.	.
20994268	T	C	.	.	.
20994274	A	G	.	.	.
20994290	A	C	0	0	0
20994297	G	A	0	0	0
20994344	G	C	.	.	.
20994345	G	A	.	.	.
20994351	A	G	.	.	.
20994362	T	G	.	.	.
20994448	G	A	.	.	.
20994459	G	A	.	.	.
20994471	G	A	.	.	.
20994530	A	C	0	0	0
20994542	A	G	.	.	.
20994547	T	C	.	.	.
20994570	C	T	.	.	.
20994623	T	C	.	.	.
20994644	C	T	2	2	2
20994648	T	C	2	2	2
20994649	C	A	0	2	2
20994650	A	G	0	2	2
20994651	A	G	2	2	2
20994654	G	T	2	2	2
20994659	A	T	2	2	2
20994668	C	T	0	0	0
20994723	A	G	.	.	.
20994744	A	T	0	0	0
20994749	G	A	.	.	.
20994756	G	A	.	.	.
20994771	C	T	.	.	.
20994788	A	G	.	.	.
20994849	G	A	.	.	.
20994864	C	A	.	.	.
20994867	G	C	.	.	.
20994885	C	A	0	0	0
20994939	T	C	.	.	.
20994940	A	G	.	.	.
20994952	T	C	.	.	.
20994957	T	C	.	.	.
20994965	G	C	.	.	.
20994983	G	C	.	.	.
20994990	G	A	.	.	.
20994997	T	C	.	.	.
20995035	G	A	.	.	.
20995047	A	T	.	.	.
20995088	G	A	.	.	.
20995098	C	A	.	.	.
20995115	C	G	.	.	.
20995156	A	G	.	.	.
20995236	G	A	.	.	.
20995279	T	A	.	.	.
20995368	T	C	0	0	0
20995392	G	A	0	0	0
20995400	A	G	0	0	0
20995454	C	T	0	0	0
20995466	C	T	0	0	0
20995469	C	A	0	0	0
20995475	A	C	.	.	.
20995480	G	C	.	.	.
20995533	G	C	.	.	.
20995565	A	T	0	0	0
20995607	G	C	2	2	0
20995610	T	C	0	0	0
20995632	G	A	0	0	0
20995635	T	C	0	0	0
20995670	G	A	0	0	0
20995680	T	C	0	0	0
20995820	G	T	0	0	0
20995993	A	T	0	0	0
20996016	C	T	0	0	0
20996026	T	C	0	0	0
20996068	C	A	0	0	0
20996096	C	T	0	0	0
20996148	G	C	0	0	0
20996204	T	C	0	0	0
20996221	G	A	0	0	0
20996239	A	G	0	0	0
20996273	C	T	0	0	0
20996303	C	T	.	.	.
20996324	T	C	1	0	0
20996404	T	A	.	.	.
20996444	T	C	0	0	0
20996490	G	A	0	0	0
20996595	C	T	0	0	2
20996691	C	T	0	0	0
20996707	G	A	0	0	0
20996724	A	C	0	0	0
20996725	A	G	0	0	0
20996754	A	G	0	0	0
20996756	G	A	0	0	0
20996775	A	G	0	0	0
20996799	G	A	0	0	0
20996884	C	T	0	0	0
20996885	G	A	0	0	0
20996901	G	A	.	.	.
20996952	G	T	.	.	.
20997000	G	T	.	.	.
20997005	G	C	.	.	.
20997060	G	T	0	0	0
20997114	C	A	0	0	0
20997153	T	C	0	0	0
20997160	T	C	0	0	0
20997232	A	G	0	0	0
20997252	G	A	0	0	0
20997268	T	C	0	0	0
20997270	T	C	0	0	0
20997306	C	T	0	0	0
20997321	C	A	0	0	0
20997322	C	T	0	0	0
20997324	G	A	0	0	0
20997333	C	A	0	0	0
20997342	C	T	0	0	0
20997473	A	T	.	.	.
20997483	C	T	2	2	2
20997620	G	A	.	.	.
20997645	A	G	.	.	.
20997653	T	C	.	.	.
20997656	C	T	.	.	.
20997659	G	A	.	.	.
20997664	C	T	.	.	.
20997718	C	T	.	.	.
20997753	G	A	.	.	.
20997789	G	A	.	.	.
20997811	G	A	.	.	.
20997813	T	A	.	.	.
20997828	T	C	.	.	.
20997834	T	C	.	.	.
20997846	G	T	.	.	.
20997879	C	A	.	.	.
20997885	C	A	.	.	.
20997889	C	T	.	.	.
20997893	C	T	.	.	.
20997996	T	C	.	.	.
20998096	C	T	.	.	.
20998128	G	A	0	0	0
20998129	G	T	0	0	0
20998184	G	C	0	0	0
20998186	G	A	0	0	0
20998203	G	A	0	0	0
20998206	G	A	0	0	0
20998280	G	C	.	.	.
20998420	G	C	0	0	0
20998445	T	A	.	.	.
20998447	G	A	.	.	.
20998451	T	G	.	.	.
20998461	G	T	.	.	.
20998485	A	G	.	.	.
20998521	C	T	.	.	.
20998522	G	A	.	.	.
20998535	G	A	.	.	.
20998583	A	G	.	.	.
20998584	G	A	.	.	.
20998651	G	T	.	.	.
20998652	C	A	.	.	.
20998672	T	C	0	0	0
20998687	G	A	0	0	0
20998726	T	G	0	0	0
20998797	G	C	0	0	0
20998864	G	A	.	.	.
20998885	T	A	.	.	.
20998965	G	A	.	.	.
20998968	G	A	.	.	.
20999004	T	G	.	.	.
20999009	C	T	.	.	.
20999021	C	T	.	.	.
20999031	C	T	.	.	.
20999032	G	C	.	.	.
20999056	G	A	.	.	.
20999065	C	G	.	.	.
20999141	C	T	0	0	0
20999178	A	G	0	0	0
20999190	A	G	0	0	0
20999208	T	C	0	0	0
20999214	G	C	0	0	0
20999233	G	C	0	0	0
20999263	G	A	0	0	0
20999371	G	A	0	0	0
20999379	T	C	0	0	0
20999422	G	T	0	0	0
20999493	G	A	0	0	0
20999534	G	A	0	0	0
20999535	G	C	0	0	0
20999619	A	G	0	0	0
20999626	T	C	0	0	0
20999680	T	C	0	0	0
20999723	C	T	0	0	0
20999769	G	A	0	0	0
20999855	A	G	0	0	0
20999923	G	A	0	0	0
20999980	G	A	0	0	0
